FID,id,The_geom,stop_id,nome_parad,lat,long,fonte,ano_ref,epsg_codif
vw_PontosdeOnibus.fid-5b41923a_19c3ec54e70_303,1,POINT (-38.590602 -3.702286),10,"AVENIDA CEL CARVALHO, 1135",-3.702286,-38.590602,ETUFOR,2022,EPSG: 31984 (SIRGAS 2000 - UTM 24S); Codificação: UTF-8
vw_PontosdeOnibus.fid-5b41923a_19c3ec54e70_304,2,POINT (-38.528991 -3.722157),1000,"RUA DOR JOAO MOREIRA, 489",-3.722157,-38.528991,ETUFOR,2022,EPSG: 31984 (SIRGAS 2000 - UTM 24S); Codificação: UTF-8
vw_PontosdeOnibus.fid-5b41923a_19c3ec54e70_305,3,POINT (-38.526007 -3.723169),1001,"RUA DOR JOAO MOREIRA, 163",-3.723169,-38.526007,ETUFOR,2022,EPSG: 31984 (SIRGAS 2000 - UTM 24S); Codificação: UTF-8
vw_PontosdeOnibus.fid-5b41923a_19c3ec54e70_306,4,POINT (-38.532847 -3.725926),1009,"AVENIDA TRISTÃO GONÇALVES, 500",-3.725926,-38.532847,ETUFOR,2022,EPSG: 31984 (SIRGAS 2000 - UTM 24S); Codificação: UTF-8
vw_PontosdeOnibus.fid-5b41923a_19c3ec54e70_307,5,POINT (-38.534206 -3.726137),1010,"AVENIDA IMPERADOR, 550",-3.726137,-38.534206,ETUFOR,2022,EPSG: 31984 (SIRGAS 2000 - UTM 24S); Codificação: UTF-8
vw_PontosdeOnibus.fid-5b41923a_19c3ec54e70_308,6,POINT (-38.533477 -3.72369),1013,"AVENIDA IMPERADOR, 262",-3.72369,-38.533477,ETUFOR,2022,EPSG: 31984 (SIRGAS 2000 - UTM 24S); Codificação: UTF-8
vw_PontosdeOnibus.fid-5b41923a_19c3ec54e70_309,7,POINT (-38.534034 -3.723879),1014,"RUA SAO PAULO, 955",-3.723879,-38.534034,ETUFOR,2022,EPSG: 31984 (SIRGAS 2000 - UTM 24S); Codificação: UTF-8
vw_PontosdeOnibus.fid-5b41923a_19c3ec54e70_30a,8,POINT (-38.535467 -3.724543),1015,"RUA GUILHERME ROCHA, 1048",-3.724543,-38.535467,ETUFOR,2022,EPSG: 31984 (SIRGAS 2000 - UTM 24S); Codificação: UTF-8
vw_PontosdeOnibus.fid-5b41923a_19c3ec54e70_30b,9,POINT (-38.530776 -3.72682),1016,"RUA GAL SAMPAIO, 951",-3.72682,-38.530776,ETUFOR,2022,EPSG: 31984 (SIRGAS 2000 - UTM 24S); Codificação: UTF-8
vw_PontosdeOnibus.fid-5b41923a_19c3ec54e70_30c,10,POINT (-38.600778 -3.71436),102,"RUA BETA, 202",-3.71436,-38.600778,ETUFOR,2022,EPSG: 31984 (SIRGAS 2000 - UTM 24S); Codificação: UTF-8
vw_PontosdeOnibus.fid-5b41923a_19c3ec54e70_30d,11,POINT (-38.529181 -3.723266),1025,"RUA CASTRO E SILVA, 409",-3.723266,-38.529181,ETUFOR,2022,EPSG: 31984 (SIRGAS 2000 - UTM 24S); Codificação: UTF-8
vw_PontosdeOnibus.fid-5b41923a_19c3ec54e70_30e,12,POINT (-38.532204 -3.723792),1029,"AVENIDA TRISTAO GONCALVES, 211",-3.723792,-38.532204,ETUFOR,2022,EPSG: 31984 (SIRGAS 2000 - UTM 24S); Codificação: UTF-8
vw_PontosdeOnibus.fid-5b41923a_19c3ec54e70_30f,13,POINT (-38.597229 -3.709547),103,"RUA DOR QUIXADA FELICIO, 441",-3.709547,-38.597229,ETUFOR,2022,EPSG: 31984 (SIRGAS 2000 - UTM 24S); Codificação: UTF-8
vw_PontosdeOnibus.fid-5b41923a_19c3ec54e70_310,14,POINT (-38.527042 -3.723972),1030,"RUA CASTRO E SILVA, 181",-3.723972,-38.527042,ETUFOR,2022,EPSG: 31984 (SIRGAS 2000 - UTM 24S); Codificação: UTF-8
vw_PontosdeOnibus.fid-5b41923a_19c3ec54e70_311,15,POINT (-38.525696 -3.724408),1032,"RUA CASTRO E SILVA, 38",-3.724408,-38.525696,ETUFOR,2022,EPSG: 31984 (SIRGAS 2000 - UTM 24S); Codificação: UTF-8
vw_PontosdeOnibus.fid-5b41923a_19c3ec54e70_312,17,POINT (-38.622155 -3.781905),1038,"RUA MIRTES CORDEIRO, 3720",-3.781905,-38.622155,ETUFOR,2022,EPSG: 31984 (SIRGAS 2000 - UTM 24S); Codificação: UTF-8
vw_PontosdeOnibus.fid-5b41923a_19c3ec54e70_313,18,POINT (-38.620167 -3.77688),1043,"AVENIDA H CJ CEARA, 3437",-3.77688,-38.620167,ETUFOR,2022,EPSG: 31984 (SIRGAS 2000 - UTM 24S); Codificação: UTF-8
vw_PontosdeOnibus.fid-5b41923a_19c3ec54e70_314,19,POINT (-38.620458 -3.776907),1044,"AVENIDA H CJ CEARA, 3439",-3.776907,-38.620458,ETUFOR,2022,EPSG: 31984 (SIRGAS 2000 - UTM 24S); Codificação: UTF-8
vw_PontosdeOnibus.fid-5b41923a_19c3ec54e70_315,20,POINT (-38.621114 -3.776393),1045,"AVENIDA J CJ CEARA, 291",-3.776393,-38.621114,ETUFOR,2022,EPSG: 31984 (SIRGAS 2000 - UTM 24S); Codificação: UTF-8
vw_PontosdeOnibus.fid-5b41923a_19c3ec54e70_316,21,POINT (-38.621323 -3.776785),1046,"AVENIDA J CJ CEARA, 1015",-3.776785,-38.621323,ETUFOR,2022,EPSG: 31984 (SIRGAS 2000 - UTM 24S); Codificação: UTF-8
vw_PontosdeOnibus.fid-5b41923a_19c3ec54e70_317,22,POINT (-38.62069 -3.775592),1047,"AVENIDA J CJ CEARA, 1015",-3.775592,-38.62069,ETUFOR,2022,EPSG: 31984 (SIRGAS 2000 - UTM 24S); Codificação: UTF-8
vw_PontosdeOnibus.fid-5b41923a_19c3ec54e70_318,23,POINT (-38.619656 -3.773589),1048,"AVENIDA J CJ CEARA, 2898",-3.773589,-38.619656,ETUFOR,2022,EPSG: 31984 (SIRGAS 2000 - UTM 24S); Codificação: UTF-8
vw_PontosdeOnibus.fid-5b41923a_19c3ec54e70_319,24,POINT (-38.6181 -3.776681),1049,"AVENIDA H CJ CEARA, 2285",-3.776681,-38.6181,ETUFOR,2022,EPSG: 31984 (SIRGAS 2000 - UTM 24S); Codificação: UTF-8
vw_PontosdeOnibus.fid-5b41923a_19c3ec54e70_31a,25,POINT (-38.618163 -3.776688),1050,"AVENIDA H CJ CEARA, 2280 B",-3.776688,-38.618163,ETUFOR,2022,EPSG: 31984 (SIRGAS 2000 - UTM 24S); Codificação: UTF-8
vw_PontosdeOnibus.fid-5b41923a_19c3ec54e70_31b,26,POINT (-38.616184 -3.776489),1052,"AVENIDA H CJ CEARA, 1991 A",-3.776489,-38.616184,ETUFOR,2022,EPSG: 31984 (SIRGAS 2000 - UTM 24S); Codificação: UTF-8
vw_PontosdeOnibus.fid-5b41923a_19c3ec54e70_31c,27,POINT (-38.616026 -3.776471),1053,"AVENIDA H CJ CEARA, 1992",-3.776471,-38.616026,ETUFOR,2022,EPSG: 31984 (SIRGAS 2000 - UTM 24S); Codificação: UTF-8
vw_PontosdeOnibus.fid-5b41923a_19c3ec54e70_31d,28,POINT (-38.616402 -3.776336),1054,"AVENIDA C CJ CEARA, 2104",-3.776336,-38.616402,ETUFOR,2022,EPSG: 31984 (SIRGAS 2000 - UTM 24S); Codificação: UTF-8
vw_PontosdeOnibus.fid-5b41923a_19c3ec54e70_31e,29,POINT (-38.615799 -3.774291),1055,"AVENIDA C CJ CEARA, 1799",-3.774291,-38.615799,ETUFOR,2022,EPSG: 31984 (SIRGAS 2000 - UTM 24S); Codificação: UTF-8
vw_PontosdeOnibus.fid-5b41923a_19c3ec54e70_31f,30,POINT (-38.615762 -3.774166),1056,"AVENIDA C CJ CEARA, 1799",-3.774166,-38.615762,ETUFOR,2022,EPSG: 31984 (SIRGAS 2000 - UTM 24S); Codificação: UTF-8
vw_PontosdeOnibus.fid-5b41923a_19c3ec54e70_320,31,POINT (-38.614678 -3.776331),1057,"AVENIDA H CJ CEARA, 1802",-3.776331,-38.614678,ETUFOR,2022,EPSG: 31984 (SIRGAS 2000 - UTM 24S); Codificação: UTF-8
vw_PontosdeOnibus.fid-5b41923a_19c3ec54e70_321,32,POINT (-38.614124 -3.776277),1058,"AVENIDA SOUSA CARVALHO, 3619",-3.776277,-38.614124,ETUFOR,2022,EPSG: 31984 (SIRGAS 2000 - UTM 24S); Codificação: UTF-8
vw_PontosdeOnibus.fid-5b41923a_19c3ec54e70_322,33,POINT (-38.599268 -3.711873),106,"RUA BENU MARCONDES, 600",-3.711873,-38.599268,ETUFOR,2022,EPSG: 31984 (SIRGAS 2000 - UTM 24S); Codificação: UTF-8
vw_PontosdeOnibus.fid-5b41923a_19c3ec54e70_323,34,POINT (-38.612759 -3.776121),1060,"AVENIDA H CJ CEARA, 1610",-3.776121,-38.612759,ETUFOR,2022,EPSG: 31984 (SIRGAS 2000 - UTM 24S); Codificação: UTF-8
vw_PontosdeOnibus.fid-5b41923a_19c3ec54e70_324,35,POINT (-38.611454 -3.775972),1061,"AVENIDA H CJ CEARA, 1476 A",-3.775972,-38.611454,ETUFOR,2022,EPSG: 31984 (SIRGAS 2000 - UTM 24S); Codificação: UTF-8
vw_PontosdeOnibus.fid-5b41923a_19c3ec54e70_325,36,POINT (-38.611989 -3.77774),1063,"RUA BARRA VERMELHA, 2362 A",-3.77774,-38.611989,ETUFOR,2022,EPSG: 31984 (SIRGAS 2000 - UTM 24S); Codificação: UTF-8
vw_PontosdeOnibus.fid-5b41923a_19c3ec54e70_326,37,POINT (-38.528994 -3.845492),1069,"RUA IRACEMA, 930",-3.845492,-38.528994,ETUFOR,2022,EPSG: 31984 (SIRGAS 2000 - UTM 24S); Codificação: UTF-8
vw_PontosdeOnibus.fid-5b41923a_19c3ec54e70_327,38,POINT (-38.597806 -3.712199),107,"RUA BENU MARCONDES, 421",-3.712199,-38.597806,ETUFOR,2022,EPSG: 31984 (SIRGAS 2000 - UTM 24S); Codificação: UTF-8
vw_PontosdeOnibus.fid-5b41923a_19c3ec54e70_328,39,POINT (-38.528904 -3.845384),1070,"RUA ANGELA DINIZ, 930",-3.845384,-38.528904,ETUFOR,2022,EPSG: 31984 (SIRGAS 2000 - UTM 24S); Codificação: UTF-8
vw_PontosdeOnibus.fid-5b41923a_19c3ec54e70_329,40,POINT (-38.526421 -3.848576),1071,"RUA SILVINHA TELES D-69, 520",-3.848576,-38.526421,ETUFOR,2022,EPSG: 31984 (SIRGAS 2000 - UTM 24S); Codificação: UTF-8
vw_PontosdeOnibus.fid-5b41923a_19c3ec54e70_32a,41,POINT (-38.472513 -3.788761),1077,"AVENIDA EDILSON B SOARES, 1471",-3.788761,-38.472513,ETUFOR,2022,EPSG: 31984 (SIRGAS 2000 - UTM 24S); Codificação: UTF-8
vw_PontosdeOnibus.fid-5b41923a_19c3ec54e70_32b,42,POINT (-38.48055 -3.789997),1079,"AVENIDA WASHINGTON SOARES, 3840",-3.789997,-38.48055,ETUFOR,2022,EPSG: 31984 (SIRGAS 2000 - UTM 24S); Codificação: UTF-8
vw_PontosdeOnibus.fid-5b41923a_19c3ec54e70_32c,43,POINT (-38.480602 -3.787602),1080,"AVENIDA WASHINGTON SOARES, 3340",-3.787602,-38.480602,ETUFOR,2022,EPSG: 31984 (SIRGAS 2000 - UTM 24S); Codificação: UTF-8
vw_PontosdeOnibus.fid-5b41923a_19c3ec54e70_32d,44,POINT (-38.480994 -3.785908),1082,"AVENIDA WASHINGTON SOARES, SN",-3.785908,-38.480994,ETUFOR,2022,EPSG: 31984 (SIRGAS 2000 - UTM 24S); Codificação: UTF-8
vw_PontosdeOnibus.fid-5b41923a_19c3ec54e70_32e,45,POINT (-38.481153 -3.7826),1083,"AVENIDA WASHINGTON SOARES, SN",-3.7826,-38.481153,ETUFOR,2022,EPSG: 31984 (SIRGAS 2000 - UTM 24S); Codificação: UTF-8
vw_PontosdeOnibus.fid-5b41923a_19c3ec54e70_32f,46,POINT (-38.481016 -3.782528),1084,"AVENIDA WASHINGTON SOARES, SN",-3.782528,-38.481016,ETUFOR,2022,EPSG: 31984 (SIRGAS 2000 - UTM 24S); Codificação: UTF-8
vw_PontosdeOnibus.fid-5b41923a_19c3ec54e70_330,47,POINT (-38.616675 -3.798755),1085,"RUA ESTRADA DA URUCUTUBA, 2181",-3.798755,-38.616675,ETUFOR,2022,EPSG: 31984 (SIRGAS 2000 - UTM 24S); Codificação: UTF-8
vw_PontosdeOnibus.fid-5b41923a_19c3ec54e70_331,48,POINT (-38.616669 -3.79883),1086,"RUA ESTRADA DA URUCUTUBA, 2191",-3.79883,-38.616669,ETUFOR,2022,EPSG: 31984 (SIRGAS 2000 - UTM 24S); Codificação: UTF-8
vw_PontosdeOnibus.fid-5b41923a_19c3ec54e70_332,49,POINT (-38.617369 -3.798528),1087,"RUA NS 02 RES BOM JARDIM, 163",-3.798528,-38.617369,ETUFOR,2022,EPSG: 31984 (SIRGAS 2000 - UTM 24S); Codificação: UTF-8
vw_PontosdeOnibus.fid-5b41923a_19c3ec54e70_333,50,POINT (-38.614211 -3.798536),1089,"ESTRADA DA URUCUTUBA, 1956",-3.798536,-38.614211,ETUFOR,2022,EPSG: 31984 (SIRGAS 2000 - UTM 24S); Codificação: UTF-8
vw_PontosdeOnibus.fid-5b41923a_19c3ec54e70_334,51,POINT (-38.614158 -3.798441),1090,"ESTRADA DA URUCUTUBA, 1966",-3.798441,-38.614158,ETUFOR,2022,EPSG: 31984 (SIRGAS 2000 - UTM 24S); Codificação: UTF-8
vw_PontosdeOnibus.fid-5b41923a_19c3ec54e70_335,52,POINT (-38.612021 -3.798107),1091,"ESTRADA DA URUCUTUBA, 1758",-3.798107,-38.612021,ETUFOR,2022,EPSG: 31984 (SIRGAS 2000 - UTM 24S); Codificação: UTF-8
vw_PontosdeOnibus.fid-5b41923a_19c3ec54e70_336,53,POINT (-38.612187 -3.798204),1092,"ESTRADA DA URUCUTUBA, 1795",-3.798204,-38.612187,ETUFOR,2022,EPSG: 31984 (SIRGAS 2000 - UTM 24S); Codificação: UTF-8
vw_PontosdeOnibus.fid-5b41923a_19c3ec54e70_337,54,POINT (-38.611507 -3.79565),1093,"RUA BARRA MANSA, 342",-3.79565,-38.611507,ETUFOR,2022,EPSG: 31984 (SIRGAS 2000 - UTM 24S); Codificação: UTF-8
vw_PontosdeOnibus.fid-5b41923a_19c3ec54e70_338,55,POINT (-38.614231 -3.794767),1094,"RUA BARRA MANSA, 638",-3.794767,-38.614231,ETUFOR,2022,EPSG: 31984 (SIRGAS 2000 - UTM 24S); Codificação: UTF-8
vw_PontosdeOnibus.fid-5b41923a_19c3ec54e70_339,56,POINT (-38.614406 -3.791265),1095,"RUA FRANCISCO PAIVA, 1032",-3.791265,-38.614406,ETUFOR,2022,EPSG: 31984 (SIRGAS 2000 - UTM 24S); Codificação: UTF-8
vw_PontosdeOnibus.fid-5b41923a_19c3ec54e70_33a,57,POINT (-38.614329 -3.791007),1096,"RUA FRANCISCO PAIVA, 1034",-3.791007,-38.614329,ETUFOR,2022,EPSG: 31984 (SIRGAS 2000 - UTM 24S); Codificação: UTF-8
vw_PontosdeOnibus.fid-5b41923a_19c3ec54e70_33b,58,POINT (-38.615116 -3.793495),1097,"RUA FRANCISCO PAIVA, 1326",-3.793495,-38.615116,ETUFOR,2022,EPSG: 31984 (SIRGAS 2000 - UTM 24S); Codificação: UTF-8
vw_PontosdeOnibus.fid-5b41923a_19c3ec54e70_33c,59,POINT (-38.615538 -3.794798),1098,"RUA FRANCISCO PAIVA, 1430",-3.794798,-38.615538,ETUFOR,2022,EPSG: 31984 (SIRGAS 2000 - UTM 24S); Codificação: UTF-8
vw_PontosdeOnibus.fid-5b41923a_19c3ec54e70_33d,60,POINT (-38.619215 -3.799186),1099,"ESTRADA DA URUCUTUBA, SN",-3.799186,-38.619215,ETUFOR,2022,EPSG: 31984 (SIRGAS 2000 - UTM 24S); Codificação: UTF-8
vw_PontosdeOnibus.fid-5b41923a_19c3ec54e70_33e,61,POINT (-38.591645 -3.703397),11,"AVENIDA CEL CARVALHO, 116",-3.703397,-38.591645,ETUFOR,2022,EPSG: 31984 (SIRGAS 2000 - UTM 24S); Codificação: UTF-8
vw_PontosdeOnibus.fid-5b41923a_19c3ec54e70_33f,62,POINT (-38.480304 -3.791062),1100,"AVENIDA WASHINGTON SOARES, SN",-3.791062,-38.480304,ETUFOR,2022,EPSG: 31984 (SIRGAS 2000 - UTM 24S); Codificação: UTF-8
vw_PontosdeOnibus.fid-5b41923a_19c3ec54e70_340,63,POINT (-38.479932 -3.794761),1101,"AVENIDA WASHINGTON SOARES, S/N",-3.794761,-38.479932,ETUFOR,2022,EPSG: 31984 (SIRGAS 2000 - UTM 24S); Codificação: UTF-8
vw_PontosdeOnibus.fid-5b41923a_19c3ec54e70_341,64,POINT (-38.475911 -3.793306),1104,"AVENIDA ENG LEAL LIMA VERDE, 565",-3.793306,-38.475911,ETUFOR,2022,EPSG: 31984 (SIRGAS 2000 - UTM 24S); Codificação: UTF-8
vw_PontosdeOnibus.fid-5b41923a_19c3ec54e70_342,65,POINT (-38.47757 -3.79549),1105,"AVENIDA GOMES DE FREITAS, 2985",-3.79549,-38.47757,ETUFOR,2022,EPSG: 31984 (SIRGAS 2000 - UTM 24S); Codificação: UTF-8
vw_PontosdeOnibus.fid-5b41923a_19c3ec54e70_343,66,POINT (-38.47389 -3.791412),1106,"RUA CEL OLEGARIO MEMORIA, 1602",-3.791412,-38.47389,ETUFOR,2022,EPSG: 31984 (SIRGAS 2000 - UTM 24S); Codificação: UTF-8
vw_PontosdeOnibus.fid-5b41923a_19c3ec54e70_344,67,POINT (-38.470984 -3.791479),1107,"AVENIDA SAPIRANGA, 465",-3.791479,-38.470984,ETUFOR,2022,EPSG: 31984 (SIRGAS 2000 - UTM 24S); Codificação: UTF-8
vw_PontosdeOnibus.fid-5b41923a_19c3ec54e70_345,68,POINT (-38.471963 -3.797549),1108,"RUA EUCLIDES O DE SOUSA, 935",-3.797549,-38.471963,ETUFOR,2022,EPSG: 31984 (SIRGAS 2000 - UTM 24S); Codificação: UTF-8
vw_PontosdeOnibus.fid-5b41923a_19c3ec54e70_346,69,POINT (-38.473567 -3.79769),1109,"RUA EUCLIDES O DE SOUSA, 880",-3.79769,-38.473567,ETUFOR,2022,EPSG: 31984 (SIRGAS 2000 - UTM 24S); Codificação: UTF-8
vw_PontosdeOnibus.fid-5b41923a_19c3ec54e70_347,70,POINT (-38.475842 -3.797898),1110,"RUA EUCLIDES O DE SOUSA, 451",-3.797898,-38.475842,ETUFOR,2022,EPSG: 31984 (SIRGAS 2000 - UTM 24S); Codificação: UTF-8
vw_PontosdeOnibus.fid-5b41923a_19c3ec54e70_348,71,POINT (-38.478236 -3.798098),1111,"RUA EUCLIDES O DE SOUSA, 301",-3.798098,-38.478236,ETUFOR,2022,EPSG: 31984 (SIRGAS 2000 - UTM 24S); Codificação: UTF-8
vw_PontosdeOnibus.fid-5b41923a_19c3ec54e70_349,72,POINT (-38.479559 -3.799236),1112,"AVENIDA WASHINGTON SOARES, 4600",-3.799236,-38.479559,ETUFOR,2022,EPSG: 31984 (SIRGAS 2000 - UTM 24S); Codificação: UTF-8
vw_PontosdeOnibus.fid-5b41923a_19c3ec54e70_34a,73,POINT (-38.479977 -3.796708),1113,"AVENIDA WASHINGTON SOARES, 4393",-3.796708,-38.479977,ETUFOR,2022,EPSG: 31984 (SIRGAS 2000 - UTM 24S); Codificação: UTF-8
vw_PontosdeOnibus.fid-5b41923a_19c3ec54e70_34b,74,POINT (-38.479096 -3.795625),1114,"AVENIDA OLIVEIRA PAIVA, 2885",-3.795625,-38.479096,ETUFOR,2022,EPSG: 31984 (SIRGAS 2000 - UTM 24S); Codificação: UTF-8
vw_PontosdeOnibus.fid-5b41923a_19c3ec54e70_34c,75,POINT (-38.551509 -3.827689),1116,"AVENIDA I CJ JOSE WALTER, 360",-3.827689,-38.551509,ETUFOR,2022,EPSG: 31984 (SIRGAS 2000 - UTM 24S); Codificação: UTF-8
vw_PontosdeOnibus.fid-5b41923a_19c3ec54e70_34d,76,POINT (-38.552238 -3.830076),1117,"AVENIDA I CJ JOSE WALTER, 890",-3.830076,-38.552238,ETUFOR,2022,EPSG: 31984 (SIRGAS 2000 - UTM 24S); Codificação: UTF-8
vw_PontosdeOnibus.fid-5b41923a_19c3ec54e70_34e,77,POINT (-38.552231 -3.830053),1118,"AVENIDA I CJ JOSE WALTER, 670",-3.830053,-38.552231,ETUFOR,2022,EPSG: 31984 (SIRGAS 2000 - UTM 24S); Codificação: UTF-8
vw_PontosdeOnibus.fid-5b41923a_19c3ec54e70_34f,78,POINT (-38.556639 -3.828096),1119,"AVENIDA L CJ JOSE WALTER, 390",-3.828096,-38.556639,ETUFOR,2022,EPSG: 31984 (SIRGAS 2000 - UTM 24S); Codificação: UTF-8
vw_PontosdeOnibus.fid-5b41923a_19c3ec54e70_350,79,POINT (-38.554696 -3.830487),1120,"RUA 69 CJ JOSE WALTER, S/N",-3.830487,-38.554696,ETUFOR,2022,EPSG: 31984 (SIRGAS 2000 - UTM 24S); Codificação: UTF-8
vw_PontosdeOnibus.fid-5b41923a_19c3ec54e70_351,80,POINT (-38.555933 -3.831916),1121,"AVENIDA J CJ JOSE WALTER, 780",-3.831916,-38.555933,ETUFOR,2022,EPSG: 31984 (SIRGAS 2000 - UTM 24S); Codificação: UTF-8
vw_PontosdeOnibus.fid-5b41923a_19c3ec54e70_352,81,POINT (-38.556505 -3.833825),1124,"AVENIDA J CJ JOSE WALTER, 291",-3.833825,-38.556505,ETUFOR,2022,EPSG: 31984 (SIRGAS 2000 - UTM 24S); Codificação: UTF-8
vw_PontosdeOnibus.fid-5b41923a_19c3ec54e70_353,82,POINT (-38.556779 -3.834694),1125,"AVENIDA J CJ JOSE WALTER, SN",-3.834694,-38.556779,ETUFOR,2022,EPSG: 31984 (SIRGAS 2000 - UTM 24S); Codificação: UTF-8
vw_PontosdeOnibus.fid-5b41923a_19c3ec54e70_354,83,POINT (-38.492044 -3.830969),1127,"RUA PERGENTINO MAIA, 380",-3.830969,-38.492044,ETUFOR,2022,EPSG: 31984 (SIRGAS 2000 - UTM 24S); Codificação: UTF-8
vw_PontosdeOnibus.fid-5b41923a_19c3ec54e70_355,84,POINT (-38.489536 -3.831314),1128,"RUA PERGENTINO MAIA, 613",-3.831314,-38.489536,ETUFOR,2022,EPSG: 31984 (SIRGAS 2000 - UTM 24S); Codificação: UTF-8
vw_PontosdeOnibus.fid-5b41923a_19c3ec54e70_356,85,POINT (-38.487595 -3.831276),1129,"AVENIDA CEL DIONISIO ALENCAR, 350",-3.831276,-38.487595,ETUFOR,2022,EPSG: 31984 (SIRGAS 2000 - UTM 24S); Codificação: UTF-8
vw_PontosdeOnibus.fid-5b41923a_19c3ec54e70_357,86,POINT (-38.486846 -3.829334),1130,"AVENIDA CEL DIONISIO ALENCAR, 144",-3.829334,-38.486846,ETUFOR,2022,EPSG: 31984 (SIRGAS 2000 - UTM 24S); Codificação: UTF-8
vw_PontosdeOnibus.fid-5b41923a_19c3ec54e70_358,87,POINT (-38.484261 -3.8283),1132,"RUA DOR JOAQUIM BENTO, 820",-3.8283,-38.484261,ETUFOR,2022,EPSG: 31984 (SIRGAS 2000 - UTM 24S); Codificação: UTF-8
vw_PontosdeOnibus.fid-5b41923a_19c3ec54e70_359,88,POINT (-38.484995 -3.828294),1133,"RUA DOR JOAQUIM BENTO, 510",-3.828294,-38.484995,ETUFOR,2022,EPSG: 31984 (SIRGAS 2000 - UTM 24S); Codificação: UTF-8
vw_PontosdeOnibus.fid-5b41923a_19c3ec54e70_35a,89,POINT (-38.482999 -3.827725),1135,"RUA GUILHERME PESSOA, 1361",-3.827725,-38.482999,ETUFOR,2022,EPSG: 31984 (SIRGAS 2000 - UTM 24S); Codificação: UTF-8
vw_PontosdeOnibus.fid-5b41923a_19c3ec54e70_35b,90,POINT (-38.482155 -3.828385),1136,"AVENIDA WASHINGTON SOARES, 8776",-3.828385,-38.482155,ETUFOR,2022,EPSG: 31984 (SIRGAS 2000 - UTM 24S); Codificação: UTF-8
vw_PontosdeOnibus.fid-5b41923a_19c3ec54e70_35c,91,POINT (-38.595365 -3.710083),114,"RUA DOR QUIXADA FELICIO, 241",-3.710083,-38.595365,ETUFOR,2022,EPSG: 31984 (SIRGAS 2000 - UTM 24S); Codificação: UTF-8
vw_PontosdeOnibus.fid-5b41923a_19c3ec54e70_35d,92,POINT (-38.4842 -3.833601),1140,"RUA MANUEL C BRANCO, 1195",-3.833601,-38.4842,ETUFOR,2022,EPSG: 31984 (SIRGAS 2000 - UTM 24S); Codificação: UTF-8
vw_PontosdeOnibus.fid-5b41923a_19c3ec54e70_35e,93,POINT (-38.485887 -3.833366),1144,"RUA MANUEL C BRANCO, 1011",-3.833366,-38.485887,ETUFOR,2022,EPSG: 31984 (SIRGAS 2000 - UTM 24S); Codificação: UTF-8
vw_PontosdeOnibus.fid-5b41923a_19c3ec54e70_35f,94,POINT (-38.488042 -3.834711),1145,"AVENIDA GURGEL DO AMARAL, 983",-3.834711,-38.488042,ETUFOR,2022,EPSG: 31984 (SIRGAS 2000 - UTM 24S); Codificação: UTF-8
vw_PontosdeOnibus.fid-5b41923a_19c3ec54e70_360,95,POINT (-38.48512 -3.836204),1146,"AVENIDA GURGEL DO AMARAL, 1240",-3.836204,-38.48512,ETUFOR,2022,EPSG: 31984 (SIRGAS 2000 - UTM 24S); Codificação: UTF-8
vw_PontosdeOnibus.fid-5b41923a_19c3ec54e70_361,96,POINT (-38.490746 -3.833394),1147,"AVENIDA GURGEL DO AMARAL, 549",-3.833394,-38.490746,ETUFOR,2022,EPSG: 31984 (SIRGAS 2000 - UTM 24S); Codificação: UTF-8
vw_PontosdeOnibus.fid-5b41923a_19c3ec54e70_362,97,POINT (-38.492441 -3.832955),1150,"AVENIDA TEN GURGEL DO AMARAL, 270",-3.832955,-38.492441,ETUFOR,2022,EPSG: 31984 (SIRGAS 2000 - UTM 24S); Codificação: UTF-8
vw_PontosdeOnibus.fid-5b41923a_19c3ec54e70_363,98,POINT (-38.480681 -3.829153),1151,"RUA JOSE BELCHIOR, 535",-3.829153,-38.480681,ETUFOR,2022,EPSG: 31984 (SIRGAS 2000 - UTM 24S); Codificação: UTF-8
vw_PontosdeOnibus.fid-5b41923a_19c3ec54e70_364,99,POINT (-38.479341 -3.828334),1152,"RUA JOSE PEREIRA BARROS, 80",-3.828334,-38.479341,ETUFOR,2022,EPSG: 31984 (SIRGAS 2000 - UTM 24S); Codificação: UTF-8
vw_PontosdeOnibus.fid-5b41923a_19c3ec54e70_365,100,POINT (-38.474971 -3.829215),1153,"RUA CEL JUSTINO F RAMOS, 351",-3.829215,-38.474971,ETUFOR,2022,EPSG: 31984 (SIRGAS 2000 - UTM 24S); Codificação: UTF-8
vw_PontosdeOnibus.fid-5b41923a_19c3ec54e70_366,101,POINT (-38.475416 -3.831622),1155,"RUA CEL JUSTINO F RAMOS, 630",-3.831622,-38.475416,ETUFOR,2022,EPSG: 31984 (SIRGAS 2000 - UTM 24S); Codificação: UTF-8
vw_PontosdeOnibus.fid-5b41923a_19c3ec54e70_367,102,POINT (-38.477945 -3.834676),1158,"RUA SOCORRO GOMES, 413",-3.834676,-38.477945,ETUFOR,2022,EPSG: 31984 (SIRGAS 2000 - UTM 24S); Codificação: UTF-8
vw_PontosdeOnibus.fid-5b41923a_19c3ec54e70_368,103,POINT (-38.477973 -3.83552),1159,"RUA B CJ RESD GUAJERU, 23",-3.83552,-38.477973,ETUFOR,2022,EPSG: 31984 (SIRGAS 2000 - UTM 24S); Codificação: UTF-8
vw_PontosdeOnibus.fid-5b41923a_19c3ec54e70_369,104,POINT (-38.596508 -3.709968),116,"AVENIDA J CJ POLAR, 10",-3.709968,-38.596508,ETUFOR,2022,EPSG: 31984 (SIRGAS 2000 - UTM 24S); Codificação: UTF-8
vw_PontosdeOnibus.fid-5b41923a_19c3ec54e70_36a,105,POINT (-38.476372 -3.833297),1164,"RUA B CJ RESD GUAJERU, 101",-3.833297,-38.476372,ETUFOR,2022,EPSG: 31984 (SIRGAS 2000 - UTM 24S); Codificação: UTF-8
vw_PontosdeOnibus.fid-5b41923a_19c3ec54e70_36b,106,POINT (-38.561387 -3.836641),1165,"RUA JOAO ARAUJO LIMA, 1631",-3.836641,-38.561387,ETUFOR,2022,EPSG: 31984 (SIRGAS 2000 - UTM 24S); Codificação: UTF-8
vw_PontosdeOnibus.fid-5b41923a_19c3ec54e70_36c,107,POINT (-38.561634 -3.837375),1167,"RUA JOAO ARAUJO LIMA, 1771",-3.837375,-38.561634,ETUFOR,2022,EPSG: 31984 (SIRGAS 2000 - UTM 24S); Codificação: UTF-8
vw_PontosdeOnibus.fid-5b41923a_19c3ec54e70_36d,108,POINT (-38.561843 -3.838819),1168,"RUA JOAO ARAUJO LIMA, 1911",-3.838819,-38.561843,ETUFOR,2022,EPSG: 31984 (SIRGAS 2000 - UTM 24S); Codificação: UTF-8
vw_PontosdeOnibus.fid-5b41923a_19c3ec54e70_36e,109,POINT (-38.559093 -3.836309),1169,"AVENIDA L CJ JOSE WALTER, 1300",-3.836309,-38.559093,ETUFOR,2022,EPSG: 31984 (SIRGAS 2000 - UTM 24S); Codificação: UTF-8
vw_PontosdeOnibus.fid-5b41923a_19c3ec54e70_36f,110,POINT (-38.594275 -3.713349),117,"AVENIDA MOZART P.LUCENA, 1211",-3.713349,-38.594275,ETUFOR,2022,EPSG: 31984 (SIRGAS 2000 - UTM 24S); Codificação: UTF-8
vw_PontosdeOnibus.fid-5b41923a_19c3ec54e70_370,111,POINT (-38.559445 -3.837494),1170,"AVENIDA L CJ JOSE WALTER, S/N",-3.837494,-38.559445,ETUFOR,2022,EPSG: 31984 (SIRGAS 2000 - UTM 24S); Codificação: UTF-8
vw_PontosdeOnibus.fid-5b41923a_19c3ec54e70_371,112,POINT (-38.559689 -3.838285),1173,"AVENIDA L CJ JOSE WALTER, 1560",-3.838285,-38.559689,ETUFOR,2022,EPSG: 31984 (SIRGAS 2000 - UTM 24S); Codificação: UTF-8
vw_PontosdeOnibus.fid-5b41923a_19c3ec54e70_372,113,POINT (-38.559788 -3.84092),1179,"AVENIDA H CJ JOSE WALTER, 480",-3.84092,-38.559788,ETUFOR,2022,EPSG: 31984 (SIRGAS 2000 - UTM 24S); Codificação: UTF-8
vw_PontosdeOnibus.fid-5b41923a_19c3ec54e70_373,114,POINT (-38.563777 -3.843241),1180,"AVENIDA DOS MARINHEIROS, 654",-3.843241,-38.563777,ETUFOR,2022,EPSG: 31984 (SIRGAS 2000 - UTM 24S); Codificação: UTF-8
vw_PontosdeOnibus.fid-5b41923a_19c3ec54e70_374,115,POINT (-38.563857 -3.843162),1181,"AVENIDA DOS MARINHEIROS, 654",-3.843162,-38.563857,ETUFOR,2022,EPSG: 31984 (SIRGAS 2000 - UTM 24S); Codificação: UTF-8
vw_PontosdeOnibus.fid-5b41923a_19c3ec54e70_375,116,POINT (-38.562454 -3.841217),1182,"RUA JOAO ARAUJO LIMA, 2196",-3.841217,-38.562454,ETUFOR,2022,EPSG: 31984 (SIRGAS 2000 - UTM 24S); Codificação: UTF-8
vw_PontosdeOnibus.fid-5b41923a_19c3ec54e70_376,117,POINT (-38.565375 -3.84349),1183,"AVENIDA DOS MARINHEIROS, 750",-3.84349,-38.565375,ETUFOR,2022,EPSG: 31984 (SIRGAS 2000 - UTM 24S); Codificação: UTF-8
vw_PontosdeOnibus.fid-5b41923a_19c3ec54e70_377,118,POINT (-38.554316 -3.836948),1184,"AVENIDA I CJ JOSE WALTER, 1480",-3.836948,-38.554316,ETUFOR,2022,EPSG: 31984 (SIRGAS 2000 - UTM 24S); Codificação: UTF-8
vw_PontosdeOnibus.fid-5b41923a_19c3ec54e70_378,119,POINT (-38.500596 -3.834967),1191,"RUA STA EFIGENIA, 115",-3.834967,-38.500596,ETUFOR,2022,EPSG: 31984 (SIRGAS 2000 - UTM 24S); Codificação: UTF-8
vw_PontosdeOnibus.fid-5b41923a_19c3ec54e70_379,120,POINT (-38.499074 -3.835369),1193,"RUA ANGELICA GURGEL, SN",-3.835369,-38.499074,ETUFOR,2022,EPSG: 31984 (SIRGAS 2000 - UTM 24S); Codificação: UTF-8
vw_PontosdeOnibus.fid-5b41923a_19c3ec54e70_37a,121,POINT (-38.497901 -3.834812),1196,"RUA GUARUJA, 404",-3.834812,-38.497901,ETUFOR,2022,EPSG: 31984 (SIRGAS 2000 - UTM 24S); Codificação: UTF-8
vw_PontosdeOnibus.fid-5b41923a_19c3ec54e70_37b,122,POINT (-38.496317 -3.834846),1197,"RUA GUARUJA, 336",-3.834846,-38.496317,ETUFOR,2022,EPSG: 31984 (SIRGAS 2000 - UTM 24S); Codificação: UTF-8
vw_PontosdeOnibus.fid-5b41923a_19c3ec54e70_37c,123,POINT (-38.49751 -3.832307),1199,"AVENIDA TEN JURANDIR DE ALENCAR, SN",-3.832307,-38.49751,ETUFOR,2022,EPSG: 31984 (SIRGAS 2000 - UTM 24S); Codificação: UTF-8
vw_PontosdeOnibus.fid-5b41923a_19c3ec54e70_37d,124,POINT (-38.591409 -3.703877),12,"AVENIDA CEL CARVALHO, 163",-3.703877,-38.591409,ETUFOR,2022,EPSG: 31984 (SIRGAS 2000 - UTM 24S); Codificação: UTF-8
vw_PontosdeOnibus.fid-5b41923a_19c3ec54e70_37e,125,POINT (-38.597278 -3.715936),120,"AVENIDA DOM ALOISIO LORSCHEIDER, 1183",-3.715936,-38.597278,ETUFOR,2022,EPSG: 31984 (SIRGAS 2000 - UTM 24S); Codificação: UTF-8
vw_PontosdeOnibus.fid-5b41923a_19c3ec54e70_37f,126,POINT (-38.493621 -3.828818),1201,"AVENIDA FREI CIRILO, 126",-3.828818,-38.493621,ETUFOR,2022,EPSG: 31984 (SIRGAS 2000 - UTM 24S); Codificação: UTF-8
vw_PontosdeOnibus.fid-5b41923a_19c3ec54e70_380,127,POINT (-38.493434 -3.828086),1202,"AVENIDA FREI CIRILO, 81",-3.828086,-38.493434,ETUFOR,2022,EPSG: 31984 (SIRGAS 2000 - UTM 24S); Codificação: UTF-8
vw_PontosdeOnibus.fid-5b41923a_19c3ec54e70_381,128,POINT (-38.495075 -3.831666),1203,"RUA MANUEL C BRANCO, 54",-3.831666,-38.495075,ETUFOR,2022,EPSG: 31984 (SIRGAS 2000 - UTM 24S); Codificação: UTF-8
vw_PontosdeOnibus.fid-5b41923a_19c3ec54e70_382,129,POINT (-38.494626 -3.83272),1204,"RUA EDUARDO PORTO, 57",-3.83272,-38.494626,ETUFOR,2022,EPSG: 31984 (SIRGAS 2000 - UTM 24S); Codificação: UTF-8
vw_PontosdeOnibus.fid-5b41923a_19c3ec54e70_383,130,POINT (-38.4927 -3.831807),1206,"RUA MANUEL C BRANCO, 316",-3.831807,-38.4927,ETUFOR,2022,EPSG: 31984 (SIRGAS 2000 - UTM 24S); Codificação: UTF-8
vw_PontosdeOnibus.fid-5b41923a_19c3ec54e70_384,131,POINT (-38.494954 -3.83487),1207,"RUA GUARUJA, 626",-3.83487,-38.494954,ETUFOR,2022,EPSG: 31984 (SIRGAS 2000 - UTM 24S); Codificação: UTF-8
vw_PontosdeOnibus.fid-5b41923a_19c3ec54e70_385,132,POINT (-38.494138 -3.835451),1209,"RUA PDE PEDRO DE ALENCAR, 888",-3.835451,-38.494138,ETUFOR,2022,EPSG: 31984 (SIRGAS 2000 - UTM 24S); Codificação: UTF-8
vw_PontosdeOnibus.fid-5b41923a_19c3ec54e70_386,133,POINT (-38.494147 -3.835772),1210,"RUA PDE PEDRO DE ALENCAR, 888",-3.835772,-38.494147,ETUFOR,2022,EPSG: 31984 (SIRGAS 2000 - UTM 24S); Codificação: UTF-8
vw_PontosdeOnibus.fid-5b41923a_19c3ec54e70_387,134,POINT (-38.522164 -3.723043),1211,"AVENIDA MON TABOSA, 84",-3.723043,-38.522164,ETUFOR,2022,EPSG: 31984 (SIRGAS 2000 - UTM 24S); Codificação: UTF-8
vw_PontosdeOnibus.fid-5b41923a_19c3ec54e70_388,135,POINT (-38.522037 -3.721115),1212,"RUA PESSOA ANTA, 96",-3.721115,-38.522037,ETUFOR,2022,EPSG: 31984 (SIRGAS 2000 - UTM 24S); Codificação: UTF-8
vw_PontosdeOnibus.fid-5b41923a_19c3ec54e70_389,136,POINT (-38.522126 -3.721126),1213,"RUA PESSOA ANTA, 57",-3.721126,-38.522126,ETUFOR,2022,EPSG: 31984 (SIRGAS 2000 - UTM 24S); Codificação: UTF-8
vw_PontosdeOnibus.fid-5b41923a_19c3ec54e70_38a,137,POINT (-38.524429 -3.723415),1214,"AVENIDA ALBERTO NEPOMUCENO, SN",-3.723415,-38.524429,ETUFOR,2022,EPSG: 31984 (SIRGAS 2000 - UTM 24S); Codificação: UTF-8
vw_PontosdeOnibus.fid-5b41923a_19c3ec54e70_38b,138,POINT (-38.524008 -3.722916),1215,"AVENIDA ALBERTO NEPOMUCENO, SN",-3.722916,-38.524008,ETUFOR,2022,EPSG: 31984 (SIRGAS 2000 - UTM 24S); Codificação: UTF-8
vw_PontosdeOnibus.fid-5b41923a_19c3ec54e70_38c,139,POINT (-38.518805 -3.720675),1216,"AVENIDA ALM BARROSO, 511",-3.720675,-38.518805,ETUFOR,2022,EPSG: 31984 (SIRGAS 2000 - UTM 24S); Codificação: UTF-8
vw_PontosdeOnibus.fid-5b41923a_19c3ec54e70_38d,140,POINT (-38.519724 -3.720799),1217,"RUA ALM BARROSO, 411",-3.720799,-38.519724,ETUFOR,2022,EPSG: 31984 (SIRGAS 2000 - UTM 24S); Codificação: UTF-8
vw_PontosdeOnibus.fid-5b41923a_19c3ec54e70_38e,141,POINT (-38.519336 -3.721442),1218,"RUA ALM JACEGUAI, SN",-3.721442,-38.519336,ETUFOR,2022,EPSG: 31984 (SIRGAS 2000 - UTM 24S); Codificação: UTF-8
vw_PontosdeOnibus.fid-5b41923a_19c3ec54e70_38f,142,POINT (-38.516575 -3.720378),1219,"AVENIDA ALM BARROSO, 714",-3.720378,-38.516575,ETUFOR,2022,EPSG: 31984 (SIRGAS 2000 - UTM 24S); Codificação: UTF-8
vw_PontosdeOnibus.fid-5b41923a_19c3ec54e70_390,143,POINT (-38.597431 -3.71618),122,"AVENIDA AMBIENTALISTA ARY THIERS, 235",-3.71618,-38.597431,ETUFOR,2022,EPSG: 31984 (SIRGAS 2000 - UTM 24S); Codificação: UTF-8
vw_PontosdeOnibus.fid-5b41923a_19c3ec54e70_391,144,POINT (-38.517285 -3.720477),1220,"AVENIDA ALM BARROSO, 668",-3.720477,-38.517285,ETUFOR,2022,EPSG: 31984 (SIRGAS 2000 - UTM 24S); Codificação: UTF-8
vw_PontosdeOnibus.fid-5b41923a_19c3ec54e70_392,145,POINT (-38.520141 -3.724039),1221,"RUA RUFINO DE ALENCAR, 346",-3.724039,-38.520141,ETUFOR,2022,EPSG: 31984 (SIRGAS 2000 - UTM 24S); Codificação: UTF-8
vw_PontosdeOnibus.fid-5b41923a_19c3ec54e70_393,146,POINT (-38.519657 -3.724059),1222,"AVENIDA DOM MANUEL, 3",-3.724059,-38.519657,ETUFOR,2022,EPSG: 31984 (SIRGAS 2000 - UTM 24S); Codificação: UTF-8
vw_PontosdeOnibus.fid-5b41923a_19c3ec54e70_394,147,POINT (-38.520185 -3.725355),1223,"AVENIDA DOM MANUEL, 140",-3.725355,-38.520185,ETUFOR,2022,EPSG: 31984 (SIRGAS 2000 - UTM 24S); Codificação: UTF-8
vw_PontosdeOnibus.fid-5b41923a_19c3ec54e70_395,148,POINT (-38.520539 -3.726753),1224,"AVENIDA DOM MANUEL, 283",-3.726753,-38.520539,ETUFOR,2022,EPSG: 31984 (SIRGAS 2000 - UTM 24S); Codificação: UTF-8
vw_PontosdeOnibus.fid-5b41923a_19c3ec54e70_396,149,POINT (-38.518643 -3.726491),1225,"RUA PEREIRA FILGUEIRAS, 442",-3.726491,-38.518643,ETUFOR,2022,EPSG: 31984 (SIRGAS 2000 - UTM 24S); Codificação: UTF-8
vw_PontosdeOnibus.fid-5b41923a_19c3ec54e70_397,150,POINT (-38.518592 -3.72494),1226,"RUA TEN BENEVOLO, 284",-3.72494,-38.518592,ETUFOR,2022,EPSG: 31984 (SIRGAS 2000 - UTM 24S); Codificação: UTF-8
vw_PontosdeOnibus.fid-5b41923a_19c3ec54e70_398,151,POINT (-38.516619 -3.727148),1227,"RUA PEREIRA FILGUEIRAS, 713",-3.727148,-38.516619,ETUFOR,2022,EPSG: 31984 (SIRGAS 2000 - UTM 24S); Codificação: UTF-8
vw_PontosdeOnibus.fid-5b41923a_19c3ec54e70_399,152,POINT (-38.515848 -3.725778),1228,"RUA TEN BENEVOLO, 595",-3.725778,-38.515848,ETUFOR,2022,EPSG: 31984 (SIRGAS 2000 - UTM 24S); Codificação: UTF-8
vw_PontosdeOnibus.fid-5b41923a_19c3ec54e70_39a,153,POINT (-38.514299 -3.726253),1229,"RUA TEN BENEVOLO, 765",-3.726253,-38.514299,ETUFOR,2022,EPSG: 31984 (SIRGAS 2000 - UTM 24S); Codificação: UTF-8
vw_PontosdeOnibus.fid-5b41923a_19c3ec54e70_39b,154,POINT (-38.597994 -3.716272),123,"AVENIDA AMBIENTALISRA  ARY THIERS, 241",-3.716272,-38.597994,ETUFOR,2022,EPSG: 31984 (SIRGAS 2000 - UTM 24S); Codificação: UTF-8
vw_PontosdeOnibus.fid-5b41923a_19c3ec54e70_39c,155,POINT (-38.522965 -3.724302),1230,"RUA RUFINO DE ALENCAR, 100",-3.724302,-38.522965,ETUFOR,2022,EPSG: 31984 (SIRGAS 2000 - UTM 24S); Codificação: UTF-8
vw_PontosdeOnibus.fid-5b41923a_19c3ec54e70_39d,156,POINT (-38.512219 -3.720717),1231,"AVENIDA HIS RAIMUNDO GIRAO, 412",-3.720717,-38.512219,ETUFOR,2022,EPSG: 31984 (SIRGAS 2000 - UTM 24S); Codificação: UTF-8
vw_PontosdeOnibus.fid-5b41923a_19c3ec54e70_39e,157,POINT (-38.513173 -3.720523),1232,"AVENIDA HIS RAIMUNDO GIRAO, 363",-3.720523,-38.513173,ETUFOR,2022,EPSG: 31984 (SIRGAS 2000 - UTM 24S); Codificação: UTF-8
vw_PontosdeOnibus.fid-5b41923a_19c3ec54e70_39f,158,POINT (-38.511938 -3.727087),1236,"RUA TEN BENEVOLO, 1022",-3.727087,-38.511938,ETUFOR,2022,EPSG: 31984 (SIRGAS 2000 - UTM 24S); Codificação: UTF-8
vw_PontosdeOnibus.fid-5b41923a_19c3ec54e70_3a0,159,POINT (-38.598861 -3.715787),124,"AVENIDA D CJ PLANALTO BARRA, 1273",-3.715787,-38.598861,ETUFOR,2022,EPSG: 31984 (SIRGAS 2000 - UTM 24S); Codificação: UTF-8
vw_PontosdeOnibus.fid-5b41923a_19c3ec54e70_3a1,160,POINT (-38.504122 -3.726733),1240,"AVENIDA BAR STUDART, 300",-3.726733,-38.504122,ETUFOR,2022,EPSG: 31984 (SIRGAS 2000 - UTM 24S); Codificação: UTF-8
vw_PontosdeOnibus.fid-5b41923a_19c3ec54e70_3a2,161,POINT (-38.505883 -3.724429),1244,"AVENIDA MON TABOSA, 176",-3.724429,-38.505883,ETUFOR,2022,EPSG: 31984 (SIRGAS 2000 - UTM 24S); Codificação: UTF-8
vw_PontosdeOnibus.fid-5b41923a_19c3ec54e70_3a3,162,POINT (-38.500762 -3.725558),1245,"AVENIDA ABOLICAO, SN",-3.725558,-38.500762,ETUFOR,2022,EPSG: 31984 (SIRGAS 2000 - UTM 24S); Codificação: UTF-8
vw_PontosdeOnibus.fid-5b41923a_19c3ec54e70_3a4,163,POINT (-38.500912 -3.725644),1246,"AVENIDA ABOLICAO, 2026",-3.725644,-38.500912,ETUFOR,2022,EPSG: 31984 (SIRGAS 2000 - UTM 24S); Codificação: UTF-8
vw_PontosdeOnibus.fid-5b41923a_19c3ec54e70_3a5,164,POINT (-38.497018 -3.726891),1248,"AVENIDA ABOLICAO, 2456",-3.726891,-38.497018,ETUFOR,2022,EPSG: 31984 (SIRGAS 2000 - UTM 24S); Codificação: UTF-8
vw_PontosdeOnibus.fid-5b41923a_19c3ec54e70_3a6,165,POINT (-38.496879 -3.726804),1249,"AVENIDA ABOLICAO, 2456",-3.726804,-38.496879,ETUFOR,2022,EPSG: 31984 (SIRGAS 2000 - UTM 24S); Codificação: UTF-8
vw_PontosdeOnibus.fid-5b41923a_19c3ec54e70_3a7,166,POINT (-38.599995 -3.715399),125,"AVENIDA ERS, 607",-3.715399,-38.599995,ETUFOR,2022,EPSG: 31984 (SIRGAS 2000 - UTM 24S); Codificação: UTF-8
vw_PontosdeOnibus.fid-5b41923a_19c3ec54e70_3a8,167,POINT (-38.499006 -3.726116),1250,"AVENIDA ABOLICAO, SN",-3.726116,-38.499006,ETUFOR,2022,EPSG: 31984 (SIRGAS 2000 - UTM 24S); Codificação: UTF-8
vw_PontosdeOnibus.fid-5b41923a_19c3ec54e70_3a9,168,POINT (-38.4928 -3.72696),1251,"AVENIDA ABOLICAO, 3000",-3.72696,-38.4928,ETUFOR,2022,EPSG: 31984 (SIRGAS 2000 - UTM 24S); Codificação: UTF-8
vw_PontosdeOnibus.fid-5b41923a_19c3ec54e70_3aa,169,POINT (-38.494787 -3.727269),1253,"AVENIDA ABOLICAO, 2727",-3.727269,-38.494787,ETUFOR,2022,EPSG: 31984 (SIRGAS 2000 - UTM 24S); Codificação: UTF-8
vw_PontosdeOnibus.fid-5b41923a_19c3ec54e70_3ab,170,POINT (-38.494929 -3.727185),1254,"AVENIDA ABOLICAO, 2727",-3.727185,-38.494929,ETUFOR,2022,EPSG: 31984 (SIRGAS 2000 - UTM 24S); Codificação: UTF-8
vw_PontosdeOnibus.fid-5b41923a_19c3ec54e70_3ac,171,POINT (-38.489988 -3.726532),1256,"AVENIDA ABOLICAO, 3273",-3.726532,-38.489988,ETUFOR,2022,EPSG: 31984 (SIRGAS 2000 - UTM 24S); Codificação: UTF-8
vw_PontosdeOnibus.fid-5b41923a_19c3ec54e70_3ad,172,POINT (-38.491243 -3.727361),1257,"AVENIDA JULIO IBIAPINA, 222",-3.727361,-38.491243,ETUFOR,2022,EPSG: 31984 (SIRGAS 2000 - UTM 24S); Codificação: UTF-8
vw_PontosdeOnibus.fid-5b41923a_19c3ec54e70_3ae,173,POINT (-38.49098 -3.72656),1258,"AVENIDA ABOLICAO, 3207",-3.72656,-38.49098,ETUFOR,2022,EPSG: 31984 (SIRGAS 2000 - UTM 24S); Codificação: UTF-8
vw_PontosdeOnibus.fid-5b41923a_19c3ec54e70_3af,174,POINT (-38.598662 -3.717613),126,"AVENIDA J CJ POLAR, 1416",-3.717613,-38.598662,ETUFOR,2022,EPSG: 31984 (SIRGAS 2000 - UTM 24S); Codificação: UTF-8
vw_PontosdeOnibus.fid-5b41923a_19c3ec54e70_3b0,175,POINT (-38.487029 -3.726058),1260,"AVENIDA ABOLICAO, 3555",-3.726058,-38.487029,ETUFOR,2022,EPSG: 31984 (SIRGAS 2000 - UTM 24S); Codificação: UTF-8
vw_PontosdeOnibus.fid-5b41923a_19c3ec54e70_3b1,176,POINT (-38.487058 -3.725935),1261,"AVENIDA ABOLICAO, 3555",-3.725935,-38.487058,ETUFOR,2022,EPSG: 31984 (SIRGAS 2000 - UTM 24S); Codificação: UTF-8
vw_PontosdeOnibus.fid-5b41923a_19c3ec54e70_3b2,177,POINT (-38.4857 -3.725627),1263,"AVENIDA ABOLICAO, 3796",-3.725627,-38.4857,ETUFOR,2022,EPSG: 31984 (SIRGAS 2000 - UTM 24S); Codificação: UTF-8
vw_PontosdeOnibus.fid-5b41923a_19c3ec54e70_3b3,178,POINT (-38.482759 -3.724606),1264,"AVENIDA ABOLICAO, 4140",-3.724606,-38.482759,ETUFOR,2022,EPSG: 31984 (SIRGAS 2000 - UTM 24S); Codificação: UTF-8
vw_PontosdeOnibus.fid-5b41923a_19c3ec54e70_3b4,179,POINT (-38.484131 -3.725369),1265,"AVENIDA ABOLICAO, SN",-3.725369,-38.484131,ETUFOR,2022,EPSG: 31984 (SIRGAS 2000 - UTM 24S); Codificação: UTF-8
vw_PontosdeOnibus.fid-5b41923a_19c3ec54e70_3b5,180,POINT (-38.484145 -3.72525),1266,"AVENIDA ABOLICAO, SN",-3.72525,-38.484145,ETUFOR,2022,EPSG: 31984 (SIRGAS 2000 - UTM 24S); Codificação: UTF-8
vw_PontosdeOnibus.fid-5b41923a_19c3ec54e70_3b6,181,POINT (-38.464454 -3.723007),1269,"RUA PRO ALVARO COSTA, 195",-3.723007,-38.464454,ETUFOR,2022,EPSG: 31984 (SIRGAS 2000 - UTM 24S); Codificação: UTF-8
vw_PontosdeOnibus.fid-5b41923a_19c3ec54e70_3b7,182,POINT (-38.595537 -3.717707),127,"AVENIDA MOZART P.LUCENA, 1720",-3.717707,-38.595537,ETUFOR,2022,EPSG: 31984 (SIRGAS 2000 - UTM 24S); Codificação: UTF-8
vw_PontosdeOnibus.fid-5b41923a_19c3ec54e70_3b8,183,POINT (-38.464413 -3.720988),1270,"AVENIDA CESAR CALS, 350",-3.720988,-38.464413,ETUFOR,2022,EPSG: 31984 (SIRGAS 2000 - UTM 24S); Codificação: UTF-8
vw_PontosdeOnibus.fid-5b41923a_19c3ec54e70_3b9,184,POINT (-38.464319 -3.72119),1271,"AVENIDA CESAR CALS, 350",-3.72119,-38.464319,ETUFOR,2022,EPSG: 31984 (SIRGAS 2000 - UTM 24S); Codificação: UTF-8
vw_PontosdeOnibus.fid-5b41923a_19c3ec54e70_3ba,185,POINT (-38.465189 -3.7193),1272,"AVENIDA CESAR CALS, 130",-3.7193,-38.465189,ETUFOR,2022,EPSG: 31984 (SIRGAS 2000 - UTM 24S); Codificação: UTF-8
vw_PontosdeOnibus.fid-5b41923a_19c3ec54e70_3bb,186,POINT (-38.463639 -3.719292),1273,"AVENIDA ZEZE DIOGO, 1427",-3.719292,-38.463639,ETUFOR,2022,EPSG: 31984 (SIRGAS 2000 - UTM 24S); Codificação: UTF-8
vw_PontosdeOnibus.fid-5b41923a_19c3ec54e70_3bc,187,POINT (-38.468878 -3.726863),1274,"RUA BRISA DO MAR, 1100",-3.726863,-38.468878,ETUFOR,2022,EPSG: 31984 (SIRGAS 2000 - UTM 24S); Codificação: UTF-8
vw_PontosdeOnibus.fid-5b41923a_19c3ec54e70_3bd,188,POINT (-38.468843 -3.726934),1275,"RUA BRISA DO MAR, 1121",-3.726934,-38.468843,ETUFOR,2022,EPSG: 31984 (SIRGAS 2000 - UTM 24S); Codificação: UTF-8
vw_PontosdeOnibus.fid-5b41923a_19c3ec54e70_3be,189,POINT (-38.469809 -3.726948),1276,"RUA AIRTON SENNA, 936",-3.726948,-38.469809,ETUFOR,2022,EPSG: 31984 (SIRGAS 2000 - UTM 24S); Codificação: UTF-8
vw_PontosdeOnibus.fid-5b41923a_19c3ec54e70_3bf,190,POINT (-38.465684 -3.724829),1278,"AVENIDA , 440",-3.724829,-38.465684,ETUFOR,2022,EPSG: 31984 (SIRGAS 2000 - UTM 24S); Codificação: UTF-8
vw_PontosdeOnibus.fid-5b41923a_19c3ec54e70_3c0,191,POINT (-38.464367 -3.726048),1279,"RUA OLIVEIRA FILHO, 890",-3.726048,-38.464367,ETUFOR,2022,EPSG: 31984 (SIRGAS 2000 - UTM 24S); Codificação: UTF-8
vw_PontosdeOnibus.fid-5b41923a_19c3ec54e70_3c1,192,POINT (-38.595375 -3.717146),128,"AVENIDA MOZART P.LUCENA, 1680",-3.717146,-38.595375,ETUFOR,2022,EPSG: 31984 (SIRGAS 2000 - UTM 24S); Codificação: UTF-8
vw_PontosdeOnibus.fid-5b41923a_19c3ec54e70_3c2,193,POINT (-38.464076 -3.72665),1282,"RUA OLIVEIRA FILHO, 411",-3.72665,-38.464076,ETUFOR,2022,EPSG: 31984 (SIRGAS 2000 - UTM 24S); Codificação: UTF-8
vw_PontosdeOnibus.fid-5b41923a_19c3ec54e70_3c3,194,POINT (-38.461362 -3.726894),1283,"RUA CESAR CALS, 975",-3.726894,-38.461362,ETUFOR,2022,EPSG: 31984 (SIRGAS 2000 - UTM 24S); Codificação: UTF-8
vw_PontosdeOnibus.fid-5b41923a_19c3ec54e70_3c4,195,POINT (-38.46141 -3.726806),1284,"AVENIDA CESAR CALS, 1030",-3.726806,-38.46141,ETUFOR,2022,EPSG: 31984 (SIRGAS 2000 - UTM 24S); Codificação: UTF-8
vw_PontosdeOnibus.fid-5b41923a_19c3ec54e70_3c5,196,POINT (-38.462289 -3.725206),1285,"AVENIDA CESAR CALS, 876",-3.725206,-38.462289,ETUFOR,2022,EPSG: 31984 (SIRGAS 2000 - UTM 24S); Codificação: UTF-8
vw_PontosdeOnibus.fid-5b41923a_19c3ec54e70_3c6,197,POINT (-38.462328 -3.725136),1286,"AVENIDA CESAR CALS, 876",-3.725136,-38.462328,ETUFOR,2022,EPSG: 31984 (SIRGAS 2000 - UTM 24S); Codificação: UTF-8
vw_PontosdeOnibus.fid-5b41923a_19c3ec54e70_3c7,198,POINT (-38.463288 -3.723312),1287,"AVENIDA CESAR CALS, 510",-3.723312,-38.463288,ETUFOR,2022,EPSG: 31984 (SIRGAS 2000 - UTM 24S); Codificação: UTF-8
vw_PontosdeOnibus.fid-5b41923a_19c3ec54e70_3c8,199,POINT (-38.463311 -3.723267),1288,"AVENIDA CESAR CALS, 560",-3.723267,-38.463311,ETUFOR,2022,EPSG: 31984 (SIRGAS 2000 - UTM 24S); Codificação: UTF-8
vw_PontosdeOnibus.fid-5b41923a_19c3ec54e70_3c9,200,POINT (-38.595112 -3.717388),129,"RUA CIDADE PALHANO, 730",-3.717388,-38.595112,ETUFOR,2022,EPSG: 31984 (SIRGAS 2000 - UTM 24S); Codificação: UTF-8
vw_PontosdeOnibus.fid-5b41923a_19c3ec54e70_3ca,201,POINT (-38.614082 -3.762772),1292,"AVENIDA J CJ CEARA, 623",-3.762772,-38.614082,ETUFOR,2022,EPSG: 31984 (SIRGAS 2000 - UTM 24S); Codificação: UTF-8
vw_PontosdeOnibus.fid-5b41923a_19c3ec54e70_3cb,202,POINT (-38.608058 -3.758979),1296,"AVENIDA C CJ CEARA, 73",-3.758979,-38.608058,ETUFOR,2022,EPSG: 31984 (SIRGAS 2000 - UTM 24S); Codificação: UTF-8
vw_PontosdeOnibus.fid-5b41923a_19c3ec54e70_3cc,203,POINT (-38.608023 -3.758907),1297,"AVENIDA C CJ CEARA, 73",-3.758907,-38.608023,ETUFOR,2022,EPSG: 31984 (SIRGAS 2000 - UTM 24S); Codificação: UTF-8
vw_PontosdeOnibus.fid-5b41923a_19c3ec54e70_3cd,204,POINT (-38.591232 -3.704985),13,"AVENIDA CEL CARVALHO, 113",-3.704985,-38.591232,ETUFOR,2022,EPSG: 31984 (SIRGAS 2000 - UTM 24S); Codificação: UTF-8
vw_PontosdeOnibus.fid-5b41923a_19c3ec54e70_3ce,205,POINT (-38.594217 -3.717651),130,"RUA CIDADE PALHANO, 601",-3.717651,-38.594217,ETUFOR,2022,EPSG: 31984 (SIRGAS 2000 - UTM 24S); Codificação: UTF-8
vw_PontosdeOnibus.fid-5b41923a_19c3ec54e70_3cf,206,POINT (-38.604746 -3.755365),1301,"RUA TAILANDIA, 531",-3.755365,-38.604746,ETUFOR,2022,EPSG: 31984 (SIRGAS 2000 - UTM 24S); Codificação: UTF-8
vw_PontosdeOnibus.fid-5b41923a_19c3ec54e70_3d0,207,POINT (-38.606687 -3.759027),1302,"AVENIDA E CJ CEARA, 340",-3.759027,-38.606687,ETUFOR,2022,EPSG: 31984 (SIRGAS 2000 - UTM 24S); Codificação: UTF-8
vw_PontosdeOnibus.fid-5b41923a_19c3ec54e70_3d1,208,POINT (-38.606471 -3.759114),1303,"AVENIDA E CJ CEARA, 280",-3.759114,-38.606471,ETUFOR,2022,EPSG: 31984 (SIRGAS 2000 - UTM 24S); Codificação: UTF-8
vw_PontosdeOnibus.fid-5b41923a_19c3ec54e70_3d2,209,POINT (-38.601244 -3.756208),1304,"RUA PERILIO TEIXEIRA, 1056",-3.756208,-38.601244,ETUFOR,2022,EPSG: 31984 (SIRGAS 2000 - UTM 24S); Codificação: UTF-8
vw_PontosdeOnibus.fid-5b41923a_19c3ec54e70_3d3,210,POINT (-38.60187 -3.755412),1306,"RUA JOSE MENDONCA, 896",-3.755412,-38.60187,ETUFOR,2022,EPSG: 31984 (SIRGAS 2000 - UTM 24S); Codificação: UTF-8
vw_PontosdeOnibus.fid-5b41923a_19c3ec54e70_3d4,211,POINT (-38.602304 -3.757768),1307,"RUA JOSE MENDONCA, 531",-3.757768,-38.602304,ETUFOR,2022,EPSG: 31984 (SIRGAS 2000 - UTM 24S); Codificação: UTF-8
vw_PontosdeOnibus.fid-5b41923a_19c3ec54e70_3d5,212,POINT (-38.60154 -3.757706),1309,"RUA PERILIO TEIXEIRA, 800",-3.757706,-38.60154,ETUFOR,2022,EPSG: 31984 (SIRGAS 2000 - UTM 24S); Codificação: UTF-8
vw_PontosdeOnibus.fid-5b41923a_19c3ec54e70_3d6,213,POINT (-38.595202 -3.716537),131,"AVENIDA MOZART P.LUCENA, 1560",-3.716537,-38.595202,ETUFOR,2022,EPSG: 31984 (SIRGAS 2000 - UTM 24S); Codificação: UTF-8
vw_PontosdeOnibus.fid-5b41923a_19c3ec54e70_3d7,214,POINT (-38.609643 -3.762913),1312,"AVENIDA C CJ CEARA, 475",-3.762913,-38.609643,ETUFOR,2022,EPSG: 31984 (SIRGAS 2000 - UTM 24S); Codificação: UTF-8
vw_PontosdeOnibus.fid-5b41923a_19c3ec54e70_3d8,215,POINT (-38.609136 -3.761626),1314,"AVENIDA C CJ CEARA, 337",-3.761626,-38.609136,ETUFOR,2022,EPSG: 31984 (SIRGAS 2000 - UTM 24S); Codificação: UTF-8
vw_PontosdeOnibus.fid-5b41923a_19c3ec54e70_3d9,216,POINT (-38.609107 -3.76155),1315,"AVENIDA C CJ CEARA, 337A",-3.76155,-38.609107,ETUFOR,2022,EPSG: 31984 (SIRGAS 2000 - UTM 24S); Codificação: UTF-8
vw_PontosdeOnibus.fid-5b41923a_19c3ec54e70_3da,217,POINT (-38.605414 -3.759524),1318,"AVENIDA E CJ CEARA, 167",-3.759524,-38.605414,ETUFOR,2022,EPSG: 31984 (SIRGAS 2000 - UTM 24S); Codificação: UTF-8
vw_PontosdeOnibus.fid-5b41923a_19c3ec54e70_3db,218,POINT (-38.605331 -3.759556),1319,"AVENIDA E/CJ CEARÁ, 172",-3.759556,-38.605331,ETUFOR,2022,EPSG: 31984 (SIRGAS 2000 - UTM 24S); Codificação: UTF-8
vw_PontosdeOnibus.fid-5b41923a_19c3ec54e70_3dc,219,POINT (-38.596358 -3.716445),132,"AVENIDA AMBIENTALISTAARY THIERS, 131",-3.716445,-38.596358,ETUFOR,2022,EPSG: 31984 (SIRGAS 2000 - UTM 24S); Codificação: UTF-8
vw_PontosdeOnibus.fid-5b41923a_19c3ec54e70_3dd,220,POINT (-38.600652 -3.763013),1320,"RUA 30 DE MAIO    (D73), 552",-3.763013,-38.600652,ETUFOR,2022,EPSG: 31984 (SIRGAS 2000 - UTM 24S); Codificação: UTF-8
vw_PontosdeOnibus.fid-5b41923a_19c3ec54e70_3de,221,POINT (-38.603574 -3.760386),1322,"AVENIDA D CJ CEARA, 958",-3.760386,-38.603574,ETUFOR,2022,EPSG: 31984 (SIRGAS 2000 - UTM 24S); Codificação: UTF-8
vw_PontosdeOnibus.fid-5b41923a_19c3ec54e70_3df,222,POINT (-38.603607 -3.760296),1323,"AVENIDA D CJ CEARA, 965",-3.760296,-38.603607,ETUFOR,2022,EPSG: 31984 (SIRGAS 2000 - UTM 24S); Codificação: UTF-8
vw_PontosdeOnibus.fid-5b41923a_19c3ec54e70_3e0,223,POINT (-38.60289 -3.760879),1324,"RUA JOSE MENDONCA, 188",-3.760879,-38.60289,ETUFOR,2022,EPSG: 31984 (SIRGAS 2000 - UTM 24S); Codificação: UTF-8
vw_PontosdeOnibus.fid-5b41923a_19c3ec54e70_3e1,224,POINT (-38.615486 -3.766081),1326,"AVENIDA J CJ CEARA, 917",-3.766081,-38.615486,ETUFOR,2022,EPSG: 31984 (SIRGAS 2000 - UTM 24S); Codificação: UTF-8
vw_PontosdeOnibus.fid-5b41923a_19c3ec54e70_3e2,225,POINT (-38.61599 -3.767204),1328,"AVENIDA J CJ CEARA, 1035",-3.767204,-38.61599,ETUFOR,2022,EPSG: 31984 (SIRGAS 2000 - UTM 24S); Codificação: UTF-8
vw_PontosdeOnibus.fid-5b41923a_19c3ec54e70_3e3,226,POINT (-38.612935 -3.764951),1329,"AVENIDA MIN ALBUQUERQUE LIMA, 180",-3.764951,-38.612935,ETUFOR,2022,EPSG: 31984 (SIRGAS 2000 - UTM 24S); Codificação: UTF-8
vw_PontosdeOnibus.fid-5b41923a_19c3ec54e70_3e4,227,POINT (-38.594688 -3.714771),133,"AVENIDA MOZART P.LUCENA, 1357",-3.714771,-38.594688,ETUFOR,2022,EPSG: 31984 (SIRGAS 2000 - UTM 24S); Codificação: UTF-8
vw_PontosdeOnibus.fid-5b41923a_19c3ec54e70_3e5,228,POINT (-38.613567 -3.764364),1330,"AVENIDA MIN ALBUQUERQUE LIMA, 184",-3.764364,-38.613567,ETUFOR,2022,EPSG: 31984 (SIRGAS 2000 - UTM 24S); Codificação: UTF-8
vw_PontosdeOnibus.fid-5b41923a_19c3ec54e70_3e6,229,POINT (-38.614741 -3.764256),1332,"AVENIDA J CJ CEARA, 653",-3.764256,-38.614741,ETUFOR,2022,EPSG: 31984 (SIRGAS 2000 - UTM 24S); Codificação: UTF-8
vw_PontosdeOnibus.fid-5b41923a_19c3ec54e70_3e7,230,POINT (-38.619003 -3.772361),1333,"AVENIDA J CJ CEARA, 2892",-3.772361,-38.619003,ETUFOR,2022,EPSG: 31984 (SIRGAS 2000 - UTM 24S); Codificação: UTF-8
vw_PontosdeOnibus.fid-5b41923a_19c3ec54e70_3e8,231,POINT (-38.618829 -3.772026),1334,"AVENIDA J CJ CEARA, 2892",-3.772026,-38.618829,ETUFOR,2022,EPSG: 31984 (SIRGAS 2000 - UTM 24S); Codificação: UTF-8
vw_PontosdeOnibus.fid-5b41923a_19c3ec54e70_3e9,232,POINT (-38.617182 -3.769359),1335,"AVENIDA J CJ CEARA, 2250",-3.769359,-38.617182,ETUFOR,2022,EPSG: 31984 (SIRGAS 2000 - UTM 24S); Codificação: UTF-8
vw_PontosdeOnibus.fid-5b41923a_19c3ec54e70_3ea,233,POINT (-38.61727 -3.769481),1336,"AVENIDA J CJ CEARA, 2240",-3.769481,-38.61727,ETUFOR,2022,EPSG: 31984 (SIRGAS 2000 - UTM 24S); Codificação: UTF-8
vw_PontosdeOnibus.fid-5b41923a_19c3ec54e70_3eb,234,POINT (-38.615105 -3.77225),1337,"AVENIDA C CJ CEARA, 1625",-3.77225,-38.615105,ETUFOR,2022,EPSG: 31984 (SIRGAS 2000 - UTM 24S); Codificação: UTF-8
vw_PontosdeOnibus.fid-5b41923a_19c3ec54e70_3ec,235,POINT (-38.618228 -3.770863),1339,"AVENIDA J CJ CEARA, 2052",-3.770863,-38.618228,ETUFOR,2022,EPSG: 31984 (SIRGAS 2000 - UTM 24S); Codificação: UTF-8
vw_PontosdeOnibus.fid-5b41923a_19c3ec54e70_3ed,236,POINT (-38.618212 -3.770835),1340,"AVENIDA J CJ CEARA, 2580",-3.770835,-38.618212,ETUFOR,2022,EPSG: 31984 (SIRGAS 2000 - UTM 24S); Codificação: UTF-8
vw_PontosdeOnibus.fid-5b41923a_19c3ec54e70_3ee,237,POINT (-38.614471 -3.77156),1341,"AVENIDA C CJ CEARA, 816",-3.77156,-38.614471,ETUFOR,2022,EPSG: 31984 (SIRGAS 2000 - UTM 24S); Codificação: UTF-8
vw_PontosdeOnibus.fid-5b41923a_19c3ec54e70_3ef,238,POINT (-38.613511 -3.769231),1344,"AVENIDA C CJ CEARA, 1235",-3.769231,-38.613511,ETUFOR,2022,EPSG: 31984 (SIRGAS 2000 - UTM 24S); Codificação: UTF-8
vw_PontosdeOnibus.fid-5b41923a_19c3ec54e70_3f0,239,POINT (-38.613496 -3.769214),1345,"AVENIDA C CJ CEARA, 1215",-3.769214,-38.613496,ETUFOR,2022,EPSG: 31984 (SIRGAS 2000 - UTM 24S); Codificação: UTF-8
vw_PontosdeOnibus.fid-5b41923a_19c3ec54e70_3f1,240,POINT (-38.6103 -3.764566),1348,"AVENIDA C CJ CEARA, 635",-3.764566,-38.6103,ETUFOR,2022,EPSG: 31984 (SIRGAS 2000 - UTM 24S); Codificação: UTF-8
vw_PontosdeOnibus.fid-5b41923a_19c3ec54e70_3f2,241,POINT (-38.610239 -3.764416),1349,"AVENIDA C CJ CEARA, 478",-3.764416,-38.610239,ETUFOR,2022,EPSG: 31984 (SIRGAS 2000 - UTM 24S); Codificação: UTF-8
vw_PontosdeOnibus.fid-5b41923a_19c3ec54e70_3f3,242,POINT (-38.592456 -3.718174),135,"RUA DOR AMADEU SA, 353",-3.718174,-38.592456,ETUFOR,2022,EPSG: 31984 (SIRGAS 2000 - UTM 24S); Codificação: UTF-8
vw_PontosdeOnibus.fid-5b41923a_19c3ec54e70_3f4,243,POINT (-38.610955 -3.766208),1350,"AVENIDA C CJ CEARA, SN",-3.766208,-38.610955,ETUFOR,2022,EPSG: 31984 (SIRGAS 2000 - UTM 24S); Codificação: UTF-8
vw_PontosdeOnibus.fid-5b41923a_19c3ec54e70_3f5,244,POINT (-38.610912 -3.7661),1351,"AVENIDA C CJ CEARA, 805",-3.7661,-38.610912,ETUFOR,2022,EPSG: 31984 (SIRGAS 2000 - UTM 24S); Codificação: UTF-8
vw_PontosdeOnibus.fid-5b41923a_19c3ec54e70_3f6,245,POINT (-38.609766 -3.767274),1352,"AVENIDA MIN ALBUQUERQUE LIMA, 178",-3.767274,-38.609766,ETUFOR,2022,EPSG: 31984 (SIRGAS 2000 - UTM 24S); Codificação: UTF-8
vw_PontosdeOnibus.fid-5b41923a_19c3ec54e70_3f7,246,POINT (-38.608945 -3.767753),1353,"AVENIDA MIN ALBUQUERQUE LIMA, 170",-3.767753,-38.608945,ETUFOR,2022,EPSG: 31984 (SIRGAS 2000 - UTM 24S); Codificação: UTF-8
vw_PontosdeOnibus.fid-5b41923a_19c3ec54e70_3f8,247,POINT (-38.608579 -3.767976),1354,"AVENIDA MIN ALBUQUERQUE LIMA, 285",-3.767976,-38.608579,ETUFOR,2022,EPSG: 31984 (SIRGAS 2000 - UTM 24S); Codificação: UTF-8
vw_PontosdeOnibus.fid-5b41923a_19c3ec54e70_3f9,248,POINT (-38.607247 -3.768334),1355,"AVENIDA ALANIS MARIA LAURINDO OLIVEIRA, 760",-3.768334,-38.607247,ETUFOR,2022,EPSG: 31984 (SIRGAS 2000 - UTM 24S); Codificação: UTF-8
vw_PontosdeOnibus.fid-5b41923a_19c3ec54e70_3fa,249,POINT (-38.606178 -3.766652),1356,"AVENIDA B CJ CEARA, 550",-3.766652,-38.606178,ETUFOR,2022,EPSG: 31984 (SIRGAS 2000 - UTM 24S); Codificação: UTF-8
vw_PontosdeOnibus.fid-5b41923a_19c3ec54e70_3fb,250,POINT (-38.605929 -3.766256),1357,"AVENIDA ALANIS MARIA LAURINDO DE OLIVEIRA, 510",-3.766256,-38.605929,ETUFOR,2022,EPSG: 31984 (SIRGAS 2000 - UTM 24S); Codificação: UTF-8
vw_PontosdeOnibus.fid-5b41923a_19c3ec54e70_3fc,251,POINT (-38.605055 -3.764878),1358,"AVENIDA B CJ CEARA, 370",-3.764878,-38.605055,ETUFOR,2022,EPSG: 31984 (SIRGAS 2000 - UTM 24S); Codificação: UTF-8
vw_PontosdeOnibus.fid-5b41923a_19c3ec54e70_3fd,252,POINT (-38.591646 -3.718418),136,"RUA DOR AMADEU SA, 349",-3.718418,-38.591646,ETUFOR,2022,EPSG: 31984 (SIRGAS 2000 - UTM 24S); Codificação: UTF-8
vw_PontosdeOnibus.fid-5b41923a_19c3ec54e70_3fe,253,POINT (-38.601344 -3.76701),1360,"AVENIDA A CJ CEARA, 613",-3.76701,-38.601344,ETUFOR,2022,EPSG: 31984 (SIRGAS 2000 - UTM 24S); Codificação: UTF-8
vw_PontosdeOnibus.fid-5b41923a_19c3ec54e70_3ff,254,POINT (-38.602354 -3.767474),1361,"AVENIDA A CJ CEARA, 668",-3.767474,-38.602354,ETUFOR,2022,EPSG: 31984 (SIRGAS 2000 - UTM 24S); Codificação: UTF-8
vw_PontosdeOnibus.fid-5b41923a_19c3ec54e70_400,255,POINT (-38.602018 -3.76446),1362,"AVENIDA D CJ CEARA, 1429",-3.76446,-38.602018,ETUFOR,2022,EPSG: 31984 (SIRGAS 2000 - UTM 24S); Codificação: UTF-8
vw_PontosdeOnibus.fid-5b41923a_19c3ec54e70_401,256,POINT (-38.606688 -3.770619),1363,"AVENIDA L CJ CEARA, SN",-3.770619,-38.606688,ETUFOR,2022,EPSG: 31984 (SIRGAS 2000 - UTM 24S); Codificação: UTF-8
vw_PontosdeOnibus.fid-5b41923a_19c3ec54e70_402,257,POINT (-38.605991 -3.770136),1364,"AVENIDA MIN ALBUQUERQUE LIMA, 788",-3.770136,-38.605991,ETUFOR,2022,EPSG: 31984 (SIRGAS 2000 - UTM 24S); Codificação: UTF-8
vw_PontosdeOnibus.fid-5b41923a_19c3ec54e70_403,258,POINT (-38.606561 -3.769675),1365,"AVENIDA 151 CJ CEARA, 151",-3.769675,-38.606561,ETUFOR,2022,EPSG: 31984 (SIRGAS 2000 - UTM 24S); Codificação: UTF-8
vw_PontosdeOnibus.fid-5b41923a_19c3ec54e70_404,259,POINT (-38.605887 -3.770196),1366,"AVENIDA MIN ALBUQUERQUE LIMA, 804",-3.770196,-38.605887,ETUFOR,2022,EPSG: 31984 (SIRGAS 2000 - UTM 24S); Codificação: UTF-8
vw_PontosdeOnibus.fid-5b41923a_19c3ec54e70_405,260,POINT (-38.605088 -3.772101),1367,"AVENIDA A CJ CEARA, 1160",-3.772101,-38.605088,ETUFOR,2022,EPSG: 31984 (SIRGAS 2000 - UTM 24S); Codificação: UTF-8
vw_PontosdeOnibus.fid-5b41923a_19c3ec54e70_406,261,POINT (-38.604936 -3.771542),1368,"AVENIDA 727 CJ CEARA, 1230",-3.771542,-38.604936,ETUFOR,2022,EPSG: 31984 (SIRGAS 2000 - UTM 24S); Codificação: UTF-8
vw_PontosdeOnibus.fid-5b41923a_19c3ec54e70_407,262,POINT (-38.604566 -3.770201),1369,"AVENIDA A CJ CEARA, 1028",-3.770201,-38.604566,ETUFOR,2022,EPSG: 31984 (SIRGAS 2000 - UTM 24S); Codificação: UTF-8
vw_PontosdeOnibus.fid-5b41923a_19c3ec54e70_408,263,POINT (-38.604344 -3.769418),1370,"AVENIDA A CJ CEARA, 1039",-3.769418,-38.604344,ETUFOR,2022,EPSG: 31984 (SIRGAS 2000 - UTM 24S); Codificação: UTF-8
vw_PontosdeOnibus.fid-5b41923a_19c3ec54e70_409,264,POINT (-38.603347 -3.767938),1371,"AVENIDA A CJ CEARA, 884",-3.767938,-38.603347,ETUFOR,2022,EPSG: 31984 (SIRGAS 2000 - UTM 24S); Codificação: UTF-8
vw_PontosdeOnibus.fid-5b41923a_19c3ec54e70_40a,265,POINT (-38.607359 -3.768512),1372,"AVENIDA ALANIS MARIA LAURINDO OLIVEIRA, 760",-3.768512,-38.607359,ETUFOR,2022,EPSG: 31984 (SIRGAS 2000 - UTM 24S); Codificação: UTF-8
vw_PontosdeOnibus.fid-5b41923a_19c3ec54e70_40b,266,POINT (-38.603607 -3.770887),1373,"AVENIDA MIN ALBUQUERQUE LIMA, 1058",-3.770887,-38.603607,ETUFOR,2022,EPSG: 31984 (SIRGAS 2000 - UTM 24S); Codificação: UTF-8
vw_PontosdeOnibus.fid-5b41923a_19c3ec54e70_40c,267,POINT (-38.60272 -3.770992),1374,"AVENIDA MIN ALBUQUERQUE LIMA, 1113",-3.770992,-38.60272,ETUFOR,2022,EPSG: 31984 (SIRGAS 2000 - UTM 24S); Codificação: UTF-8
vw_PontosdeOnibus.fid-5b41923a_19c3ec54e70_40d,268,POINT (-38.602349 -3.770979),1375,"AVENIDA MIN ALBUQUERQUE LIMA, 1412",-3.770979,-38.602349,ETUFOR,2022,EPSG: 31984 (SIRGAS 2000 - UTM 24S); Codificação: UTF-8
vw_PontosdeOnibus.fid-5b41923a_19c3ec54e70_40e,269,POINT (-38.601647 -3.770867),1376,"AVENIDA MIN ALBUQUERQUE LIMA, 1225",-3.770867,-38.601647,ETUFOR,2022,EPSG: 31984 (SIRGAS 2000 - UTM 24S); Codificação: UTF-8
vw_PontosdeOnibus.fid-5b41923a_19c3ec54e70_40f,270,POINT (-38.596999 -3.766568),1379,"AVENIDA I CJ CEARA, 335",-3.766568,-38.596999,ETUFOR,2022,EPSG: 31984 (SIRGAS 2000 - UTM 24S); Codificação: UTF-8
vw_PontosdeOnibus.fid-5b41923a_19c3ec54e70_410,271,POINT (-38.589574 -3.711183),138,"AVENIDA CEL CARVALHO, 1038",-3.711183,-38.589574,ETUFOR,2022,EPSG: 31984 (SIRGAS 2000 - UTM 24S); Codificação: UTF-8
vw_PontosdeOnibus.fid-5b41923a_19c3ec54e70_411,272,POINT (-38.597036 -3.7665),1380,"AVENIDA I CJ CEARA, 337",-3.7665,-38.597036,ETUFOR,2022,EPSG: 31984 (SIRGAS 2000 - UTM 24S); Codificação: UTF-8
vw_PontosdeOnibus.fid-5b41923a_19c3ec54e70_412,273,POINT (-38.59865 -3.765902),1381,"AVENIDA I CJ CEARA, 211",-3.765902,-38.59865,ETUFOR,2022,EPSG: 31984 (SIRGAS 2000 - UTM 24S); Codificação: UTF-8
vw_PontosdeOnibus.fid-5b41923a_19c3ec54e70_413,274,POINT (-38.59856 -3.76588),1382,"AVENIDA I CJ CEARA, 237",-3.76588,-38.59856,ETUFOR,2022,EPSG: 31984 (SIRGAS 2000 - UTM 24S); Codificação: UTF-8
vw_PontosdeOnibus.fid-5b41923a_19c3ec54e70_414,275,POINT (-38.600587 -3.766667),1383,"AVENIDA I CJ CEARA, 220",-3.766667,-38.600587,ETUFOR,2022,EPSG: 31984 (SIRGAS 2000 - UTM 24S); Codificação: UTF-8
vw_PontosdeOnibus.fid-5b41923a_19c3ec54e70_415,276,POINT (-38.593116 -3.766873),1384,"AVENIDA AUDISIO PINHEIRO, 1883",-3.766873,-38.593116,ETUFOR,2022,EPSG: 31984 (SIRGAS 2000 - UTM 24S); Codificação: UTF-8
vw_PontosdeOnibus.fid-5b41923a_19c3ec54e70_416,277,POINT (-38.598419 -3.770188),1389,"AVENIDA MIN ALBUQUERQUE LIMA, 1730",-3.770188,-38.598419,ETUFOR,2022,EPSG: 31984 (SIRGAS 2000 - UTM 24S); Codificação: UTF-8
vw_PontosdeOnibus.fid-5b41923a_19c3ec54e70_417,278,POINT (-38.589429 -3.711356),139,"AVENIDA CEL CARVALHO, 1033",-3.711356,-38.589429,ETUFOR,2022,EPSG: 31984 (SIRGAS 2000 - UTM 24S); Codificação: UTF-8
vw_PontosdeOnibus.fid-5b41923a_19c3ec54e70_418,279,POINT (-38.600153 -3.770544),1391,"AVENIDA MIN ALBUQUERQUE LIMA, 1431",-3.770544,-38.600153,ETUFOR,2022,EPSG: 31984 (SIRGAS 2000 - UTM 24S); Codificação: UTF-8
vw_PontosdeOnibus.fid-5b41923a_19c3ec54e70_419,280,POINT (-38.600111 -3.770535),1392,"AVENIDA MIN ALBUQUERQUE LIMA, 1412",-3.770535,-38.600111,ETUFOR,2022,EPSG: 31984 (SIRGAS 2000 - UTM 24S); Codificação: UTF-8
vw_PontosdeOnibus.fid-5b41923a_19c3ec54e70_41a,281,POINT (-38.607703 -3.774932),1393,"AVENIDA L CJ CEARÁ, 135",-3.774932,-38.607703,ETUFOR,2022,EPSG: 31984 (SIRGAS 2000 - UTM 24S); Codificação: UTF-8
vw_PontosdeOnibus.fid-5b41923a_19c3ec54e70_41b,282,POINT (-38.610353 -3.774091),1395,"AVENIDA G CJ CEARA, 615",-3.774091,-38.610353,ETUFOR,2022,EPSG: 31984 (SIRGAS 2000 - UTM 24S); Codificação: UTF-8
vw_PontosdeOnibus.fid-5b41923a_19c3ec54e70_41c,283,POINT (-38.609249 -3.775687),1396,"AVENIDA H CJ CEARA, 1285",-3.775687,-38.609249,ETUFOR,2022,EPSG: 31984 (SIRGAS 2000 - UTM 24S); Codificação: UTF-8
vw_PontosdeOnibus.fid-5b41923a_19c3ec54e70_41d,284,POINT (-38.609297 -3.775693),1397,"AVENIDA H CJ CEARA, 1280",-3.775693,-38.609297,ETUFOR,2022,EPSG: 31984 (SIRGAS 2000 - UTM 24S); Codificação: UTF-8
vw_PontosdeOnibus.fid-5b41923a_19c3ec54e70_41e,285,POINT (-38.605791 -3.775133),1398,"AVENIDA H CJ CEARA, 901",-3.775133,-38.605791,ETUFOR,2022,EPSG: 31984 (SIRGAS 2000 - UTM 24S); Codificação: UTF-8
vw_PontosdeOnibus.fid-5b41923a_19c3ec54e70_41f,286,POINT (-38.605531 -3.775104),1399,"AVENIDA H CJ CEARA, 901",-3.775104,-38.605531,ETUFOR,2022,EPSG: 31984 (SIRGAS 2000 - UTM 24S); Codificação: UTF-8
vw_PontosdeOnibus.fid-5b41923a_19c3ec54e70_420,287,POINT (-38.591227 -3.70349),14,"AVENIDA FRANCISCO SA, 7998",-3.70349,-38.591227,ETUFOR,2022,EPSG: 31984 (SIRGAS 2000 - UTM 24S); Codificação: UTF-8
vw_PontosdeOnibus.fid-5b41923a_19c3ec54e70_421,288,POINT (-38.605785 -3.774638),1400,"AVENIDA A CJ CEARA, 1455",-3.774638,-38.605785,ETUFOR,2022,EPSG: 31984 (SIRGAS 2000 - UTM 24S); Codificação: UTF-8
vw_PontosdeOnibus.fid-5b41923a_19c3ec54e70_422,289,POINT (-38.605698 -3.774326),1401,"AVENIDA 741 CJ CEARA, 201",-3.774326,-38.605698,ETUFOR,2022,EPSG: 31984 (SIRGAS 2000 - UTM 24S); Codificação: UTF-8
vw_PontosdeOnibus.fid-5b41923a_19c3ec54e70_423,290,POINT (-38.604221 -3.77495),1402,"AVENIDA I CJ CEARA, 901",-3.77495,-38.604221,ETUFOR,2022,EPSG: 31984 (SIRGAS 2000 - UTM 24S); Codificação: UTF-8
vw_PontosdeOnibus.fid-5b41923a_19c3ec54e70_424,291,POINT (-38.606192 -3.776091),1403,"RUA JOSE TORRES, 1576",-3.776091,-38.606192,ETUFOR,2022,EPSG: 31984 (SIRGAS 2000 - UTM 24S); Codificação: UTF-8
vw_PontosdeOnibus.fid-5b41923a_19c3ec54e70_425,292,POINT (-38.604164 -3.774944),1404,"AVENIDA I CJ CEARA, 2736",-3.774944,-38.604164,ETUFOR,2022,EPSG: 31984 (SIRGAS 2000 - UTM 24S); Codificação: UTF-8
vw_PontosdeOnibus.fid-5b41923a_19c3ec54e70_426,293,POINT (-38.602141 -3.77728),1408,"RUA DUAS NACOES, 570",-3.77728,-38.602141,ETUFOR,2022,EPSG: 31984 (SIRGAS 2000 - UTM 24S); Codificação: UTF-8
vw_PontosdeOnibus.fid-5b41923a_19c3ec54e70_427,294,POINT (-38.607365 -3.779101),1409,"RUA TEODORO DE CASTRO, 1883",-3.779101,-38.607365,ETUFOR,2022,EPSG: 31984 (SIRGAS 2000 - UTM 24S); Codificação: UTF-8
vw_PontosdeOnibus.fid-5b41923a_19c3ec54e70_428,295,POINT (-38.579301 -3.713819),141,"RUA TULIPA, 375",-3.713819,-38.579301,ETUFOR,2022,EPSG: 31984 (SIRGAS 2000 - UTM 24S); Codificação: UTF-8
vw_PontosdeOnibus.fid-5b41923a_19c3ec54e70_429,296,POINT (-38.607206 -3.779148),1410,"RUA TEODORO DE CASTRO, 1840",-3.779148,-38.607206,ETUFOR,2022,EPSG: 31984 (SIRGAS 2000 - UTM 24S); Codificação: UTF-8
vw_PontosdeOnibus.fid-5b41923a_19c3ec54e70_42a,297,POINT (-38.605069 -3.779748),1411,"RUA TEODORO DE CASTRO, 1612",-3.779748,-38.605069,ETUFOR,2022,EPSG: 31984 (SIRGAS 2000 - UTM 24S); Codificação: UTF-8
vw_PontosdeOnibus.fid-5b41923a_19c3ec54e70_42b,298,POINT (-38.60519 -3.779719),1412,"RUA TEODORO DE CASTRO, 1609",-3.779719,-38.60519,ETUFOR,2022,EPSG: 31984 (SIRGAS 2000 - UTM 24S); Codificação: UTF-8
vw_PontosdeOnibus.fid-5b41923a_19c3ec54e70_42c,299,POINT (-38.606772 -3.778179),1413,"RUA JOSE TORRES, 824",-3.778179,-38.606772,ETUFOR,2022,EPSG: 31984 (SIRGAS 2000 - UTM 24S); Codificação: UTF-8
vw_PontosdeOnibus.fid-5b41923a_19c3ec54e70_42d,300,POINT (-38.607319 -3.780145),1414,"RUA JOSE TORRES, 1048",-3.780145,-38.607319,ETUFOR,2022,EPSG: 31984 (SIRGAS 2000 - UTM 24S); Codificação: UTF-8
vw_PontosdeOnibus.fid-5b41923a_19c3ec54e70_42e,301,POINT (-38.601275 -3.777848),1415,"RUA EMILIO DE MENESES, 2276",-3.777848,-38.601275,ETUFOR,2022,EPSG: 31984 (SIRGAS 2000 - UTM 24S); Codificação: UTF-8
vw_PontosdeOnibus.fid-5b41923a_19c3ec54e70_42f,302,POINT (-38.603849 -3.780086),1419,"RUA TEODORO DE CASTRO, 1415",-3.780086,-38.603849,ETUFOR,2022,EPSG: 31984 (SIRGAS 2000 - UTM 24S); Codificação: UTF-8
vw_PontosdeOnibus.fid-5b41923a_19c3ec54e70_430,303,POINT (-38.579404 -3.714091),142,"RUA TULIPA, 420",-3.714091,-38.579404,ETUFOR,2022,EPSG: 31984 (SIRGAS 2000 - UTM 24S); Codificação: UTF-8
vw_PontosdeOnibus.fid-5b41923a_19c3ec54e70_431,304,POINT (-38.603911 -3.780069),1420,"RUA TEODORO DE CASTRO, 1423",-3.780069,-38.603911,ETUFOR,2022,EPSG: 31984 (SIRGAS 2000 - UTM 24S); Codificação: UTF-8
vw_PontosdeOnibus.fid-5b41923a_19c3ec54e70_432,305,POINT (-38.599907 -3.777069),1421,"RUA ANTONIO NERY, 495",-3.777069,-38.599907,ETUFOR,2022,EPSG: 31984 (SIRGAS 2000 - UTM 24S); Codificação: UTF-8
vw_PontosdeOnibus.fid-5b41923a_19c3ec54e70_433,306,POINT (-38.598384 -3.777907),1424,"RUA VITAL BRASIL, 1948",-3.777907,-38.598384,ETUFOR,2022,EPSG: 31984 (SIRGAS 2000 - UTM 24S); Codificação: UTF-8
vw_PontosdeOnibus.fid-5b41923a_19c3ec54e70_434,307,POINT (-38.598675 -3.778579),1425,"RUA EMILIO DE MENESES, 1947",-3.778579,-38.598675,ETUFOR,2022,EPSG: 31984 (SIRGAS 2000 - UTM 24S); Codificação: UTF-8
vw_PontosdeOnibus.fid-5b41923a_19c3ec54e70_435,308,POINT (-38.594131 -3.779106),1426,"RUA VITAL BRASIL, 1430",-3.779106,-38.594131,ETUFOR,2022,EPSG: 31984 (SIRGAS 2000 - UTM 24S); Codificação: UTF-8
vw_PontosdeOnibus.fid-5b41923a_19c3ec54e70_436,309,POINT (-38.595764 -3.779391),1428,"RUA EMILIO DE MENESES, 1551",-3.779391,-38.595764,ETUFOR,2022,EPSG: 31984 (SIRGAS 2000 - UTM 24S); Codificação: UTF-8
vw_PontosdeOnibus.fid-5b41923a_19c3ec54e70_437,310,POINT (-38.593507 -3.780034),1429,"RUA EMILIO DE MENESES, 1372",-3.780034,-38.593507,ETUFOR,2022,EPSG: 31984 (SIRGAS 2000 - UTM 24S); Codificação: UTF-8
vw_PontosdeOnibus.fid-5b41923a_19c3ec54e70_438,311,POINT (-38.591249 -3.779916),1430,"RUA VITAL BRASIL, 1097",-3.779916,-38.591249,ETUFOR,2022,EPSG: 31984 (SIRGAS 2000 - UTM 24S); Codificação: UTF-8
vw_PontosdeOnibus.fid-5b41923a_19c3ec54e70_439,312,POINT (-38.589993 -3.781026),1431,"RUA EMILIO DE MENESES, 957",-3.781026,-38.589993,ETUFOR,2022,EPSG: 31984 (SIRGAS 2000 - UTM 24S); Codificação: UTF-8
vw_PontosdeOnibus.fid-5b41923a_19c3ec54e70_43a,313,POINT (-38.603444 -3.729325),1433,"RUA BARRINHA, 2956",-3.729325,-38.603444,ETUFOR,2022,EPSG: 31984 (SIRGAS 2000 - UTM 24S); Codificação: UTF-8
vw_PontosdeOnibus.fid-5b41923a_19c3ec54e70_43b,314,POINT (-38.603414 -3.729223),1434,"RUA STA MARIA GORETE, 2950",-3.729223,-38.603414,ETUFOR,2022,EPSG: 31984 (SIRGAS 2000 - UTM 24S); Codificação: UTF-8
vw_PontosdeOnibus.fid-5b41923a_19c3ec54e70_43c,315,POINT (-38.603286 -3.730506),1435,"RUA DONA LÚCIA PINHEIRO, 2723",-3.730506,-38.603286,ETUFOR,2022,EPSG: 31984 (SIRGAS 2000 - UTM 24S); Codificação: UTF-8
vw_PontosdeOnibus.fid-5b41923a_19c3ec54e70_43d,316,POINT (-38.603201 -3.73053),1436,"RUA DONA LÚCIA PINHEIRO, 2726",-3.73053,-38.603201,ETUFOR,2022,EPSG: 31984 (SIRGAS 2000 - UTM 24S); Codificação: UTF-8
vw_PontosdeOnibus.fid-5b41923a_19c3ec54e70_43e,317,POINT (-38.601616 -3.730972),1437,"RUA DONA LÚCIA PINHEIRO, 2556",-3.730972,-38.601616,ETUFOR,2022,EPSG: 31984 (SIRGAS 2000 - UTM 24S); Codificação: UTF-8
vw_PontosdeOnibus.fid-5b41923a_19c3ec54e70_43f,318,POINT (-38.579284 -3.709885),144,"AVENIDA FRANCISCO SA, 6200",-3.709885,-38.579284,ETUFOR,2022,EPSG: 31984 (SIRGAS 2000 - UTM 24S); Codificação: UTF-8
vw_PontosdeOnibus.fid-5b41923a_19c3ec54e70_440,319,POINT (-38.599445 -3.731589),1440,"RUA DO TRABALHADOR, 2409 A",-3.731589,-38.599445,ETUFOR,2022,EPSG: 31984 (SIRGAS 2000 - UTM 24S); Codificação: UTF-8
vw_PontosdeOnibus.fid-5b41923a_19c3ec54e70_441,320,POINT (-38.598758 -3.731764),1441,"RUA XXV CIDADE OESTE, 2262",-3.731764,-38.598758,ETUFOR,2022,EPSG: 31984 (SIRGAS 2000 - UTM 24S); Codificação: UTF-8
vw_PontosdeOnibus.fid-5b41923a_19c3ec54e70_442,321,POINT (-38.597893 -3.732002),1442,"RUA DON LÚCIA PINHEIRO, 92",-3.732002,-38.597893,ETUFOR,2022,EPSG: 31984 (SIRGAS 2000 - UTM 24S); Codificação: UTF-8
vw_PontosdeOnibus.fid-5b41923a_19c3ec54e70_443,322,POINT (-38.597792 -3.731258),1443,"RUA XIX CIDADE OESTE, 258",-3.731258,-38.597792,ETUFOR,2022,EPSG: 31984 (SIRGAS 2000 - UTM 24S); Codificação: UTF-8
vw_PontosdeOnibus.fid-5b41923a_19c3ec54e70_444,323,POINT (-38.597672 -3.7301),1444,"RUA XXVII CIDADE OESTE, 344",-3.7301,-38.597672,ETUFOR,2022,EPSG: 31984 (SIRGAS 2000 - UTM 24S); Codificação: UTF-8
vw_PontosdeOnibus.fid-5b41923a_19c3ec54e70_445,324,POINT (-38.597578 -3.729765),1445,"RUA XXVII CIDADE OESTE, 263",-3.729765,-38.597578,ETUFOR,2022,EPSG: 31984 (SIRGAS 2000 - UTM 24S); Codificação: UTF-8
vw_PontosdeOnibus.fid-5b41923a_19c3ec54e70_446,325,POINT (-38.597393 -3.729007),1446,"RUA XXVII CIDADE OESTE, 160",-3.729007,-38.597393,ETUFOR,2022,EPSG: 31984 (SIRGAS 2000 - UTM 24S); Codificação: UTF-8
vw_PontosdeOnibus.fid-5b41923a_19c3ec54e70_447,326,POINT (-38.598265 -3.728034),1447,"RUA XV CIDADE OESTE, 230",-3.728034,-38.598265,ETUFOR,2022,EPSG: 31984 (SIRGAS 2000 - UTM 24S); Codificação: UTF-8
vw_PontosdeOnibus.fid-5b41923a_19c3ec54e70_448,327,POINT (-38.593749 -3.732244),1449,"RUA GAL ALIPIO DOS SANTOS, 1244",-3.732244,-38.593749,ETUFOR,2022,EPSG: 31984 (SIRGAS 2000 - UTM 24S); Codificação: UTF-8
vw_PontosdeOnibus.fid-5b41923a_19c3ec54e70_449,328,POINT (-38.595909 -3.731827),1450,"RUA XX CIDADE OESTE, 301",-3.731827,-38.595909,ETUFOR,2022,EPSG: 31984 (SIRGAS 2000 - UTM 24S); Codificação: UTF-8
vw_PontosdeOnibus.fid-5b41923a_19c3ec54e70_44a,329,POINT (-38.59625 -3.731705),1451,"RUA XIX CIDADE OESTE, 30",-3.731705,-38.59625,ETUFOR,2022,EPSG: 31984 (SIRGAS 2000 - UTM 24S); Codificação: UTF-8
vw_PontosdeOnibus.fid-5b41923a_19c3ec54e70_44b,330,POINT (-38.599845 -3.733116),1452,"AVENIDA MOZART P.LUCENA, 3256",-3.733116,-38.599845,ETUFOR,2022,EPSG: 31984 (SIRGAS 2000 - UTM 24S); Codificação: UTF-8
vw_PontosdeOnibus.fid-5b41923a_19c3ec54e70_44c,331,POINT (-38.599986 -3.734313),1453,"RUA DOR PIO SARAIVA, 31",-3.734313,-38.599986,ETUFOR,2022,EPSG: 31984 (SIRGAS 2000 - UTM 24S); Codificação: UTF-8
vw_PontosdeOnibus.fid-5b41923a_19c3ec54e70_44d,332,POINT (-38.599978 -3.734398),1454,"RUA DOR PIO SARAIVA, 62",-3.734398,-38.599978,ETUFOR,2022,EPSG: 31984 (SIRGAS 2000 - UTM 24S); Codificação: UTF-8
vw_PontosdeOnibus.fid-5b41923a_19c3ec54e70_44e,333,POINT (-38.599767 -3.735972),1455,"RUA DOR PIO SARAIVA, 192",-3.735972,-38.599767,ETUFOR,2022,EPSG: 31984 (SIRGAS 2000 - UTM 24S); Codificação: UTF-8
vw_PontosdeOnibus.fid-5b41923a_19c3ec54e70_44f,334,POINT (-38.596769 -3.732612),1456,"RUA PDE PERDIGAO SAMPAIO, 05",-3.732612,-38.596769,ETUFOR,2022,EPSG: 31984 (SIRGAS 2000 - UTM 24S); Codificação: UTF-8
vw_PontosdeOnibus.fid-5b41923a_19c3ec54e70_450,335,POINT (-38.595901 -3.734498),1457,"RUA PDE PERDIGAO SAMPAIO, 111",-3.734498,-38.595901,ETUFOR,2022,EPSG: 31984 (SIRGAS 2000 - UTM 24S); Codificação: UTF-8
vw_PontosdeOnibus.fid-5b41923a_19c3ec54e70_451,336,POINT (-38.595265 -3.735996),1458,"RUA PDE PERDIGAO SAMPAIO, 447",-3.735996,-38.595265,ETUFOR,2022,EPSG: 31984 (SIRGAS 2000 - UTM 24S); Codificação: UTF-8
vw_PontosdeOnibus.fid-5b41923a_19c3ec54e70_452,337,POINT (-38.594762 -3.732398),1459,"RUA XXIX CIDADE OESTE, 378",-3.732398,-38.594762,ETUFOR,2022,EPSG: 31984 (SIRGAS 2000 - UTM 24S); Codificação: UTF-8
vw_PontosdeOnibus.fid-5b41923a_19c3ec54e70_453,338,POINT (-38.591573 -3.732943),1460,"RUA DEP MATOSO FILHO, 790",-3.732943,-38.591573,ETUFOR,2022,EPSG: 31984 (SIRGAS 2000 - UTM 24S); Codificação: UTF-8
vw_PontosdeOnibus.fid-5b41923a_19c3ec54e70_454,339,POINT (-38.590734 -3.73257),1461,"RUA DEP MATOSO FILHO, 699",-3.73257,-38.590734,ETUFOR,2022,EPSG: 31984 (SIRGAS 2000 - UTM 24S); Codificação: UTF-8
vw_PontosdeOnibus.fid-5b41923a_19c3ec54e70_455,340,POINT (-38.590409 -3.732429),1462,"RUA DEP MATOSO FILHO, 650",-3.732429,-38.590409,ETUFOR,2022,EPSG: 31984 (SIRGAS 2000 - UTM 24S); Codificação: UTF-8
vw_PontosdeOnibus.fid-5b41923a_19c3ec54e70_456,341,POINT (-38.592643 -3.733248),1463,"RUA EMILIA GONCALVES, 1244",-3.733248,-38.592643,ETUFOR,2022,EPSG: 31984 (SIRGAS 2000 - UTM 24S); Codificação: UTF-8
vw_PontosdeOnibus.fid-5b41923a_19c3ec54e70_457,342,POINT (-38.591391 -3.734902),1464,"RUA SGT HERMINIO, 185",-3.734902,-38.591391,ETUFOR,2022,EPSG: 31984 (SIRGAS 2000 - UTM 24S); Codificação: UTF-8
vw_PontosdeOnibus.fid-5b41923a_19c3ec54e70_458,343,POINT (-38.591748 -3.735368),1465,"RUA SAO DOMINGOS, 448",-3.735368,-38.591748,ETUFOR,2022,EPSG: 31984 (SIRGAS 2000 - UTM 24S); Codificação: UTF-8
vw_PontosdeOnibus.fid-5b41923a_19c3ec54e70_459,344,POINT (-38.591694 -3.735461),1466,"RUA SAO DOMINGOS, 437",-3.735461,-38.591694,ETUFOR,2022,EPSG: 31984 (SIRGAS 2000 - UTM 24S); Codificação: UTF-8
vw_PontosdeOnibus.fid-5b41923a_19c3ec54e70_45a,345,POINT (-38.591129 -3.736398),1467,"RUA SAO DOMINGOS, 313",-3.736398,-38.591129,ETUFOR,2022,EPSG: 31984 (SIRGAS 2000 - UTM 24S); Codificação: UTF-8
vw_PontosdeOnibus.fid-5b41923a_19c3ec54e70_45b,346,POINT (-38.590985 -3.736634),1468,"RUA SÃO DOMINGOS, 316",-3.736634,-38.590985,ETUFOR,2022,EPSG: 31984 (SIRGAS 2000 - UTM 24S); Codificação: UTF-8
vw_PontosdeOnibus.fid-5b41923a_19c3ec54e70_45c,347,POINT (-38.590614 -3.734486),1469,"RUA SGT HERMINIO, 73",-3.734486,-38.590614,ETUFOR,2022,EPSG: 31984 (SIRGAS 2000 - UTM 24S); Codificação: UTF-8
vw_PontosdeOnibus.fid-5b41923a_19c3ec54e70_45d,348,POINT (-38.588791 -3.714255),147,"AVENIDA CEL CARVALHO, 1309",-3.714255,-38.588791,ETUFOR,2022,EPSG: 31984 (SIRGAS 2000 - UTM 24S); Codificação: UTF-8
vw_PontosdeOnibus.fid-5b41923a_19c3ec54e70_45e,349,POINT (-38.587031 -3.728056),1470,"AVENIDA DA INDEPENDENCIA, 781",-3.728056,-38.587031,ETUFOR,2022,EPSG: 31984 (SIRGAS 2000 - UTM 24S); Codificação: UTF-8
vw_PontosdeOnibus.fid-5b41923a_19c3ec54e70_45f,350,POINT (-38.587689 -3.73123),1472,"RUA DEP MATOSO FILHO, 303",-3.73123,-38.587689,ETUFOR,2022,EPSG: 31984 (SIRGAS 2000 - UTM 24S); Codificação: UTF-8
vw_PontosdeOnibus.fid-5b41923a_19c3ec54e70_460,351,POINT (-38.58514 -3.728219),1473,"AVENIDA CEL CARVALHO, 2882",-3.728219,-38.58514,ETUFOR,2022,EPSG: 31984 (SIRGAS 2000 - UTM 24S); Codificação: UTF-8
vw_PontosdeOnibus.fid-5b41923a_19c3ec54e70_461,352,POINT (-38.584979 -3.728366),1474,"AVENIDA CEL CARVALHO, 2889",-3.728366,-38.584979,ETUFOR,2022,EPSG: 31984 (SIRGAS 2000 - UTM 24S); Codificação: UTF-8
vw_PontosdeOnibus.fid-5b41923a_19c3ec54e70_462,353,POINT (-38.586092 -3.730501),1475,"RUA DEP MATOSO FILHO, 93",-3.730501,-38.586092,ETUFOR,2022,EPSG: 31984 (SIRGAS 2000 - UTM 24S); Codificação: UTF-8
vw_PontosdeOnibus.fid-5b41923a_19c3ec54e70_463,354,POINT (-38.586125 -3.730516),1476,"RUA DEP MATOSO FILHO, 154",-3.730516,-38.586125,ETUFOR,2022,EPSG: 31984 (SIRGAS 2000 - UTM 24S); Codificação: UTF-8
vw_PontosdeOnibus.fid-5b41923a_19c3ec54e70_464,355,POINT (-38.584714 -3.730876),1477,"AVENIDA CEL CARVALHO, 342",-3.730876,-38.584714,ETUFOR,2022,EPSG: 31984 (SIRGAS 2000 - UTM 24S); Codificação: UTF-8
vw_PontosdeOnibus.fid-5b41923a_19c3ec54e70_465,356,POINT (-38.584583 -3.731094),1478,"AVENIDA CEL CARVALHO, 342",-3.731094,-38.584583,ETUFOR,2022,EPSG: 31984 (SIRGAS 2000 - UTM 24S); Codificação: UTF-8
vw_PontosdeOnibus.fid-5b41923a_19c3ec54e70_466,357,POINT (-38.588691 -3.714249),148,"AVENIDA CEL CARVALHO, 1297",-3.714249,-38.588691,ETUFOR,2022,EPSG: 31984 (SIRGAS 2000 - UTM 24S); Codificação: UTF-8
vw_PontosdeOnibus.fid-5b41923a_19c3ec54e70_467,358,POINT (-38.57998 -3.731808),1481,"AVENIDA SGT HERMINIO, 4600",-3.731808,-38.57998,ETUFOR,2022,EPSG: 31984 (SIRGAS 2000 - UTM 24S); Codificação: UTF-8
vw_PontosdeOnibus.fid-5b41923a_19c3ec54e70_468,359,POINT (-38.580641 -3.730152),1482,"RUA BANVAR BEZERRA, 36",-3.730152,-38.580641,ETUFOR,2022,EPSG: 31984 (SIRGAS 2000 - UTM 24S); Codificação: UTF-8
vw_PontosdeOnibus.fid-5b41923a_19c3ec54e70_469,360,POINT (-38.580579 -3.730681),1483,"RUA BANVAR BEZERRA, 40",-3.730681,-38.580579,ETUFOR,2022,EPSG: 31984 (SIRGAS 2000 - UTM 24S); Codificação: UTF-8
vw_PontosdeOnibus.fid-5b41923a_19c3ec54e70_46a,361,POINT (-38.496408 -3.819491),1484,"AVENIDA FRE CIRILO, SN",-3.819491,-38.496408,ETUFOR,2022,EPSG: 31984 (SIRGAS 2000 - UTM 24S); Codificação: UTF-8
vw_PontosdeOnibus.fid-5b41923a_19c3ec54e70_46b,362,POINT (-38.496421 -3.819694),1485,"AVENIDA FRE CIRILO, 3930",-3.819694,-38.496421,ETUFOR,2022,EPSG: 31984 (SIRGAS 2000 - UTM 24S); Codificação: UTF-8
vw_PontosdeOnibus.fid-5b41923a_19c3ec54e70_46c,363,POINT (-38.495501 -3.821543),1486,"AVENIDA FRE CIRILO, 4027",-3.821543,-38.495501,ETUFOR,2022,EPSG: 31984 (SIRGAS 2000 - UTM 24S); Codificação: UTF-8
vw_PontosdeOnibus.fid-5b41923a_19c3ec54e70_46d,364,POINT (-38.494014 -3.825178),1488,"AVENIDA FRE CIRILO, 4434",-3.825178,-38.494014,ETUFOR,2022,EPSG: 31984 (SIRGAS 2000 - UTM 24S); Codificação: UTF-8
vw_PontosdeOnibus.fid-5b41923a_19c3ec54e70_46e,365,POINT (-38.493898 -3.825202),1489,"AVENIDA FRE CIRILO, 4763",-3.825202,-38.493898,ETUFOR,2022,EPSG: 31984 (SIRGAS 2000 - UTM 24S); Codificação: UTF-8
vw_PontosdeOnibus.fid-5b41923a_19c3ec54e70_46f,366,POINT (-38.587799 -3.717818),149,"AVENIDA CEL CARVALHO, 1751",-3.717818,-38.587799,ETUFOR,2022,EPSG: 31984 (SIRGAS 2000 - UTM 24S); Codificação: UTF-8
vw_PontosdeOnibus.fid-5b41923a_19c3ec54e70_470,367,POINT (-38.588268 -3.733997),1490,"AVENIDA SGT HERMINIO, 5498",-3.733997,-38.588268,ETUFOR,2022,EPSG: 31984 (SIRGAS 2000 - UTM 24S); Codificação: UTF-8
vw_PontosdeOnibus.fid-5b41923a_19c3ec54e70_471,368,POINT (-38.586362 -3.736066),1492,"RUA CAP BRASIL, 219",-3.736066,-38.586362,ETUFOR,2022,EPSG: 31984 (SIRGAS 2000 - UTM 24S); Codificação: UTF-8
vw_PontosdeOnibus.fid-5b41923a_19c3ec54e70_472,369,POINT (-38.584248 -3.734926),1493,"RUA CEL CARVALHO, 3572",-3.734926,-38.584248,ETUFOR,2022,EPSG: 31984 (SIRGAS 2000 - UTM 24S); Codificação: UTF-8
vw_PontosdeOnibus.fid-5b41923a_19c3ec54e70_473,370,POINT (-38.584143 -3.73488),1494,"RUA CEL CARVALHO, 3581",-3.73488,-38.584143,ETUFOR,2022,EPSG: 31984 (SIRGAS 2000 - UTM 24S); Codificação: UTF-8
vw_PontosdeOnibus.fid-5b41923a_19c3ec54e70_474,371,POINT (-38.583468 -3.733344),1495,"AVENIDA SGT HERMINIO, 4863",-3.733344,-38.583468,ETUFOR,2022,EPSG: 31984 (SIRGAS 2000 - UTM 24S); Codificação: UTF-8
vw_PontosdeOnibus.fid-5b41923a_19c3ec54e70_475,372,POINT (-38.583852 -3.733596),1496,"AVENIDA SGT HERMINIO, 4931",-3.733596,-38.583852,ETUFOR,2022,EPSG: 31984 (SIRGAS 2000 - UTM 24S); Codificação: UTF-8
vw_PontosdeOnibus.fid-5b41923a_19c3ec54e70_476,373,POINT (-38.580374 -3.732384),1497,"RUA BANVAR BEZERRA, 278",-3.732384,-38.580374,ETUFOR,2022,EPSG: 31984 (SIRGAS 2000 - UTM 24S); Codificação: UTF-8
vw_PontosdeOnibus.fid-5b41923a_19c3ec54e70_477,374,POINT (-38.580367 -3.732468),1498,"RUA BANVAR BEZERRA, 278",-3.732468,-38.580367,ETUFOR,2022,EPSG: 31984 (SIRGAS 2000 - UTM 24S); Codificação: UTF-8
vw_PontosdeOnibus.fid-5b41923a_19c3ec54e70_478,375,POINT (-38.579836 -3.733896),1499,"RUA GAL GOIS MONTEIRO, 525",-3.733896,-38.579836,ETUFOR,2022,EPSG: 31984 (SIRGAS 2000 - UTM 24S); Codificação: UTF-8
vw_PontosdeOnibus.fid-5b41923a_19c3ec54e70_479,376,POINT (-38.593439 -3.70769),15,"RUA 2 CJ POLAR, 50",-3.70769,-38.593439,ETUFOR,2022,EPSG: 31984 (SIRGAS 2000 - UTM 24S); Codificação: UTF-8
vw_PontosdeOnibus.fid-5b41923a_19c3ec54e70_47a,377,POINT (-38.588055 -3.717247),150,"AVENIDA CEL CARVALHO, 1678",-3.717247,-38.588055,ETUFOR,2022,EPSG: 31984 (SIRGAS 2000 - UTM 24S); Codificação: UTF-8
vw_PontosdeOnibus.fid-5b41923a_19c3ec54e70_47b,378,POINT (-38.579734 -3.733882),1500,"RUA GAL GOIS MONTEIRO, 525",-3.733882,-38.579734,ETUFOR,2022,EPSG: 31984 (SIRGAS 2000 - UTM 24S); Codificação: UTF-8
vw_PontosdeOnibus.fid-5b41923a_19c3ec54e70_47c,379,POINT (-38.577119 -3.730678),1501,"AVENIDA SGT HERMINIO, 4020",-3.730678,-38.577119,ETUFOR,2022,EPSG: 31984 (SIRGAS 2000 - UTM 24S); Codificação: UTF-8
vw_PontosdeOnibus.fid-5b41923a_19c3ec54e70_47d,380,POINT (-38.578413 -3.731185),1502,"AVENIDA SGT HERMINIO, 4289",-3.731185,-38.578413,ETUFOR,2022,EPSG: 31984 (SIRGAS 2000 - UTM 24S); Codificação: UTF-8
vw_PontosdeOnibus.fid-5b41923a_19c3ec54e70_47e,381,POINT (-38.574632 -3.729711),1503,"AVENIDA SGT HERMINIO, 3787",-3.729711,-38.574632,ETUFOR,2022,EPSG: 31984 (SIRGAS 2000 - UTM 24S); Codificação: UTF-8
vw_PontosdeOnibus.fid-5b41923a_19c3ec54e70_47f,382,POINT (-38.574196 -3.729541),1504,"AVENIDA SGT HERMINIO, 3763",-3.729541,-38.574196,ETUFOR,2022,EPSG: 31984 (SIRGAS 2000 - UTM 24S); Codificação: UTF-8
vw_PontosdeOnibus.fid-5b41923a_19c3ec54e70_480,383,POINT (-38.573332 -3.729184),1505,"AVENIDA SGT HERMÍNIO, 3673",-3.729184,-38.573332,ETUFOR,2022,EPSG: 31984 (SIRGAS 2000 - UTM 24S); Codificação: UTF-8
vw_PontosdeOnibus.fid-5b41923a_19c3ec54e70_481,384,POINT (-38.571915 -3.728615),1506,"AVENIDA SGT HERMINIO, 57",-3.728615,-38.571915,ETUFOR,2022,EPSG: 31984 (SIRGAS 2000 - UTM 24S); Codificação: UTF-8
vw_PontosdeOnibus.fid-5b41923a_19c3ec54e70_482,385,POINT (-38.57034 -3.728096),1507,"AVENIDA SGT HERMINIO, 11",-3.728096,-38.57034,ETUFOR,2022,EPSG: 31984 (SIRGAS 2000 - UTM 24S); Codificação: UTF-8
vw_PontosdeOnibus.fid-5b41923a_19c3ec54e70_483,386,POINT (-38.569098 -3.730527),1509,"AVENIDA GOV PARSIFAL BARROSO, 300",-3.730527,-38.569098,ETUFOR,2022,EPSG: 31984 (SIRGAS 2000 - UTM 24S); Codificação: UTF-8
vw_PontosdeOnibus.fid-5b41923a_19c3ec54e70_484,387,POINT (-38.577701 -3.73357),1510,"RUA GAL GOIS MONTEIRO, 285",-3.73357,-38.577701,ETUFOR,2022,EPSG: 31984 (SIRGAS 2000 - UTM 24S); Codificação: UTF-8
vw_PontosdeOnibus.fid-5b41923a_19c3ec54e70_485,388,POINT (-38.577657 -3.733564),1511,"RUA GAL GOIS MONTEIRO, 508",-3.733564,-38.577657,ETUFOR,2022,EPSG: 31984 (SIRGAS 2000 - UTM 24S); Codificação: UTF-8
vw_PontosdeOnibus.fid-5b41923a_19c3ec54e70_486,389,POINT (-38.568906 -3.733432),1514,"RUA MARIA MIRIAM FERREIRA DE SOUZA, SN",-3.733432,-38.568906,ETUFOR,2022,EPSG: 31984 (SIRGAS 2000 - UTM 24S); Codificação: UTF-8
vw_PontosdeOnibus.fid-5b41923a_19c3ec54e70_487,390,POINT (-38.569001 -3.73395),1515,"AVENIDA GOV PARSIFAL BARROSO, SN",-3.73395,-38.569001,ETUFOR,2022,EPSG: 31984 (SIRGAS 2000 - UTM 24S); Codificação: UTF-8
vw_PontosdeOnibus.fid-5b41923a_19c3ec54e70_488,391,POINT (-38.564586 -3.732107),1516,"RUA OLAVO BILAC, 1300",-3.732107,-38.564586,ETUFOR,2022,EPSG: 31984 (SIRGAS 2000 - UTM 24S); Codificação: UTF-8
vw_PontosdeOnibus.fid-5b41923a_19c3ec54e70_489,392,POINT (-38.564612 -3.731779),1517,"RUA OLAVO BILAC, 1241",-3.731779,-38.564612,ETUFOR,2022,EPSG: 31984 (SIRGAS 2000 - UTM 24S); Codificação: UTF-8
vw_PontosdeOnibus.fid-5b41923a_19c3ec54e70_48a,393,POINT (-38.564737 -3.730173),1518,"RUA OLAVO BILAC, 1076",-3.730173,-38.564737,ETUFOR,2022,EPSG: 31984 (SIRGAS 2000 - UTM 24S); Codificação: UTF-8
vw_PontosdeOnibus.fid-5b41923a_19c3ec54e70_48b,394,POINT (-38.564934 -3.72843),1519,"RUA OLAVO BILAC, 809",-3.72843,-38.564934,ETUFOR,2022,EPSG: 31984 (SIRGAS 2000 - UTM 24S); Codificação: UTF-8
vw_PontosdeOnibus.fid-5b41923a_19c3ec54e70_48c,395,POINT (-38.582861 -3.718242),152,"RUA ALBERTO FERREIRA, 80",-3.718242,-38.582861,ETUFOR,2022,EPSG: 31984 (SIRGAS 2000 - UTM 24S); Codificação: UTF-8
vw_PontosdeOnibus.fid-5b41923a_19c3ec54e70_48d,396,POINT (-38.559882 -3.731136),1522,"RUA MOZART GONDIM, 1340",-3.731136,-38.559882,ETUFOR,2022,EPSG: 31984 (SIRGAS 2000 - UTM 24S); Codificação: UTF-8
vw_PontosdeOnibus.fid-5b41923a_19c3ec54e70_48e,397,POINT (-38.564285 -3.735015),1526,"RUA OLAVO BILAC, S/N",-3.735015,-38.564285,ETUFOR,2022,EPSG: 31984 (SIRGAS 2000 - UTM 24S); Codificação: UTF-8
vw_PontosdeOnibus.fid-5b41923a_19c3ec54e70_48f,398,POINT (-38.564327 -3.73483),1527,"RUA OLAVO BILAC, 1300",-3.73483,-38.564327,ETUFOR,2022,EPSG: 31984 (SIRGAS 2000 - UTM 24S); Codificação: UTF-8
vw_PontosdeOnibus.fid-5b41923a_19c3ec54e70_490,399,POINT (-38.588913 -3.774236),1543,"RUA ANDRE REBOUCAS, 60",-3.774236,-38.588913,ETUFOR,2022,EPSG: 31984 (SIRGAS 2000 - UTM 24S); Codificação: UTF-8
vw_PontosdeOnibus.fid-5b41923a_19c3ec54e70_491,400,POINT (-38.588136 -3.7734),1544,"RUA CACILDA BECKER, 261",-3.7734,-38.588136,ETUFOR,2022,EPSG: 31984 (SIRGAS 2000 - UTM 24S); Codificação: UTF-8
vw_PontosdeOnibus.fid-5b41923a_19c3ec54e70_492,401,POINT (-38.58788 -3.776714),1545,"RUA VERBENA, SN",-3.776714,-38.58788,ETUFOR,2022,EPSG: 31984 (SIRGAS 2000 - UTM 24S); Codificação: UTF-8
vw_PontosdeOnibus.fid-5b41923a_19c3ec54e70_493,402,POINT (-38.585959 -3.773579),1546,"RUA JULIO BRAGA, 1740",-3.773579,-38.585959,ETUFOR,2022,EPSG: 31984 (SIRGAS 2000 - UTM 24S); Codificação: UTF-8
vw_PontosdeOnibus.fid-5b41923a_19c3ec54e70_494,403,POINT (-38.58225 -3.776099),1547,"AVENIDA LINEU MACHADO, 1934",-3.776099,-38.58225,ETUFOR,2022,EPSG: 31984 (SIRGAS 2000 - UTM 24S); Codificação: UTF-8
vw_PontosdeOnibus.fid-5b41923a_19c3ec54e70_495,404,POINT (-38.582224 -3.776049),1548,"AVENIDA LINEU MACHADO, 1936",-3.776049,-38.582224,ETUFOR,2022,EPSG: 31984 (SIRGAS 2000 - UTM 24S); Codificação: UTF-8
vw_PontosdeOnibus.fid-5b41923a_19c3ec54e70_496,405,POINT (-38.58157 -3.774897),1549,"AVENIDA LINEU MACHADO, 1772",-3.774897,-38.58157,ETUFOR,2022,EPSG: 31984 (SIRGAS 2000 - UTM 24S); Codificação: UTF-8
vw_PontosdeOnibus.fid-5b41923a_19c3ec54e70_497,406,POINT (-38.581542 -3.774842),1550,"AVENIDA LINEU MACHADO, 1785",-3.774842,-38.581542,ETUFOR,2022,EPSG: 31984 (SIRGAS 2000 - UTM 24S); Codificação: UTF-8
vw_PontosdeOnibus.fid-5b41923a_19c3ec54e70_498,407,POINT (-38.580925 -3.773662),1551,"AVENIDA LINEU MACHADO, 1634",-3.773662,-38.580925,ETUFOR,2022,EPSG: 31984 (SIRGAS 2000 - UTM 24S); Codificação: UTF-8
vw_PontosdeOnibus.fid-5b41923a_19c3ec54e70_499,408,POINT (-38.579472 -3.774969),1552,"RUA MELO DE OLIVEIRA, 1088",-3.774969,-38.579472,ETUFOR,2022,EPSG: 31984 (SIRGAS 2000 - UTM 24S); Codificação: UTF-8
vw_PontosdeOnibus.fid-5b41923a_19c3ec54e70_49a,409,POINT (-38.588539 -3.78026),1553,"RUA VERBENA, 60",-3.78026,-38.588539,ETUFOR,2022,EPSG: 31984 (SIRGAS 2000 - UTM 24S); Codificação: UTF-8
vw_PontosdeOnibus.fid-5b41923a_19c3ec54e70_49b,410,POINT (-38.586055 -3.779905),1556,"RUA CARLOS CHAGAS, 643",-3.779905,-38.586055,ETUFOR,2022,EPSG: 31984 (SIRGAS 2000 - UTM 24S); Codificação: UTF-8
vw_PontosdeOnibus.fid-5b41923a_19c3ec54e70_49c,411,POINT (-38.585739 -3.779996),1557,"RUA CARLOS CHAGAS, 611",-3.779996,-38.585739,ETUFOR,2022,EPSG: 31984 (SIRGAS 2000 - UTM 24S); Codificação: UTF-8
vw_PontosdeOnibus.fid-5b41923a_19c3ec54e70_49d,412,POINT (-38.583904 -3.780518),1558,"RUA CARLOS CHAGAS, 409",-3.780518,-38.583904,ETUFOR,2022,EPSG: 31984 (SIRGAS 2000 - UTM 24S); Codificação: UTF-8
vw_PontosdeOnibus.fid-5b41923a_19c3ec54e70_49e,413,POINT (-38.583874 -3.780526),1559,"RUA CARLOS CHAGAS, 400",-3.780526,-38.583874,ETUFOR,2022,EPSG: 31984 (SIRGAS 2000 - UTM 24S); Codificação: UTF-8
vw_PontosdeOnibus.fid-5b41923a_19c3ec54e70_49f,414,POINT (-38.583274 -3.779571),1560,"RUA ARAÇA, 183",-3.779571,-38.583274,ETUFOR,2022,EPSG: 31984 (SIRGAS 2000 - UTM 24S); Codificação: UTF-8
vw_PontosdeOnibus.fid-5b41923a_19c3ec54e70_4a0,415,POINT (-38.583246 -3.779455),1561,"RUA ARAÇA, 164",-3.779455,-38.583246,ETUFOR,2022,EPSG: 31984 (SIRGAS 2000 - UTM 24S); Codificação: UTF-8
vw_PontosdeOnibus.fid-5b41923a_19c3ec54e70_4a1,416,POINT (-38.58299 -3.777513),1562,"AVENIDA LINEU MACHADO, 2076",-3.777513,-38.58299,ETUFOR,2022,EPSG: 31984 (SIRGAS 2000 - UTM 24S); Codificação: UTF-8
vw_PontosdeOnibus.fid-5b41923a_19c3ec54e70_4a2,417,POINT (-38.580391 -3.781577),1563,"AVENIDA AUGUSTO DOS ANJOS, 1786",-3.781577,-38.580391,ETUFOR,2022,EPSG: 31984 (SIRGAS 2000 - UTM 24S); Codificação: UTF-8
vw_PontosdeOnibus.fid-5b41923a_19c3ec54e70_4a3,418,POINT (-38.580259 -3.781428),1564,"AVENIDA AUGUSTO DOS ANJOS, 1738",-3.781428,-38.580259,ETUFOR,2022,EPSG: 31984 (SIRGAS 2000 - UTM 24S); Codificação: UTF-8
vw_PontosdeOnibus.fid-5b41923a_19c3ec54e70_4a4,419,POINT (-38.595326 -3.735845),1565,"RUA PDE PERDIGAO SAMPAIO, 200",-3.735845,-38.595326,ETUFOR,2022,EPSG: 31984 (SIRGAS 2000 - UTM 24S); Codificação: UTF-8
vw_PontosdeOnibus.fid-5b41923a_19c3ec54e70_4a5,420,POINT (-38.471397 -3.708966),1566,"AVENIDA VICENTE DE CASTRO, 6920",-3.708966,-38.471397,ETUFOR,2022,EPSG: 31984 (SIRGAS 2000 - UTM 24S); Codificação: UTF-8
vw_PontosdeOnibus.fid-5b41923a_19c3ec54e70_4a6,421,POINT (-38.471207 -3.70894),1567,"AVENIDA VICENTE DE CASTRO, 6920",-3.70894,-38.471207,ETUFOR,2022,EPSG: 31984 (SIRGAS 2000 - UTM 24S); Codificação: UTF-8
vw_PontosdeOnibus.fid-5b41923a_19c3ec54e70_4a7,422,POINT (-38.468588 -3.709145),1568,"AVENIDA ZEZE DIOGO, 159",-3.709145,-38.468588,ETUFOR,2022,EPSG: 31984 (SIRGAS 2000 - UTM 24S); Codificação: UTF-8
vw_PontosdeOnibus.fid-5b41923a_19c3ec54e70_4a8,423,POINT (-38.473136 -3.713389),1569,"AVENIDA VICENTE DE CASTRO, S/N",-3.713389,-38.473136,ETUFOR,2022,EPSG: 31984 (SIRGAS 2000 - UTM 24S); Codificação: UTF-8
vw_PontosdeOnibus.fid-5b41923a_19c3ec54e70_4a9,424,POINT (-38.472676 -3.712234),1570,"AVENIDA VICENTE DE CASTRO, S/N",-3.712234,-38.472676,ETUFOR,2022,EPSG: 31984 (SIRGAS 2000 - UTM 24S); Codificação: UTF-8
vw_PontosdeOnibus.fid-5b41923a_19c3ec54e70_4aa,425,POINT (-38.472195 -3.711457),1571,"AVENIDA VICENTE DE CASTRO, 6074",-3.711457,-38.472195,ETUFOR,2022,EPSG: 31984 (SIRGAS 2000 - UTM 24S); Codificação: UTF-8
vw_PontosdeOnibus.fid-5b41923a_19c3ec54e70_4ab,426,POINT (-38.472958 -3.713961),1572,"AVENIDA JOSE SABOIA, 115",-3.713961,-38.472958,ETUFOR,2022,EPSG: 31984 (SIRGAS 2000 - UTM 24S); Codificação: UTF-8
vw_PontosdeOnibus.fid-5b41923a_19c3ec54e70_4ac,427,POINT (-38.475182 -3.717839),1573,"AVENIDA VICENTE DE CASTRO, 5151",-3.717839,-38.475182,ETUFOR,2022,EPSG: 31984 (SIRGAS 2000 - UTM 24S); Codificação: UTF-8
vw_PontosdeOnibus.fid-5b41923a_19c3ec54e70_4ad,428,POINT (-38.475028 -3.71625),1574,"AVENIDA VICENTE DE CASTRO, 6001",-3.71625,-38.475028,ETUFOR,2022,EPSG: 31984 (SIRGAS 2000 - UTM 24S); Codificação: UTF-8
vw_PontosdeOnibus.fid-5b41923a_19c3ec54e70_4ae,429,POINT (-38.474639 -3.715963),1575,"AVENIDA VICENTE DE CASTRO, 6001",-3.715963,-38.474639,ETUFOR,2022,EPSG: 31984 (SIRGAS 2000 - UTM 24S); Codificação: UTF-8
vw_PontosdeOnibus.fid-5b41923a_19c3ec54e70_4af,430,POINT (-38.474031 -3.714822),1576,"AVENIDA VICENTE DE CASTRO, 6001",-3.714822,-38.474031,ETUFOR,2022,EPSG: 31984 (SIRGAS 2000 - UTM 24S); Codificação: UTF-8
vw_PontosdeOnibus.fid-5b41923a_19c3ec54e70_4b0,431,POINT (-38.473664 -3.714579),1577,"AVENIDA VICENTE DE CASTRO, 6001",-3.714579,-38.473664,ETUFOR,2022,EPSG: 31984 (SIRGAS 2000 - UTM 24S); Codificação: UTF-8
vw_PontosdeOnibus.fid-5b41923a_19c3ec54e70_4b1,432,POINT (-38.471452 -3.7144),1578,"AVENIDA JOSE SABOIA, 115",-3.7144,-38.471452,ETUFOR,2022,EPSG: 31984 (SIRGAS 2000 - UTM 24S); Codificação: UTF-8
vw_PontosdeOnibus.fid-5b41923a_19c3ec54e70_4b2,433,POINT (-38.471365 -3.71446),1579,"AVENIDA JOSE SABOIA, 113",-3.71446,-38.471365,ETUFOR,2022,EPSG: 31984 (SIRGAS 2000 - UTM 24S); Codificação: UTF-8
vw_PontosdeOnibus.fid-5b41923a_19c3ec54e70_4b3,434,POINT (-38.467358 -3.711288),1580,"AVENIDA ZEZE DIOGO, 487",-3.711288,-38.467358,ETUFOR,2022,EPSG: 31984 (SIRGAS 2000 - UTM 24S); Codificação: UTF-8
vw_PontosdeOnibus.fid-5b41923a_19c3ec54e70_4b4,435,POINT (-38.466587 -3.712908),1581,"AVENIDA ZEZE DIOGO, 493",-3.712908,-38.466587,ETUFOR,2022,EPSG: 31984 (SIRGAS 2000 - UTM 24S); Codificação: UTF-8
vw_PontosdeOnibus.fid-5b41923a_19c3ec54e70_4b5,436,POINT (-38.46674 -3.712582),1582,"AVENIDA ZEZE DIOGO, 669",-3.712582,-38.46674,ETUFOR,2022,EPSG: 31984 (SIRGAS 2000 - UTM 24S); Codificação: UTF-8
vw_PontosdeOnibus.fid-5b41923a_19c3ec54e70_4b6,437,POINT (-38.467105 -3.717357),1583,"AVENIDA JOSE SABOIA, 521",-3.717357,-38.467105,ETUFOR,2022,EPSG: 31984 (SIRGAS 2000 - UTM 24S); Codificação: UTF-8
vw_PontosdeOnibus.fid-5b41923a_19c3ec54e70_4b7,438,POINT (-38.467006 -3.717426),1584,"AVENIDA JOSE SABOIA, 780",-3.717426,-38.467006,ETUFOR,2022,EPSG: 31984 (SIRGAS 2000 - UTM 24S); Codificação: UTF-8
vw_PontosdeOnibus.fid-5b41923a_19c3ec54e70_4b8,439,POINT (-38.464357 -3.717814),1585,"AVENIDA ZEZE DIOGO, 1195",-3.717814,-38.464357,ETUFOR,2022,EPSG: 31984 (SIRGAS 2000 - UTM 24S); Codificação: UTF-8
vw_PontosdeOnibus.fid-5b41923a_19c3ec54e70_4b9,440,POINT (-38.46483 -3.716759),1586,"AVENIDA ZEZE DIOGO, 1087",-3.716759,-38.46483,ETUFOR,2022,EPSG: 31984 (SIRGAS 2000 - UTM 24S); Codificação: UTF-8
vw_PontosdeOnibus.fid-5b41923a_19c3ec54e70_4ba,441,POINT (-38.465668 -3.714903),1587,"AVENIDA ZEZE DIOGO, 659",-3.714903,-38.465668,ETUFOR,2022,EPSG: 31984 (SIRGAS 2000 - UTM 24S); Codificação: UTF-8
vw_PontosdeOnibus.fid-5b41923a_19c3ec54e70_4bb,442,POINT (-38.465715 -3.714802),1588,"AVENIDA ZEZE DIOGO, 655",-3.714802,-38.465715,ETUFOR,2022,EPSG: 31984 (SIRGAS 2000 - UTM 24S); Codificação: UTF-8
vw_PontosdeOnibus.fid-5b41923a_19c3ec54e70_4bc,443,POINT (-38.580299 -3.715536),159,"RUA TEODOMIRO DE CASTRO, 6715",-3.715536,-38.580299,ETUFOR,2022,EPSG: 31984 (SIRGAS 2000 - UTM 24S); Codificação: UTF-8
vw_PontosdeOnibus.fid-5b41923a_19c3ec54e70_4bd,444,POINT (-38.540341 -3.727757),1594,"AVENIDA PDE IBIAPINA, 1446",-3.727757,-38.540341,ETUFOR,2022,EPSG: 31984 (SIRGAS 2000 - UTM 24S); Codificação: UTF-8
vw_PontosdeOnibus.fid-5b41923a_19c3ec54e70_4be,445,POINT (-38.536079 -3.729714),1598,"AVENIDA DUQ CAXIAS, 1327",-3.729714,-38.536079,ETUFOR,2022,EPSG: 31984 (SIRGAS 2000 - UTM 24S); Codificação: UTF-8
vw_PontosdeOnibus.fid-5b41923a_19c3ec54e70_4bf,446,POINT (-38.535702 -3.731303),1599,"AVENIDA IMPERADOR, 1190",-3.731303,-38.535702,ETUFOR,2022,EPSG: 31984 (SIRGAS 2000 - UTM 24S); Codificação: UTF-8
vw_PontosdeOnibus.fid-5b41923a_19c3ec54e70_4c0,447,POINT (-38.580814 -3.715352),160,"RUA RAIMUNDO FROTA, 6726",-3.715352,-38.580814,ETUFOR,2022,EPSG: 31984 (SIRGAS 2000 - UTM 24S); Codificação: UTF-8
vw_PontosdeOnibus.fid-5b41923a_19c3ec54e70_4c1,448,POINT (-38.537297 -3.731505),1600,"RUA METON DE ALENCAR, 1520",-3.731505,-38.537297,ETUFOR,2022,EPSG: 31984 (SIRGAS 2000 - UTM 24S); Codificação: UTF-8
vw_PontosdeOnibus.fid-5b41923a_19c3ec54e70_4c2,449,POINT (-38.536303 -3.733315),1604,"AVENIDA IMPERADOR, 1360",-3.733315,-38.536303,ETUFOR,2022,EPSG: 31984 (SIRGAS 2000 - UTM 24S); Codificação: UTF-8
vw_PontosdeOnibus.fid-5b41923a_19c3ec54e70_4c3,450,POINT (-38.536373 -3.733544),1605,"AVENIDA IMPERADOR, 1433",-3.733544,-38.536373,ETUFOR,2022,EPSG: 31984 (SIRGAS 2000 - UTM 24S); Codificação: UTF-8
vw_PontosdeOnibus.fid-5b41923a_19c3ec54e70_4c4,451,POINT (-38.536465 -3.733841),1606,"AVENIDA IMPERADOR, 1459",-3.733841,-38.536465,ETUFOR,2022,EPSG: 31984 (SIRGAS 2000 - UTM 24S); Codificação: UTF-8
vw_PontosdeOnibus.fid-5b41923a_19c3ec54e70_4c5,452,POINT (-38.536554 -3.73413),1607,"AVENIDA IMPERADOR, 1479",-3.73413,-38.536554,ETUFOR,2022,EPSG: 31984 (SIRGAS 2000 - UTM 24S); Codificação: UTF-8
vw_PontosdeOnibus.fid-5b41923a_19c3ec54e70_4c6,453,POINT (-38.53666 -3.734477),1608,"AVENIDA IMPERADOR, 1499",-3.734477,-38.53666,ETUFOR,2022,EPSG: 31984 (SIRGAS 2000 - UTM 24S); Codificação: UTF-8
vw_PontosdeOnibus.fid-5b41923a_19c3ec54e70_4c7,454,POINT (-38.536187 -3.735088),1609,"RUA DOMINGOS OLIMPIO, S/N",-3.735088,-38.536187,ETUFOR,2022,EPSG: 31984 (SIRGAS 2000 - UTM 24S); Codificação: UTF-8
vw_PontosdeOnibus.fid-5b41923a_19c3ec54e70_4c8,455,POINT (-38.582146 -3.715172),161,"RUA RAIMUNDO FROTA, 115",-3.715172,-38.582146,ETUFOR,2022,EPSG: 31984 (SIRGAS 2000 - UTM 24S); Codificação: UTF-8
vw_PontosdeOnibus.fid-5b41923a_19c3ec54e70_4c9,456,POINT (-38.537115 -3.736164),1610,"AVENIDA IMPERADOR, 1738",-3.736164,-38.537115,ETUFOR,2022,EPSG: 31984 (SIRGAS 2000 - UTM 24S); Codificação: UTF-8
vw_PontosdeOnibus.fid-5b41923a_19c3ec54e70_4ca,457,POINT (-38.576157 -3.774895),1614,"RUA PERDIGAO DE OLIVEIRA, 780",-3.774895,-38.576157,ETUFOR,2022,EPSG: 31984 (SIRGAS 2000 - UTM 24S); Codificação: UTF-8
vw_PontosdeOnibus.fid-5b41923a_19c3ec54e70_4cb,458,POINT (-38.57549 -3.774977),1615,"RUA PERDIGAO DE OLIVEIRA, 651",-3.774977,-38.57549,ETUFOR,2022,EPSG: 31984 (SIRGAS 2000 - UTM 24S); Codificação: UTF-8
vw_PontosdeOnibus.fid-5b41923a_19c3ec54e70_4cc,459,POINT (-38.576497 -3.777127),1617,"AVENIDA AUGUSTO DOS ANJOS, 1150",-3.777127,-38.576497,ETUFOR,2022,EPSG: 31984 (SIRGAS 2000 - UTM 24S); Codificação: UTF-8
vw_PontosdeOnibus.fid-5b41923a_19c3ec54e70_4cd,460,POINT (-38.574062 -3.774418),1618,"AVENIDA AUGUSTO DOS ANJOS, 749",-3.774418,-38.574062,ETUFOR,2022,EPSG: 31984 (SIRGAS 2000 - UTM 24S); Codificação: UTF-8
vw_PontosdeOnibus.fid-5b41923a_19c3ec54e70_4ce,461,POINT (-38.573949 -3.774289),1619,"AVENIDA AUGUSTO DOS ANJOS, 680",-3.774289,-38.573949,ETUFOR,2022,EPSG: 31984 (SIRGAS 2000 - UTM 24S); Codificação: UTF-8
vw_PontosdeOnibus.fid-5b41923a_19c3ec54e70_4cf,462,POINT (-38.579648 -3.715777),162,"RUA TEODORO DE CASTRO, 6614",-3.715777,-38.579648,ETUFOR,2022,EPSG: 31984 (SIRGAS 2000 - UTM 24S); Codificação: UTF-8
vw_PontosdeOnibus.fid-5b41923a_19c3ec54e70_4d0,463,POINT (-38.569707 -3.777667),1622,"AVENIDA GAL OSORIO DE PAIVA, 852",-3.777667,-38.569707,ETUFOR,2022,EPSG: 31984 (SIRGAS 2000 - UTM 24S); Codificação: UTF-8
vw_PontosdeOnibus.fid-5b41923a_19c3ec54e70_4d1,464,POINT (-38.568099 -3.779162),1623,"RUA CÔNEGO DE CASTRO, 710",-3.779162,-38.568099,ETUFOR,2022,EPSG: 31984 (SIRGAS 2000 - UTM 24S); Codificação: UTF-8
vw_PontosdeOnibus.fid-5b41923a_19c3ec54e70_4d2,465,POINT (-38.568477 -3.779589),1624,"RUA CÔNEGO DE CASTRO, SN",-3.779589,-38.568477,ETUFOR,2022,EPSG: 31984 (SIRGAS 2000 - UTM 24S); Codificação: UTF-8
vw_PontosdeOnibus.fid-5b41923a_19c3ec54e70_4d3,466,POINT (-38.569285 -3.780504),1625,"RUA CÔNEGO DE CASTRO, 956",-3.780504,-38.569285,ETUFOR,2022,EPSG: 31984 (SIRGAS 2000 - UTM 24S); Codificação: UTF-8
vw_PontosdeOnibus.fid-5b41923a_19c3ec54e70_4d4,467,POINT (-38.569941 -3.781219),1627,"RUA CON CASTRO, 956",-3.781219,-38.569941,ETUFOR,2022,EPSG: 31984 (SIRGAS 2000 - UTM 24S); Codificação: UTF-8
vw_PontosdeOnibus.fid-5b41923a_19c3ec54e70_4d5,468,POINT (-38.571824 -3.778935),1628,"AVENIDA GAL OSORIO DE PAIVA, SN",-3.778935,-38.571824,ETUFOR,2022,EPSG: 31984 (SIRGAS 2000 - UTM 24S); Codificação: UTF-8
vw_PontosdeOnibus.fid-5b41923a_19c3ec54e70_4d6,469,POINT (-38.571692 -3.778921),1629,"AVENIDA GAL OSORIO DE PAIVA, 1293",-3.778921,-38.571692,ETUFOR,2022,EPSG: 31984 (SIRGAS 2000 - UTM 24S); Codificação: UTF-8
vw_PontosdeOnibus.fid-5b41923a_19c3ec54e70_4d7,470,POINT (-38.580224 -3.716289),163,"RUA TULIPA, 687",-3.716289,-38.580224,ETUFOR,2022,EPSG: 31984 (SIRGAS 2000 - UTM 24S); Codificação: UTF-8
vw_PontosdeOnibus.fid-5b41923a_19c3ec54e70_4d8,471,POINT (-38.573261 -3.779915),1630,"AVENIDA GAL OSÓRIO DE PAIVA, 1293",-3.779915,-38.573261,ETUFOR,2022,EPSG: 31984 (SIRGAS 2000 - UTM 24S); Codificação: UTF-8
vw_PontosdeOnibus.fid-5b41923a_19c3ec54e70_4d9,472,POINT (-38.574004 -3.780301),1632,"AVENIDA GAL OSORIO DE PAIVA, SN",-3.780301,-38.574004,ETUFOR,2022,EPSG: 31984 (SIRGAS 2000 - UTM 24S); Codificação: UTF-8
vw_PontosdeOnibus.fid-5b41923a_19c3ec54e70_4da,473,POINT (-38.575049 -3.781093),1633,"AVENIDA GAL OSORIO DE PAIVA, 1591",-3.781093,-38.575049,ETUFOR,2022,EPSG: 31984 (SIRGAS 2000 - UTM 24S); Codificação: UTF-8
vw_PontosdeOnibus.fid-5b41923a_19c3ec54e70_4db,474,POINT (-38.578065 -3.778928),1635,"AVENIDA AUGUSTO DOS ANJOS, 1417",-3.778928,-38.578065,ETUFOR,2022,EPSG: 31984 (SIRGAS 2000 - UTM 24S); Codificação: UTF-8
vw_PontosdeOnibus.fid-5b41923a_19c3ec54e70_4dc,475,POINT (-38.57776 -3.778575),1636,"AVENIDA AUGUSTO DOS ANJOS, 1314",-3.778575,-38.57776,ETUFOR,2022,EPSG: 31984 (SIRGAS 2000 - UTM 24S); Codificação: UTF-8
vw_PontosdeOnibus.fid-5b41923a_19c3ec54e70_4dd,476,POINT (-38.565934 -3.775196),1637,"AVENIDA GAL OSORIO DE PAIVA, SN",-3.775196,-38.565934,ETUFOR,2022,EPSG: 31984 (SIRGAS 2000 - UTM 24S); Codificação: UTF-8
vw_PontosdeOnibus.fid-5b41923a_19c3ec54e70_4de,477,POINT (-38.565026 -3.775257),1638,"RUA EDUARDO PERDIGAO, 118",-3.775257,-38.565026,ETUFOR,2022,EPSG: 31984 (SIRGAS 2000 - UTM 24S); Codificação: UTF-8
vw_PontosdeOnibus.fid-5b41923a_19c3ec54e70_4df,478,POINT (-38.566422 -3.777326),1639,"RUA CON CASTRO, 403",-3.777326,-38.566422,ETUFOR,2022,EPSG: 31984 (SIRGAS 2000 - UTM 24S); Codificação: UTF-8
vw_PontosdeOnibus.fid-5b41923a_19c3ec54e70_4e0,479,POINT (-38.580306 -3.716505),164,"RUA TULIPA, 696",-3.716505,-38.580306,ETUFOR,2022,EPSG: 31984 (SIRGAS 2000 - UTM 24S); Codificação: UTF-8
vw_PontosdeOnibus.fid-5b41923a_19c3ec54e70_4e1,480,POINT (-38.567843 -3.776414),1641,"AVENIDA GAL OSORIO DE PAIVA, 600",-3.776414,-38.567843,ETUFOR,2022,EPSG: 31984 (SIRGAS 2000 - UTM 24S); Codificação: UTF-8
vw_PontosdeOnibus.fid-5b41923a_19c3ec54e70_4e2,481,POINT (-38.567162 -3.776059),1642,"AVENIDA GAL OSORIO DE PAIVA, 426",-3.776059,-38.567162,ETUFOR,2022,EPSG: 31984 (SIRGAS 2000 - UTM 24S); Codificação: UTF-8
vw_PontosdeOnibus.fid-5b41923a_19c3ec54e70_4e3,482,POINT (-38.563736 -3.77318),1643,"AVENIDA OSORIO DE PAIVA, 110",-3.77318,-38.563736,ETUFOR,2022,EPSG: 31984 (SIRGAS 2000 - UTM 24S); Codificação: UTF-8
vw_PontosdeOnibus.fid-5b41923a_19c3ec54e70_4e4,483,POINT (-38.564402 -3.774241),1644,"AVENIDA CARLOS AMORA, 34",-3.774241,-38.564402,ETUFOR,2022,EPSG: 31984 (SIRGAS 2000 - UTM 24S); Codificação: UTF-8
vw_PontosdeOnibus.fid-5b41923a_19c3ec54e70_4e5,484,POINT (-38.564195 -3.77497),1645,"RUA CON CASTRO, 77",-3.77497,-38.564195,ETUFOR,2022,EPSG: 31984 (SIRGAS 2000 - UTM 24S); Codificação: UTF-8
vw_PontosdeOnibus.fid-5b41923a_19c3ec54e70_4e6,485,POINT (-38.562634 -3.773387),1646,"RUA 7 DE SETEMBRO, SN",-3.773387,-38.562634,ETUFOR,2022,EPSG: 31984 (SIRGAS 2000 - UTM 24S); Codificação: UTF-8
vw_PontosdeOnibus.fid-5b41923a_19c3ec54e70_4e7,486,POINT (-38.564025 -3.777279),1647,"AVENIDA GODOFREDO MACIEL, SN",-3.777279,-38.564025,ETUFOR,2022,EPSG: 31984 (SIRGAS 2000 - UTM 24S); Codificação: UTF-8
vw_PontosdeOnibus.fid-5b41923a_19c3ec54e70_4e8,487,POINT (-38.560381 -3.775657),1649,"RUA GERMANO FRANCK, 375",-3.775657,-38.560381,ETUFOR,2022,EPSG: 31984 (SIRGAS 2000 - UTM 24S); Codificação: UTF-8
vw_PontosdeOnibus.fid-5b41923a_19c3ec54e70_4e9,488,POINT (-38.580795 -3.717812),165,"RUA TULIPA, 847",-3.717812,-38.580795,ETUFOR,2022,EPSG: 31984 (SIRGAS 2000 - UTM 24S); Codificação: UTF-8
vw_PontosdeOnibus.fid-5b41923a_19c3ec54e70_4ea,489,POINT (-38.558113 -3.773941),1650,"RUA GERMANO FRANCK, 103A",-3.773941,-38.558113,ETUFOR,2022,EPSG: 31984 (SIRGAS 2000 - UTM 24S); Codificação: UTF-8
vw_PontosdeOnibus.fid-5b41923a_19c3ec54e70_4eb,490,POINT (-38.558296 -3.78085),1652,"AVENIDA DEDÉ BRASIL, 824",-3.78085,-38.558296,ETUFOR,2022,EPSG: 31984 (SIRGAS 2000 - UTM 24S); Codificação: UTF-8
vw_PontosdeOnibus.fid-5b41923a_19c3ec54e70_4ec,491,POINT (-38.559999 -3.779819),1654,"AVENIDA DEDE BRASIL, 565",-3.779819,-38.559999,ETUFOR,2022,EPSG: 31984 (SIRGAS 2000 - UTM 24S); Codificação: UTF-8
vw_PontosdeOnibus.fid-5b41923a_19c3ec54e70_4ed,492,POINT (-38.560862 -3.779165),1655,"AVENIDA SILA MUNGUBA, 450",-3.779165,-38.560862,ETUFOR,2022,EPSG: 31984 (SIRGAS 2000 - UTM 24S); Codificação: UTF-8
vw_PontosdeOnibus.fid-5b41923a_19c3ec54e70_4ee,493,POINT (-38.561693 -3.780686),1656,"RUA CASIMIRO DE ABREU, 101",-3.780686,-38.561693,ETUFOR,2022,EPSG: 31984 (SIRGAS 2000 - UTM 24S); Codificação: UTF-8
vw_PontosdeOnibus.fid-5b41923a_19c3ec54e70_4ef,494,POINT (-38.561646 -3.777758),1657,"AVENIDA SILAS MUNGUBA, SN",-3.777758,-38.561646,ETUFOR,2022,EPSG: 31984 (SIRGAS 2000 - UTM 24S); Codificação: UTF-8
vw_PontosdeOnibus.fid-5b41923a_19c3ec54e70_4f0,495,POINT (-38.565172 -3.780839),1658,"AVENIDA GODOFREDO MACIEL, 522",-3.780839,-38.565172,ETUFOR,2022,EPSG: 31984 (SIRGAS 2000 - UTM 24S); Codificação: UTF-8
vw_PontosdeOnibus.fid-5b41923a_19c3ec54e70_4f1,496,POINT (-38.565341 -3.781936),1659,"AVENIDA GODOFREDO MACIEL, 603",-3.781936,-38.565341,ETUFOR,2022,EPSG: 31984 (SIRGAS 2000 - UTM 24S); Codificação: UTF-8
vw_PontosdeOnibus.fid-5b41923a_19c3ec54e70_4f2,497,POINT (-38.55123 -3.776005),1663,"RUA JULIO VERNE, 208",-3.776005,-38.55123,ETUFOR,2022,EPSG: 31984 (SIRGAS 2000 - UTM 24S); Codificação: UTF-8
vw_PontosdeOnibus.fid-5b41923a_19c3ec54e70_4f3,498,POINT (-38.548093 -3.777552),1666,"AVENIDA PEDRO ALVARES CABRAL, 741",-3.777552,-38.548093,ETUFOR,2022,EPSG: 31984 (SIRGAS 2000 - UTM 24S); Codificação: UTF-8
vw_PontosdeOnibus.fid-5b41923a_19c3ec54e70_4f4,499,POINT (-38.54791 -3.77751),1668,"AVENIDA CARLOS JEREISSATI, 719",-3.77751,-38.54791,ETUFOR,2022,EPSG: 31984 (SIRGAS 2000 - UTM 24S); Codificação: UTF-8
vw_PontosdeOnibus.fid-5b41923a_19c3ec54e70_4f5,500,POINT (-38.54776 -3.779159),1671,"RUA CON LIMA SUCUPIRA, S/N",-3.779159,-38.54776,ETUFOR,2022,EPSG: 31984 (SIRGAS 2000 - UTM 24S); Codificação: UTF-8
vw_PontosdeOnibus.fid-5b41923a_19c3ec54e70_4f6,501,POINT (-38.549099 -3.778721),1673,"RUA CON LIMA SUCUPIRA, 1567",-3.778721,-38.549099,ETUFOR,2022,EPSG: 31984 (SIRGAS 2000 - UTM 24S); Codificação: UTF-8
vw_PontosdeOnibus.fid-5b41923a_19c3ec54e70_4f7,502,POINT (-38.551693 -3.778391),1677,"RUA GOV JOAO CARLOS, 330",-3.778391,-38.551693,ETUFOR,2022,EPSG: 31984 (SIRGAS 2000 - UTM 24S); Codificação: UTF-8
vw_PontosdeOnibus.fid-5b41923a_19c3ec54e70_4f8,503,POINT (-38.551575 -3.78),1678,"RUA DOR JUSTA ARAUJO   (D45), 485",-3.78,-38.551575,ETUFOR,2022,EPSG: 31984 (SIRGAS 2000 - UTM 24S); Codificação: UTF-8
vw_PontosdeOnibus.fid-5b41923a_19c3ec54e70_4f9,504,POINT (-38.612594 -3.768174),1679,"AVENIDA C CJ CEARA, 1075",-3.768174,-38.612594,ETUFOR,2022,EPSG: 31984 (SIRGAS 2000 - UTM 24S); Codificação: UTF-8
vw_PontosdeOnibus.fid-5b41923a_19c3ec54e70_4fa,505,POINT (-38.61227 -3.7678),1680,"AVENIDA C CJ CEARA, 1035",-3.7678,-38.61227,ETUFOR,2022,EPSG: 31984 (SIRGAS 2000 - UTM 24S); Codificação: UTF-8
vw_PontosdeOnibus.fid-5b41923a_19c3ec54e70_4fb,506,POINT (-38.611737 -3.767184),1681,"AVENIDA C CJ CEARA, 925",-3.767184,-38.611737,ETUFOR,2022,EPSG: 31984 (SIRGAS 2000 - UTM 24S); Codificação: UTF-8
vw_PontosdeOnibus.fid-5b41923a_19c3ec54e70_4fc,507,POINT (-38.5346 -3.731735),1691,"AVENIDA TRISTAO GONCALVES, 1153",-3.731735,-38.5346,ETUFOR,2022,EPSG: 31984 (SIRGAS 2000 - UTM 24S); Codificação: UTF-8
vw_PontosdeOnibus.fid-5b41923a_19c3ec54e70_4fd,508,POINT (-38.534757 -3.727993),1692,"AVENIDA IMPERADOR, 462",-3.727993,-38.534757,ETUFOR,2022,EPSG: 31984 (SIRGAS 2000 - UTM 24S); Codificação: UTF-8
vw_PontosdeOnibus.fid-5b41923a_19c3ec54e70_4fe,509,POINT (-38.531583 -3.729604),1697,"RUA GAL SAMPAIO, 1235",-3.729604,-38.531583,ETUFOR,2022,EPSG: 31984 (SIRGAS 2000 - UTM 24S); Codificação: UTF-8
vw_PontosdeOnibus.fid-5b41923a_19c3ec54e70_4ff,510,POINT (-38.589355 -3.783218),170,"RUA VERBENA, 713",-3.783218,-38.589355,ETUFOR,2022,EPSG: 31984 (SIRGAS 2000 - UTM 24S); Codificação: UTF-8
vw_PontosdeOnibus.fid-5b41923a_19c3ec54e70_500,511,POINT (-38.524949 -3.731827),1702,"AVENIDA VIS RIO BRANCO, 1257",-3.731827,-38.524949,ETUFOR,2022,EPSG: 31984 (SIRGAS 2000 - UTM 24S); Codificação: UTF-8
vw_PontosdeOnibus.fid-5b41923a_19c3ec54e70_501,512,POINT (-38.527972 -3.731437),1708,"RUA PEDRO PRIMEIRO, 373",-3.731437,-38.527972,ETUFOR,2022,EPSG: 31984 (SIRGAS 2000 - UTM 24S); Codificação: UTF-8
vw_PontosdeOnibus.fid-5b41923a_19c3ec54e70_502,513,POINT (-38.587502 -3.782239),171,"RUA ANSELMO NOGUEIRA, 430",-3.782239,-38.587502,ETUFOR,2022,EPSG: 31984 (SIRGAS 2000 - UTM 24S); Codificação: UTF-8
vw_PontosdeOnibus.fid-5b41923a_19c3ec54e70_503,514,POINT (-38.533311 -3.732794),1713,"RUA METON DE ALENCAR, 1713",-3.732794,-38.533311,ETUFOR,2022,EPSG: 31984 (SIRGAS 2000 - UTM 24S); Codificação: UTF-8
vw_PontosdeOnibus.fid-5b41923a_19c3ec54e70_504,515,POINT (-38.535412 -3.734475),1715,"AVENIDA TRISTAO GONCALVES, 1441",-3.734475,-38.535412,ETUFOR,2022,EPSG: 31984 (SIRGAS 2000 - UTM 24S); Codificação: UTF-8
vw_PontosdeOnibus.fid-5b41923a_19c3ec54e70_505,516,POINT (-38.534588 -3.735376),1716,"RUA DOMINGOS OLIMPIO, 1275",-3.735376,-38.534588,ETUFOR,2022,EPSG: 31984 (SIRGAS 2000 - UTM 24S); Codificação: UTF-8
vw_PontosdeOnibus.fid-5b41923a_19c3ec54e70_506,517,POINT (-38.5345 -3.735906),1717,"AVENIDA DA UNIVERSIDADE, 2068",-3.735906,-38.5345,ETUFOR,2022,EPSG: 31984 (SIRGAS 2000 - UTM 24S); Codificação: UTF-8
vw_PontosdeOnibus.fid-5b41923a_19c3ec54e70_507,518,POINT (-38.585227 -3.782373),172,"RUA EMILIO DE MENESES, 385",-3.782373,-38.585227,ETUFOR,2022,EPSG: 31984 (SIRGAS 2000 - UTM 24S); Codificação: UTF-8
vw_PontosdeOnibus.fid-5b41923a_19c3ec54e70_508,519,POINT (-38.532704 -3.733389),1722,"RUA GAL SAMPAIO, 1731",-3.733389,-38.532704,ETUFOR,2022,EPSG: 31984 (SIRGAS 2000 - UTM 24S); Codificação: UTF-8
vw_PontosdeOnibus.fid-5b41923a_19c3ec54e70_509,520,POINT (-38.531742 -3.733923),1723,"RUA SEN POMPEU, SN",-3.733923,-38.531742,ETUFOR,2022,EPSG: 31984 (SIRGAS 2000 - UTM 24S); Codificação: UTF-8
vw_PontosdeOnibus.fid-5b41923a_19c3ec54e70_50a,521,POINT (-38.52765 -3.732443),1729,"AVENIDA DUQ CAXIAS, 365",-3.732443,-38.52765,ETUFOR,2022,EPSG: 31984 (SIRGAS 2000 - UTM 24S); Codificação: UTF-8
vw_PontosdeOnibus.fid-5b41923a_19c3ec54e70_50b,522,POINT (-38.584257 -3.781917),173,"RUA VITAL BRASIL, 198",-3.781917,-38.584257,ETUFOR,2022,EPSG: 31984 (SIRGAS 2000 - UTM 24S); Codificação: UTF-8
vw_PontosdeOnibus.fid-5b41923a_19c3ec54e70_50c,523,POINT (-38.581355 -3.784929),174,"AVENIDA GAL OSORIO DE PAIVA, 2165",-3.784929,-38.581355,ETUFOR,2022,EPSG: 31984 (SIRGAS 2000 - UTM 24S); Codificação: UTF-8
vw_PontosdeOnibus.fid-5b41923a_19c3ec54e70_50d,524,POINT (-38.525022 -3.736555),1740,"RUA ANTONIO POMPEU, 120",-3.736555,-38.525022,ETUFOR,2022,EPSG: 31984 (SIRGAS 2000 - UTM 24S); Codificação: UTF-8
vw_PontosdeOnibus.fid-5b41923a_19c3ec54e70_50e,525,POINT (-38.522726 -3.728306),1741,"AVENIDA POCINHO, 55",-3.728306,-38.522726,ETUFOR,2022,EPSG: 31984 (SIRGAS 2000 - UTM 24S); Codificação: UTF-8
vw_PontosdeOnibus.fid-5b41923a_19c3ec54e70_50f,526,POINT (-38.521528 -3.729813),1742,"AVENIDA DOM MANUEL, 591",-3.729813,-38.521528,ETUFOR,2022,EPSG: 31984 (SIRGAS 2000 - UTM 24S); Codificação: UTF-8
vw_PontosdeOnibus.fid-5b41923a_19c3ec54e70_510,527,POINT (-38.5223 -3.73189),1743,"AVENIDA DOM MANUEL, S/N",-3.73189,-38.5223,ETUFOR,2022,EPSG: 31984 (SIRGAS 2000 - UTM 24S); Codificação: UTF-8
vw_PontosdeOnibus.fid-5b41923a_19c3ec54e70_511,528,POINT (-38.522165 -3.731794),1744,"AVENIDA DOM MANUEL, 811",-3.731794,-38.522165,ETUFOR,2022,EPSG: 31984 (SIRGAS 2000 - UTM 24S); Codificação: UTF-8
vw_PontosdeOnibus.fid-5b41923a_19c3ec54e70_512,529,POINT (-38.520986 -3.72782),1745,"AVENIDA DOM MANUEL, 470",-3.72782,-38.520986,ETUFOR,2022,EPSG: 31984 (SIRGAS 2000 - UTM 24S); Codificação: UTF-8
vw_PontosdeOnibus.fid-5b41923a_19c3ec54e70_513,530,POINT (-38.518986 -3.72797),1746,"RUA COSTA BARROS, 539",-3.72797,-38.518986,ETUFOR,2022,EPSG: 31984 (SIRGAS 2000 - UTM 24S); Codificação: UTF-8
vw_PontosdeOnibus.fid-5b41923a_19c3ec54e70_514,531,POINT (-38.515598 -3.729033),1747,"RUA COSTA BARROS, 915",-3.729033,-38.515598,ETUFOR,2022,EPSG: 31984 (SIRGAS 2000 - UTM 24S); Codificação: UTF-8
vw_PontosdeOnibus.fid-5b41923a_19c3ec54e70_515,532,POINT (-38.514378 -3.727864),1749,"RUA PEREIRA FILGUEIRAS, 933",-3.727864,-38.514378,ETUFOR,2022,EPSG: 31984 (SIRGAS 2000 - UTM 24S); Codificação: UTF-8
vw_PontosdeOnibus.fid-5b41923a_19c3ec54e70_516,533,POINT (-38.581199 -3.784994),175,"AVENIDA GAL OSORIO DE PAIVA, 2165",-3.784994,-38.581199,ETUFOR,2022,EPSG: 31984 (SIRGAS 2000 - UTM 24S); Codificação: UTF-8
vw_PontosdeOnibus.fid-5b41923a_19c3ec54e70_517,534,POINT (-38.514478 -3.730977),1750,"AVENIDA SANTOS DUMONT, 1075",-3.730977,-38.514478,ETUFOR,2022,EPSG: 31984 (SIRGAS 2000 - UTM 24S); Codificação: UTF-8
vw_PontosdeOnibus.fid-5b41923a_19c3ec54e70_518,535,POINT (-38.524224 -3.73354),1752,"AVENIDA HERACLITO GRACA, 33",-3.73354,-38.524224,ETUFOR,2022,EPSG: 31984 (SIRGAS 2000 - UTM 24S); Codificação: UTF-8
vw_PontosdeOnibus.fid-5b41923a_19c3ec54e70_519,536,POINT (-38.523549 -3.735664),1754,"AVENIDA DOM MANUEL, 1344",-3.735664,-38.523549,ETUFOR,2022,EPSG: 31984 (SIRGAS 2000 - UTM 24S); Codificação: UTF-8
vw_PontosdeOnibus.fid-5b41923a_19c3ec54e70_51a,537,POINT (-38.523456 -3.735698),1755,"AVENIDA DOM MANUEL, 1305",-3.735698,-38.523456,ETUFOR,2022,EPSG: 31984 (SIRGAS 2000 - UTM 24S); Codificação: UTF-8
vw_PontosdeOnibus.fid-5b41923a_19c3ec54e70_51b,538,POINT (-38.524297 -3.735056),1756,"AVENIDA VIS RIO BRANCO, 1636",-3.735056,-38.524297,ETUFOR,2022,EPSG: 31984 (SIRGAS 2000 - UTM 24S); Codificação: UTF-8
vw_PontosdeOnibus.fid-5b41923a_19c3ec54e70_51c,539,POINT (-38.521805 -3.736533),1757,"RUA ROCHA LIMA, 231",-3.736533,-38.521805,ETUFOR,2022,EPSG: 31984 (SIRGAS 2000 - UTM 24S); Codificação: UTF-8
vw_PontosdeOnibus.fid-5b41923a_19c3ec54e70_51d,540,POINT (-38.579657 -3.784002),176,"AVENIDA GAL OSORIO DE PAIVA, 1919",-3.784002,-38.579657,ETUFOR,2022,EPSG: 31984 (SIRGAS 2000 - UTM 24S); Codificação: UTF-8
vw_PontosdeOnibus.fid-5b41923a_19c3ec54e70_51e,541,POINT (-38.520909 -3.7351),1760,"RUA DNA LEOPOLDINA, 1165",-3.7351,-38.520909,ETUFOR,2022,EPSG: 31984 (SIRGAS 2000 - UTM 24S); Codificação: UTF-8
vw_PontosdeOnibus.fid-5b41923a_19c3ec54e70_51f,542,POINT (-38.520288 -3.734783),1761,"AVENIDA HERACLITO GRACA, 421",-3.734783,-38.520288,ETUFOR,2022,EPSG: 31984 (SIRGAS 2000 - UTM 24S); Codificação: UTF-8
vw_PontosdeOnibus.fid-5b41923a_19c3ec54e70_520,543,POINT (-38.517747 -3.7356),1763,"AVENIDA HERACLITO GRACA, 720",-3.7356,-38.517747,ETUFOR,2022,EPSG: 31984 (SIRGAS 2000 - UTM 24S); Codificação: UTF-8
vw_PontosdeOnibus.fid-5b41923a_19c3ec54e70_521,544,POINT (-38.515142 -3.736458),1765,"AVENIDA HERACLITO GRACA, 1177",-3.736458,-38.515142,ETUFOR,2022,EPSG: 31984 (SIRGAS 2000 - UTM 24S); Codificação: UTF-8
vw_PontosdeOnibus.fid-5b41923a_19c3ec54e70_522,545,POINT (-38.511343 -3.728872),1766,"RUA PEREIRA FILGUEIRAS, 1295",-3.728872,-38.511343,ETUFOR,2022,EPSG: 31984 (SIRGAS 2000 - UTM 24S); Codificação: UTF-8
vw_PontosdeOnibus.fid-5b41923a_19c3ec54e70_523,546,POINT (-38.510679 -3.730642),1767,"RUA COSTA BARROS, 1391",-3.730642,-38.510679,ETUFOR,2022,EPSG: 31984 (SIRGAS 2000 - UTM 24S); Codificação: UTF-8
vw_PontosdeOnibus.fid-5b41923a_19c3ec54e70_524,547,POINT (-38.512808 -3.729942),1768,"RUA COSTA BARROS, 1226",-3.729942,-38.512808,ETUFOR,2022,EPSG: 31984 (SIRGAS 2000 - UTM 24S); Codificação: UTF-8
vw_PontosdeOnibus.fid-5b41923a_19c3ec54e70_525,548,POINT (-38.511142 -3.732063),1769,"AVENIDA SANTOS DUMONT, 1400",-3.732063,-38.511142,ETUFOR,2022,EPSG: 31984 (SIRGAS 2000 - UTM 24S); Codificação: UTF-8
vw_PontosdeOnibus.fid-5b41923a_19c3ec54e70_526,549,POINT (-38.580163 -3.786824),177,"RUA GABRIEL FIUZA, 393",-3.786824,-38.580163,ETUFOR,2022,EPSG: 31984 (SIRGAS 2000 - UTM 24S); Codificação: UTF-8
vw_PontosdeOnibus.fid-5b41923a_19c3ec54e70_527,550,POINT (-38.5074 -3.72857),1770,"RUA TEN BENEVOLO, 1446",-3.72857,-38.5074,ETUFOR,2022,EPSG: 31984 (SIRGAS 2000 - UTM 24S); Codificação: UTF-8
vw_PontosdeOnibus.fid-5b41923a_19c3ec54e70_528,551,POINT (-38.510149 -3.727667),1771,"RUA TEN BENEVOLO, 1266",-3.727667,-38.510149,ETUFOR,2022,EPSG: 31984 (SIRGAS 2000 - UTM 24S); Codificação: UTF-8
vw_PontosdeOnibus.fid-5b41923a_19c3ec54e70_529,552,POINT (-38.509075 -3.729604),1772,"RUA PEREIRA FILGUEIRAS, 1550 A",-3.729604,-38.509075,ETUFOR,2022,EPSG: 31984 (SIRGAS 2000 - UTM 24S); Codificação: UTF-8
vw_PontosdeOnibus.fid-5b41923a_19c3ec54e70_52a,553,POINT (-38.506889 -3.730318),1776,"RUA PEREIRA FILGUEIRAS, 1817",-3.730318,-38.506889,ETUFOR,2022,EPSG: 31984 (SIRGAS 2000 - UTM 24S); Codificação: UTF-8
vw_PontosdeOnibus.fid-5b41923a_19c3ec54e70_52b,554,POINT (-38.50461 -3.731056),1777,"RUA PEREIRA FILGUEIRAS, 2020",-3.731056,-38.50461,ETUFOR,2022,EPSG: 31984 (SIRGAS 2000 - UTM 24S); Codificação: UTF-8
vw_PontosdeOnibus.fid-5b41923a_19c3ec54e70_52c,555,POINT (-38.505613 -3.731387),1778,"AVENIDA BAR STUDART, 800",-3.731387,-38.505613,ETUFOR,2022,EPSG: 31984 (SIRGAS 2000 - UTM 24S); Codificação: UTF-8
vw_PontosdeOnibus.fid-5b41923a_19c3ec54e70_52d,556,POINT (-38.505639 -3.731778),1779,"AVENIDA BAR STUDART, 825",-3.731778,-38.505639,ETUFOR,2022,EPSG: 31984 (SIRGAS 2000 - UTM 24S); Codificação: UTF-8
vw_PontosdeOnibus.fid-5b41923a_19c3ec54e70_52e,557,POINT (-38.579432 -3.787517),178,"RUA GABRIEL FIUZA, 220",-3.787517,-38.579432,ETUFOR,2022,EPSG: 31984 (SIRGAS 2000 - UTM 24S); Codificação: UTF-8
vw_PontosdeOnibus.fid-5b41923a_19c3ec54e70_52f,558,POINT (-38.508982 -3.732771),1780,"AVENIDA SANTOS DUMONT, 1673",-3.732771,-38.508982,ETUFOR,2022,EPSG: 31984 (SIRGAS 2000 - UTM 24S); Codificação: UTF-8
vw_PontosdeOnibus.fid-5b41923a_19c3ec54e70_530,559,POINT (-38.507134 -3.733379),1781,"AVENIDA SANTOS DUMONT, 1890",-3.733379,-38.507134,ETUFOR,2022,EPSG: 31984 (SIRGAS 2000 - UTM 24S); Codificação: UTF-8
vw_PontosdeOnibus.fid-5b41923a_19c3ec54e70_531,560,POINT (-38.503615 -3.732952),1782,"RUA COSTA BARROS, 2201",-3.732952,-38.503615,ETUFOR,2022,EPSG: 31984 (SIRGAS 2000 - UTM 24S); Codificação: UTF-8
vw_PontosdeOnibus.fid-5b41923a_19c3ec54e70_532,561,POINT (-38.505171 -3.732445),1783,"RUA COSTA BARROS, 2070",-3.732445,-38.505171,ETUFOR,2022,EPSG: 31984 (SIRGAS 2000 - UTM 24S); Codificação: UTF-8
vw_PontosdeOnibus.fid-5b41923a_19c3ec54e70_533,562,POINT (-38.506321 -3.733892),1785,"AVENIDA BAR STUDART, 1071",-3.733892,-38.506321,ETUFOR,2022,EPSG: 31984 (SIRGAS 2000 - UTM 24S); Codificação: UTF-8
vw_PontosdeOnibus.fid-5b41923a_19c3ec54e70_534,563,POINT (-38.506752 -3.734971),1786,"AVENIDA BAR STUDART, 1148",-3.734971,-38.506752,ETUFOR,2022,EPSG: 31984 (SIRGAS 2000 - UTM 24S); Codificação: UTF-8
vw_PontosdeOnibus.fid-5b41923a_19c3ec54e70_535,564,POINT (-38.502594 -3.73169),1787,"RUA PEREIRA FILGUEIRAS, 2280",-3.73169,-38.502594,ETUFOR,2022,EPSG: 31984 (SIRGAS 2000 - UTM 24S); Codificação: UTF-8
vw_PontosdeOnibus.fid-5b41923a_19c3ec54e70_536,565,POINT (-38.502073 -3.730287),1788,"RUA TEN BENEVOLO, 2165",-3.730287,-38.502073,ETUFOR,2022,EPSG: 31984 (SIRGAS 2000 - UTM 24S); Codificação: UTF-8
vw_PontosdeOnibus.fid-5b41923a_19c3ec54e70_537,566,POINT (-38.584131 -3.786895),179,"AVENIDA CARDOSO DE BARROS, 2395",-3.786895,-38.584131,ETUFOR,2022,EPSG: 31984 (SIRGAS 2000 - UTM 24S); Codificação: UTF-8
vw_PontosdeOnibus.fid-5b41923a_19c3ec54e70_538,567,POINT (-38.496272 -3.729866),1790,"AVENIDA DES MOREIRA, SN",-3.729866,-38.496272,ETUFOR,2022,EPSG: 31984 (SIRGAS 2000 - UTM 24S); Codificação: UTF-8
vw_PontosdeOnibus.fid-5b41923a_19c3ec54e70_539,568,POINT (-38.496881 -3.731719),1792,"AVENIDA DES MOREIRA, 615",-3.731719,-38.496881,ETUFOR,2022,EPSG: 31984 (SIRGAS 2000 - UTM 24S); Codificação: UTF-8
vw_PontosdeOnibus.fid-5b41923a_19c3ec54e70_53a,569,POINT (-38.495654 -3.727983),1793,"AVENIDA DES MOREIRA, 115",-3.727983,-38.495654,ETUFOR,2022,EPSG: 31984 (SIRGAS 2000 - UTM 24S); Codificação: UTF-8
vw_PontosdeOnibus.fid-5b41923a_19c3ec54e70_53b,570,POINT (-38.493204 -3.728066),1795,"AVENIDA ANTONIO JUSTA, 3113",-3.728066,-38.493204,ETUFOR,2022,EPSG: 31984 (SIRGAS 2000 - UTM 24S); Codificação: UTF-8
vw_PontosdeOnibus.fid-5b41923a_19c3ec54e70_53c,571,POINT (-38.492796 -3.728207),1796,"AVENIDA ANTONIO JUSTA, 2980",-3.728207,-38.492796,ETUFOR,2022,EPSG: 31984 (SIRGAS 2000 - UTM 24S); Codificação: UTF-8
vw_PontosdeOnibus.fid-5b41923a_19c3ec54e70_53d,572,POINT (-38.493588 -3.73014),1797,"RUA ANA BILHAR, 770",-3.73014,-38.493588,ETUFOR,2022,EPSG: 31984 (SIRGAS 2000 - UTM 24S); Codificação: UTF-8
vw_PontosdeOnibus.fid-5b41923a_19c3ec54e70_53e,573,POINT (-38.495807 -3.729426),1798,"RUA ANA BILHAR, 491",-3.729426,-38.495807,ETUFOR,2022,EPSG: 31984 (SIRGAS 2000 - UTM 24S); Codificação: UTF-8
vw_PontosdeOnibus.fid-5b41923a_19c3ec54e70_53f,574,POINT (-38.590918 -3.705787),18,"AVENIDA CIRCULACAO, 564",-3.705787,-38.590918,ETUFOR,2022,EPSG: 31984 (SIRGAS 2000 - UTM 24S); Codificação: UTF-8
vw_PontosdeOnibus.fid-5b41923a_19c3ec54e70_540,575,POINT (-38.584083 -3.786683),180,"AVENIDA GAL OSORIO DE PAIVA, 2373",-3.786683,-38.584083,ETUFOR,2022,EPSG: 31984 (SIRGAS 2000 - UTM 24S); Codificação: UTF-8
vw_PontosdeOnibus.fid-5b41923a_19c3ec54e70_541,576,POINT (-38.500507 -3.73619),1801,"RUA OSVALDO CRUZ, 1170",-3.73619,-38.500507,ETUFOR,2022,EPSG: 31984 (SIRGAS 2000 - UTM 24S); Codificação: UTF-8
vw_PontosdeOnibus.fid-5b41923a_19c3ec54e70_542,577,POINT (-38.499696 -3.732502),1804,"AVENIDA DOM LUIS, 230",-3.732502,-38.499696,ETUFOR,2022,EPSG: 31984 (SIRGAS 2000 - UTM 24S); Codificação: UTF-8
vw_PontosdeOnibus.fid-5b41923a_19c3ec54e70_543,578,POINT (-38.497963 -3.734979),1806,"AVENIDA DESEMBARGADOR MOREIRA, 1020",-3.734979,-38.497963,ETUFOR,2022,EPSG: 31984 (SIRGAS 2000 - UTM 24S); Codificação: UTF-8
vw_PontosdeOnibus.fid-5b41923a_19c3ec54e70_544,579,POINT (-38.497747 -3.734001),1807,"AVENIDA DESEMBARGADOR MOREIRA, 940",-3.734001,-38.497747,ETUFOR,2022,EPSG: 31984 (SIRGAS 2000 - UTM 24S); Codificação: UTF-8
vw_PontosdeOnibus.fid-5b41923a_19c3ec54e70_545,580,POINT (-38.586406 -3.788709),181,"AVENIDA OSORIO DE PAIVA, 2834",-3.788709,-38.586406,ETUFOR,2022,EPSG: 31984 (SIRGAS 2000 - UTM 24S); Codificação: UTF-8
vw_PontosdeOnibus.fid-5b41923a_19c3ec54e70_546,581,POINT (-38.491516 -3.728611),1812,"AVENIDA ANTONIO JUSTA, 3320",-3.728611,-38.491516,ETUFOR,2022,EPSG: 31984 (SIRGAS 2000 - UTM 24S); Codificação: UTF-8
vw_PontosdeOnibus.fid-5b41923a_19c3ec54e70_547,582,POINT (-38.491673 -3.728562),1813,"AVENIDA ANTONIO JUSTA, 3301",-3.728562,-38.491673,ETUFOR,2022,EPSG: 31984 (SIRGAS 2000 - UTM 24S); Codificação: UTF-8
vw_PontosdeOnibus.fid-5b41923a_19c3ec54e70_548,583,POINT (-38.488848 -3.731408),1816,"RUA FRE MANSUETO, 770",-3.731408,-38.488848,ETUFOR,2022,EPSG: 31984 (SIRGAS 2000 - UTM 24S); Codificação: UTF-8
vw_PontosdeOnibus.fid-5b41923a_19c3ec54e70_549,584,POINT (-38.577204 -3.782364),182,"AVENIDA GAL OSORIO DE PAIVA, 1738",-3.782364,-38.577204,ETUFOR,2022,EPSG: 31984 (SIRGAS 2000 - UTM 24S); Codificação: UTF-8
vw_PontosdeOnibus.fid-5b41923a_19c3ec54e70_54a,585,POINT (-38.482147 -3.728221),1822,"RUA CANINDE    (D48), 797",-3.728221,-38.482147,ETUFOR,2022,EPSG: 31984 (SIRGAS 2000 - UTM 24S); Codificação: UTF-8
vw_PontosdeOnibus.fid-5b41923a_19c3ec54e70_54b,586,POINT (-38.482706 -3.732048),1824,"AVENIDA ALM HENRIQUE SABOIA, 2364",-3.732048,-38.482706,ETUFOR,2022,EPSG: 31984 (SIRGAS 2000 - UTM 24S); Codificação: UTF-8
vw_PontosdeOnibus.fid-5b41923a_19c3ec54e70_54c,587,POINT (-38.482566 -3.732054),1825,"AVENIDA ALM HENRIQUE SABOIA, 2364",-3.732054,-38.482566,ETUFOR,2022,EPSG: 31984 (SIRGAS 2000 - UTM 24S); Codificação: UTF-8
vw_PontosdeOnibus.fid-5b41923a_19c3ec54e70_54d,588,POINT (-38.48296 -3.730308),1826,"RUA MERUOCA, 80",-3.730308,-38.48296,ETUFOR,2022,EPSG: 31984 (SIRGAS 2000 - UTM 24S); Codificação: UTF-8
vw_PontosdeOnibus.fid-5b41923a_19c3ec54e70_54e,589,POINT (-38.481757 -3.729446),1827,"RUA MES JERONIMO    (D48), 233",-3.729446,-38.481757,ETUFOR,2022,EPSG: 31984 (SIRGAS 2000 - UTM 24S); Codificação: UTF-8
vw_PontosdeOnibus.fid-5b41923a_19c3ec54e70_54f,590,POINT (-38.481708 -3.72933),1828,"RUA MES JERONIMO    (D48), 233",-3.72933,-38.481708,ETUFOR,2022,EPSG: 31984 (SIRGAS 2000 - UTM 24S); Codificação: UTF-8
vw_PontosdeOnibus.fid-5b41923a_19c3ec54e70_550,591,POINT (-38.577651 -3.782807),183,"AVENIDA GAL OSORIO DE PAIVA, 1781",-3.782807,-38.577651,ETUFOR,2022,EPSG: 31984 (SIRGAS 2000 - UTM 24S); Codificação: UTF-8
vw_PontosdeOnibus.fid-5b41923a_19c3ec54e70_551,592,POINT (-38.490029 -3.735624),1830,"AVENIDA DOM LUIS, 1200",-3.735624,-38.490029,ETUFOR,2022,EPSG: 31984 (SIRGAS 2000 - UTM 24S); Codificação: UTF-8
vw_PontosdeOnibus.fid-5b41923a_19c3ec54e70_552,593,POINT (-38.488413 -3.733732),1835,"RUA REPUBLICA DO LIBANO, S/N",-3.733732,-38.488413,ETUFOR,2022,EPSG: 31984 (SIRGAS 2000 - UTM 24S); Codificação: UTF-8
vw_PontosdeOnibus.fid-5b41923a_19c3ec54e70_553,594,POINT (-38.485958 -3.734929),1837,"RUA CASTRO MONTE, 284",-3.734929,-38.485958,ETUFOR,2022,EPSG: 31984 (SIRGAS 2000 - UTM 24S); Codificação: UTF-8
vw_PontosdeOnibus.fid-5b41923a_19c3ec54e70_554,595,POINT (-38.487623 -3.735893),1838,"AVENIDA JULIO ABREU, 315",-3.735893,-38.487623,ETUFOR,2022,EPSG: 31984 (SIRGAS 2000 - UTM 24S); Codificação: UTF-8
vw_PontosdeOnibus.fid-5b41923a_19c3ec54e70_555,596,POINT (-38.482669 -3.736718),1839,"AVENIDA ENG SANTANA JUNIOR, 970",-3.736718,-38.482669,ETUFOR,2022,EPSG: 31984 (SIRGAS 2000 - UTM 24S); Codificação: UTF-8
vw_PontosdeOnibus.fid-5b41923a_19c3ec54e70_556,597,POINT (-38.484953 -3.732748),1842,"RUA MANUEL JESUINO, 807",-3.732748,-38.484953,ETUFOR,2022,EPSG: 31984 (SIRGAS 2000 - UTM 24S); Codificação: UTF-8
vw_PontosdeOnibus.fid-5b41923a_19c3ec54e70_557,598,POINT (-38.479816 -3.732059),1845,"AVENIDA ENG SANTANA JUNIOR, 303",-3.732059,-38.479816,ETUFOR,2022,EPSG: 31984 (SIRGAS 2000 - UTM 24S); Codificação: UTF-8
vw_PontosdeOnibus.fid-5b41923a_19c3ec54e70_558,599,POINT (-38.480385 -3.727141),1847,"AVENIDA ALM HENRIQUE SABOIA, S/Nº",-3.727141,-38.480385,ETUFOR,2022,EPSG: 31984 (SIRGAS 2000 - UTM 24S); Codificação: UTF-8
vw_PontosdeOnibus.fid-5b41923a_19c3ec54e70_559,600,POINT (-38.480502 -3.727135),1848,"AVENIDA ALM HENRIQUE SABOIA, S/Nº",-3.727135,-38.480502,ETUFOR,2022,EPSG: 31984 (SIRGAS 2000 - UTM 24S); Codificação: UTF-8
vw_PontosdeOnibus.fid-5b41923a_19c3ec54e70_55a,601,POINT (-38.475525 -3.731798),1849,"RUA OLIVEIRA VIANA, 585",-3.731798,-38.475525,ETUFOR,2022,EPSG: 31984 (SIRGAS 2000 - UTM 24S); Codificação: UTF-8
vw_PontosdeOnibus.fid-5b41923a_19c3ec54e70_55b,602,POINT (-38.576433 -3.783435),185,"RUA LINS DO REGO, 115",-3.783435,-38.576433,ETUFOR,2022,EPSG: 31984 (SIRGAS 2000 - UTM 24S); Codificação: UTF-8
vw_PontosdeOnibus.fid-5b41923a_19c3ec54e70_55c,603,POINT (-38.475576 -3.731784),1850,"RUA OLIVEIRA VIANA, 566",-3.731784,-38.475576,ETUFOR,2022,EPSG: 31984 (SIRGAS 2000 - UTM 24S); Codificação: UTF-8
vw_PontosdeOnibus.fid-5b41923a_19c3ec54e70_55d,604,POINT (-38.476822 -3.731164),1851,"RUA ENG PLACIDO C JUNIOR D56, 430",-3.731164,-38.476822,ETUFOR,2022,EPSG: 31984 (SIRGAS 2000 - UTM 24S); Codificação: UTF-8
vw_PontosdeOnibus.fid-5b41923a_19c3ec54e70_55e,605,POINT (-38.476785 -3.7312),1852,"RUA ENG PLACIDO C JUNIOR D56, 430",-3.7312,-38.476785,ETUFOR,2022,EPSG: 31984 (SIRGAS 2000 - UTM 24S); Codificação: UTF-8
vw_PontosdeOnibus.fid-5b41923a_19c3ec54e70_55f,606,POINT (-38.477616 -3.730353),1854,"RUA ENG PLACIDO C JUNIOR D56, 316",-3.730353,-38.477616,ETUFOR,2022,EPSG: 31984 (SIRGAS 2000 - UTM 24S); Codificação: UTF-8
vw_PontosdeOnibus.fid-5b41923a_19c3ec54e70_560,607,POINT (-38.475613 -3.727684),1855,"AVENIDA AREIA BRANCA, 380",-3.727684,-38.475613,ETUFOR,2022,EPSG: 31984 (SIRGAS 2000 - UTM 24S); Codificação: UTF-8
vw_PontosdeOnibus.fid-5b41923a_19c3ec54e70_561,608,POINT (-38.475886 -3.728156),1856,"RUA CRISTO REDENTOR, 80",-3.728156,-38.475886,ETUFOR,2022,EPSG: 31984 (SIRGAS 2000 - UTM 24S); Codificação: UTF-8
vw_PontosdeOnibus.fid-5b41923a_19c3ec54e70_562,609,POINT (-38.473016 -3.728139),1858,"RUA VENEZA, 401A",-3.728139,-38.473016,ETUFOR,2022,EPSG: 31984 (SIRGAS 2000 - UTM 24S); Codificação: UTF-8
vw_PontosdeOnibus.fid-5b41923a_19c3ec54e70_563,610,POINT (-38.471333 -3.728452),1860,"RUA JOOSIAS PAULO DE SOUZA, 178",-3.728452,-38.471333,ETUFOR,2022,EPSG: 31984 (SIRGAS 2000 - UTM 24S); Codificação: UTF-8
vw_PontosdeOnibus.fid-5b41923a_19c3ec54e70_564,611,POINT (-38.473623 -3.728319),1861,"AVENIDA AREIA BRANCA, S/N",-3.728319,-38.473623,ETUFOR,2022,EPSG: 31984 (SIRGAS 2000 - UTM 24S); Codificação: UTF-8
vw_PontosdeOnibus.fid-5b41923a_19c3ec54e70_565,612,POINT (-38.47286 -3.731003),1862,"RUA JOSE C.G. NOGUEIRA, 142",-3.731003,-38.47286,ETUFOR,2022,EPSG: 31984 (SIRGAS 2000 - UTM 24S); Codificação: UTF-8
vw_PontosdeOnibus.fid-5b41923a_19c3ec54e70_566,613,POINT (-38.472826 -3.730952),1863,"RUA JOSE C.G. NOGUEIRA, 280",-3.730952,-38.472826,ETUFOR,2022,EPSG: 31984 (SIRGAS 2000 - UTM 24S); Codificação: UTF-8
vw_PontosdeOnibus.fid-5b41923a_19c3ec54e70_567,614,POINT (-38.473465 -3.732095),1864,"RUA JOSE C.G. NOGUEIRA, 147",-3.732095,-38.473465,ETUFOR,2022,EPSG: 31984 (SIRGAS 2000 - UTM 24S); Codificação: UTF-8
vw_PontosdeOnibus.fid-5b41923a_19c3ec54e70_568,615,POINT (-38.480862 -3.733658),1865,"AVENIDA ENG SANTANA JUNIOR, 639",-3.733658,-38.480862,ETUFOR,2022,EPSG: 31984 (SIRGAS 2000 - UTM 24S); Codificação: UTF-8
vw_PontosdeOnibus.fid-5b41923a_19c3ec54e70_569,616,POINT (-38.480893 -3.733954),1866,"AVENIDA ENG SANTANA JUNIOR, 663",-3.733954,-38.480893,ETUFOR,2022,EPSG: 31984 (SIRGAS 2000 - UTM 24S); Codificação: UTF-8
vw_PontosdeOnibus.fid-5b41923a_19c3ec54e70_56a,617,POINT (-38.478963 -3.733653),1868,"AVENIDA ENG ALBERTO SA, 175",-3.733653,-38.478963,ETUFOR,2022,EPSG: 31984 (SIRGAS 2000 - UTM 24S); Codificação: UTF-8
vw_PontosdeOnibus.fid-5b41923a_19c3ec54e70_56b,618,POINT (-38.476433 -3.734393),1870,"AVENIDA ENG ALBERTO SA, 480",-3.734393,-38.476433,ETUFOR,2022,EPSG: 31984 (SIRGAS 2000 - UTM 24S); Codificação: UTF-8
vw_PontosdeOnibus.fid-5b41923a_19c3ec54e70_56c,619,POINT (-38.47157 -3.735783),1873,"AVENIDA ENG ALBERTO SA, 1280",-3.735783,-38.47157,ETUFOR,2022,EPSG: 31984 (SIRGAS 2000 - UTM 24S); Codificação: UTF-8
vw_PontosdeOnibus.fid-5b41923a_19c3ec54e70_56d,620,POINT (-38.473958 -3.732946),1875,"RUA PRO HERACLITO, 785",-3.732946,-38.473958,ETUFOR,2022,EPSG: 31984 (SIRGAS 2000 - UTM 24S); Codificação: UTF-8
vw_PontosdeOnibus.fid-5b41923a_19c3ec54e70_56e,621,POINT (-38.474329 -3.732841),1876,"RUA PRO HERACLITO, 744",-3.732841,-38.474329,ETUFOR,2022,EPSG: 31984 (SIRGAS 2000 - UTM 24S); Codificação: UTF-8
vw_PontosdeOnibus.fid-5b41923a_19c3ec54e70_56f,622,POINT (-38.460222 -3.728992),1879,"AVENIDA CESAR CALS, 1297",-3.728992,-38.460222,ETUFOR,2022,EPSG: 31984 (SIRGAS 2000 - UTM 24S); Codificação: UTF-8
vw_PontosdeOnibus.fid-5b41923a_19c3ec54e70_570,623,POINT (-38.462914 -3.731004),1882,"RUA HERMINIA BONAVIDES, SN",-3.731004,-38.462914,ETUFOR,2022,EPSG: 31984 (SIRGAS 2000 - UTM 24S); Codificação: UTF-8
vw_PontosdeOnibus.fid-5b41923a_19c3ec54e70_571,624,POINT (-38.469367 -3.734306),1884,"AVENIDA ENG ALBERTO SA, 891",-3.734306,-38.469367,ETUFOR,2022,EPSG: 31984 (SIRGAS 2000 - UTM 24S); Codificação: UTF-8
vw_PontosdeOnibus.fid-5b41923a_19c3ec54e70_572,625,POINT (-38.469477 -3.734726),1885,"AVENIDA ENG ALBERTO SA, 911",-3.734726,-38.469477,ETUFOR,2022,EPSG: 31984 (SIRGAS 2000 - UTM 24S); Codificação: UTF-8
vw_PontosdeOnibus.fid-5b41923a_19c3ec54e70_573,626,POINT (-38.466369 -3.732484),1886,"AVENIDA HERMINIA BONAVIDES, 555",-3.732484,-38.466369,ETUFOR,2022,EPSG: 31984 (SIRGAS 2000 - UTM 24S); Codificação: UTF-8
vw_PontosdeOnibus.fid-5b41923a_19c3ec54e70_574,627,POINT (-38.465943 -3.732352),1887,"AVENIDA HERMINIA BONAVIDES, 555",-3.732352,-38.465943,ETUFOR,2022,EPSG: 31984 (SIRGAS 2000 - UTM 24S); Codificação: UTF-8
vw_PontosdeOnibus.fid-5b41923a_19c3ec54e70_575,628,POINT (-38.460991 -3.732464),1888,"RUA RENATO BRAGA, 200",-3.732464,-38.460991,ETUFOR,2022,EPSG: 31984 (SIRGAS 2000 - UTM 24S); Codificação: UTF-8
vw_PontosdeOnibus.fid-5b41923a_19c3ec54e70_576,629,POINT (-38.460743 -3.732341),1889,"RUA RENATO BRAGA, 203",-3.732341,-38.460743,ETUFOR,2022,EPSG: 31984 (SIRGAS 2000 - UTM 24S); Codificação: UTF-8
vw_PontosdeOnibus.fid-5b41923a_19c3ec54e70_577,630,POINT (-38.575067 -3.786789),189,"RUA CON CASTRO, S/N",-3.786789,-38.575067,ETUFOR,2022,EPSG: 31984 (SIRGAS 2000 - UTM 24S); Codificação: UTF-8
vw_PontosdeOnibus.fid-5b41923a_19c3ec54e70_578,631,POINT (-38.462814 -3.732521),1890,"RUA RENATO BRAGA, SN",-3.732521,-38.462814,ETUFOR,2022,EPSG: 31984 (SIRGAS 2000 - UTM 24S); Codificação: UTF-8
vw_PontosdeOnibus.fid-5b41923a_19c3ec54e70_579,632,POINT (-38.462717 -3.732558),1891,"RUA RENATO BRAGA, 1701",-3.732558,-38.462717,ETUFOR,2022,EPSG: 31984 (SIRGAS 2000 - UTM 24S); Codificação: UTF-8
vw_PontosdeOnibus.fid-5b41923a_19c3ec54e70_57a,633,POINT (-38.459876 -3.729628),1892,"AVENIDA CESAR CALS, 1331",-3.729628,-38.459876,ETUFOR,2022,EPSG: 31984 (SIRGAS 2000 - UTM 24S); Codificação: UTF-8
vw_PontosdeOnibus.fid-5b41923a_19c3ec54e70_57b,634,POINT (-38.459191 -3.731575),1893,"RUA RENATO BRAGA, 190",-3.731575,-38.459191,ETUFOR,2022,EPSG: 31984 (SIRGAS 2000 - UTM 24S); Codificação: UTF-8
vw_PontosdeOnibus.fid-5b41923a_19c3ec54e70_57c,635,POINT (-38.45932 -3.73164),1894,"RUA RENATO BRAGA, 199",-3.73164,-38.45932,ETUFOR,2022,EPSG: 31984 (SIRGAS 2000 - UTM 24S); Codificação: UTF-8
vw_PontosdeOnibus.fid-5b41923a_19c3ec54e70_57d,636,POINT (-38.458529 -3.732085),1895,"AVENIDA DIOGUINHO, 1705",-3.732085,-38.458529,ETUFOR,2022,EPSG: 31984 (SIRGAS 2000 - UTM 24S); Codificação: UTF-8
vw_PontosdeOnibus.fid-5b41923a_19c3ec54e70_57e,637,POINT (-38.457993 -3.733068),1896,"AVENIDA DIOGUINHO, 1850",-3.733068,-38.457993,ETUFOR,2022,EPSG: 31984 (SIRGAS 2000 - UTM 24S); Codificação: UTF-8
vw_PontosdeOnibus.fid-5b41923a_19c3ec54e70_57f,638,POINT (-38.596965 -3.739517),1898,"RUA HIPOLITO PAMPLONA, 16 A",-3.739517,-38.596965,ETUFOR,2022,EPSG: 31984 (SIRGAS 2000 - UTM 24S); Codificação: UTF-8
vw_PontosdeOnibus.fid-5b41923a_19c3ec54e70_580,639,POINT (-38.596684 -3.740309),1899,"AVENIDA MISTER HULL, 104",-3.740309,-38.596684,ETUFOR,2022,EPSG: 31984 (SIRGAS 2000 - UTM 24S); Codificação: UTF-8
vw_PontosdeOnibus.fid-5b41923a_19c3ec54e70_581,640,POINT (-38.590294 -3.708152),19,"AVENIDA CEL CARVALHO, 599",-3.708152,-38.590294,ETUFOR,2022,EPSG: 31984 (SIRGAS 2000 - UTM 24S); Codificação: UTF-8
vw_PontosdeOnibus.fid-5b41923a_19c3ec54e70_582,641,POINT (-38.571483 -3.782896),190,"RUA CON CASTRO, 1230",-3.782896,-38.571483,ETUFOR,2022,EPSG: 31984 (SIRGAS 2000 - UTM 24S); Codificação: UTF-8
vw_PontosdeOnibus.fid-5b41923a_19c3ec54e70_583,642,POINT (-38.594915 -3.740043),1900,"AVENIDA MISTER HULL, 565",-3.740043,-38.594915,ETUFOR,2022,EPSG: 31984 (SIRGAS 2000 - UTM 24S); Codificação: UTF-8
vw_PontosdeOnibus.fid-5b41923a_19c3ec54e70_584,643,POINT (-38.594756 -3.739244),1901,"RUA PDE PERDIGAO SAMPAIO, 330",-3.739244,-38.594756,ETUFOR,2022,EPSG: 31984 (SIRGAS 2000 - UTM 24S); Codificação: UTF-8
vw_PontosdeOnibus.fid-5b41923a_19c3ec54e70_585,644,POINT (-38.593435 -3.73688),1902,"RUA ANARIO BRAGA, 844",-3.73688,-38.593435,ETUFOR,2022,EPSG: 31984 (SIRGAS 2000 - UTM 24S); Codificação: UTF-8
vw_PontosdeOnibus.fid-5b41923a_19c3ec54e70_586,645,POINT (-38.594082 -3.74012),1904,"AVENIDA MIT HULL, 5557",-3.74012,-38.594082,ETUFOR,2022,EPSG: 31984 (SIRGAS 2000 - UTM 24S); Codificação: UTF-8
vw_PontosdeOnibus.fid-5b41923a_19c3ec54e70_587,646,POINT (-38.592256 -3.7372),1906,"RUA ANARIO BRAGA, 709",-3.7372,-38.592256,ETUFOR,2022,EPSG: 31984 (SIRGAS 2000 - UTM 24S); Codificação: UTF-8
vw_PontosdeOnibus.fid-5b41923a_19c3ec54e70_588,647,POINT (-38.591463 -3.737248),1907,"RUA MANUEL NUNES, 120",-3.737248,-38.591463,ETUFOR,2022,EPSG: 31984 (SIRGAS 2000 - UTM 24S); Codificação: UTF-8
vw_PontosdeOnibus.fid-5b41923a_19c3ec54e70_589,648,POINT (-38.590584 -3.739399),1908,"AVENIDA MISTER HULL, 5168",-3.739399,-38.590584,ETUFOR,2022,EPSG: 31984 (SIRGAS 2000 - UTM 24S); Codificação: UTF-8
vw_PontosdeOnibus.fid-5b41923a_19c3ec54e70_58a,649,POINT (-38.591144 -3.737108),1909,"RUA MANUEL NUNES, 120",-3.737108,-38.591144,ETUFOR,2022,EPSG: 31984 (SIRGAS 2000 - UTM 24S); Codificação: UTF-8
vw_PontosdeOnibus.fid-5b41923a_19c3ec54e70_58b,650,POINT (-38.569486 -3.786274),191,"RUA NEREU RAMOS, S/N",-3.786274,-38.569486,ETUFOR,2022,EPSG: 31984 (SIRGAS 2000 - UTM 24S); Codificação: UTF-8
vw_PontosdeOnibus.fid-5b41923a_19c3ec54e70_58c,651,POINT (-38.590388 -3.739572),1910,"AVENIDA MIT HULL, 5151",-3.739572,-38.590388,ETUFOR,2022,EPSG: 31984 (SIRGAS 2000 - UTM 24S); Codificação: UTF-8
vw_PontosdeOnibus.fid-5b41923a_19c3ec54e70_58d,652,POINT (-38.595183 -3.743535),1914,"RUA CEL JOAQUIM FRANKLIN, 911",-3.743535,-38.595183,ETUFOR,2022,EPSG: 31984 (SIRGAS 2000 - UTM 24S); Codificação: UTF-8
vw_PontosdeOnibus.fid-5b41923a_19c3ec54e70_58e,653,POINT (-38.596253 -3.744114),1915,"RUA HIPOLITO PAMPLONA, 333",-3.744114,-38.596253,ETUFOR,2022,EPSG: 31984 (SIRGAS 2000 - UTM 24S); Codificação: UTF-8
vw_PontosdeOnibus.fid-5b41923a_19c3ec54e70_58f,654,POINT (-38.594235 -3.742909),1918,"RUA PDE PERDIGAO SAMPAIO, 689",-3.742909,-38.594235,ETUFOR,2022,EPSG: 31984 (SIRGAS 2000 - UTM 24S); Codificação: UTF-8
vw_PontosdeOnibus.fid-5b41923a_19c3ec54e70_590,655,POINT (-38.591259 -3.742163),1919,"RUA HUGO VITOR, 319",-3.742163,-38.591259,ETUFOR,2022,EPSG: 31984 (SIRGAS 2000 - UTM 24S); Codificação: UTF-8
vw_PontosdeOnibus.fid-5b41923a_19c3ec54e70_591,656,POINT (-38.591016 -3.743887),1920,"RUA HUGO VITOR, 463",-3.743887,-38.591016,ETUFOR,2022,EPSG: 31984 (SIRGAS 2000 - UTM 24S); Codificação: UTF-8
vw_PontosdeOnibus.fid-5b41923a_19c3ec54e70_592,657,POINT (-38.590583 -3.745106),1921,"RUA TEN QUEIROZ, 497",-3.745106,-38.590583,ETUFOR,2022,EPSG: 31984 (SIRGAS 2000 - UTM 24S); Codificação: UTF-8
vw_PontosdeOnibus.fid-5b41923a_19c3ec54e70_593,658,POINT (-38.589701 -3.745159),1922,"RUA JOAQUIM NOGUEIRA, 655",-3.745159,-38.589701,ETUFOR,2022,EPSG: 31984 (SIRGAS 2000 - UTM 24S); Codificação: UTF-8
vw_PontosdeOnibus.fid-5b41923a_19c3ec54e70_594,659,POINT (-38.592164 -3.745329),1923,"RUA TEN QUEIROZ, 667",-3.745329,-38.592164,ETUFOR,2022,EPSG: 31984 (SIRGAS 2000 - UTM 24S); Codificação: UTF-8
vw_PontosdeOnibus.fid-5b41923a_19c3ec54e70_595,660,POINT (-38.618744 -3.785057),1926,"AVENIDA OSCAR ARARIPE, 3158",-3.785057,-38.618744,ETUFOR,2022,EPSG: 31984 (SIRGAS 2000 - UTM 24S); Codificação: UTF-8
vw_PontosdeOnibus.fid-5b41923a_19c3ec54e70_596,661,POINT (-38.576365 -3.788182),193,"RUA CON CASTRO, SN",-3.788182,-38.576365,ETUFOR,2022,EPSG: 31984 (SIRGAS 2000 - UTM 24S); Codificação: UTF-8
vw_PontosdeOnibus.fid-5b41923a_19c3ec54e70_597,662,POINT (-38.613788 -3.789324),1932,"RUA FRANCISCO PAIVA, 848",-3.789324,-38.613788,ETUFOR,2022,EPSG: 31984 (SIRGAS 2000 - UTM 24S); Codificação: UTF-8
vw_PontosdeOnibus.fid-5b41923a_19c3ec54e70_598,663,POINT (-38.6134 -3.790473),1933,"RUA BOM JESUS, 2297",-3.790473,-38.6134,ETUFOR,2022,EPSG: 31984 (SIRGAS 2000 - UTM 24S); Codificação: UTF-8
vw_PontosdeOnibus.fid-5b41923a_19c3ec54e70_599,664,POINT (-38.615148 -3.789903),1934,"RUA BOM JESUS, 2584",-3.789903,-38.615148,ETUFOR,2022,EPSG: 31984 (SIRGAS 2000 - UTM 24S); Codificação: UTF-8
vw_PontosdeOnibus.fid-5b41923a_19c3ec54e70_59a,665,POINT (-38.619842 -3.788485),1936,"RUA BOM JESUS, 2822",-3.788485,-38.619842,ETUFOR,2022,EPSG: 31984 (SIRGAS 2000 - UTM 24S); Codificação: UTF-8
vw_PontosdeOnibus.fid-5b41923a_19c3ec54e70_59b,666,POINT (-38.620803 -3.788209),1937,"RUA BOM JESUS, 3091",-3.788209,-38.620803,ETUFOR,2022,EPSG: 31984 (SIRGAS 2000 - UTM 24S); Codificação: UTF-8
vw_PontosdeOnibus.fid-5b41923a_19c3ec54e70_59c,667,POINT (-38.607877 -3.782171),1938,"RUA JOSE TORRES, 1272",-3.782171,-38.607877,ETUFOR,2022,EPSG: 31984 (SIRGAS 2000 - UTM 24S); Codificação: UTF-8
vw_PontosdeOnibus.fid-5b41923a_19c3ec54e70_59d,668,POINT (-38.607868 -3.782142),1939,"RUA JOSE TORRES, 1161",-3.782142,-38.607868,ETUFOR,2022,EPSG: 31984 (SIRGAS 2000 - UTM 24S); Codificação: UTF-8
vw_PontosdeOnibus.fid-5b41923a_19c3ec54e70_59e,669,POINT (-38.576148 -3.787948),194,"RUA CON CASTRO, SN",-3.787948,-38.576148,ETUFOR,2022,EPSG: 31984 (SIRGAS 2000 - UTM 24S); Codificação: UTF-8
vw_PontosdeOnibus.fid-5b41923a_19c3ec54e70_59f,670,POINT (-38.607757 -3.78574),1940,"RUA CEL VIRGILIO N PAES, 319",-3.78574,-38.607757,ETUFOR,2022,EPSG: 31984 (SIRGAS 2000 - UTM 24S); Codificação: UTF-8
vw_PontosdeOnibus.fid-5b41923a_19c3ec54e70_5a0,671,POINT (-38.607621 -3.782814),1941,"RUA CEL FABRICIANO, 1776",-3.782814,-38.607621,ETUFOR,2022,EPSG: 31984 (SIRGAS 2000 - UTM 24S); Codificação: UTF-8
vw_PontosdeOnibus.fid-5b41923a_19c3ec54e70_5a1,672,POINT (-38.60578 -3.783339),1942,"RUA CEL FABRICIANO, 1651 A",-3.783339,-38.60578,ETUFOR,2022,EPSG: 31984 (SIRGAS 2000 - UTM 24S); Codificação: UTF-8
vw_PontosdeOnibus.fid-5b41923a_19c3ec54e70_5a2,673,POINT (-38.604193 -3.783782),1943,"RUA CEL FABRICIANO, 1355",-3.783782,-38.604193,ETUFOR,2022,EPSG: 31984 (SIRGAS 2000 - UTM 24S); Codificação: UTF-8
vw_PontosdeOnibus.fid-5b41923a_19c3ec54e70_5a3,674,POINT (-38.60258 -3.784237),1944,"RUA CEL FABRICIANO, 1201",-3.784237,-38.60258,ETUFOR,2022,EPSG: 31984 (SIRGAS 2000 - UTM 24S); Codificação: UTF-8
vw_PontosdeOnibus.fid-5b41923a_19c3ec54e70_5a4,675,POINT (-38.601685 -3.783497),1946,"RUA ANTONIO NERY, 1271",-3.783497,-38.601685,ETUFOR,2022,EPSG: 31984 (SIRGAS 2000 - UTM 24S); Codificação: UTF-8
vw_PontosdeOnibus.fid-5b41923a_19c3ec54e70_5a5,676,POINT (-38.601889 -3.790379),1948,"AVENIDA OSCAR ARARIPE, 1019",-3.790379,-38.601889,ETUFOR,2022,EPSG: 31984 (SIRGAS 2000 - UTM 24S); Codificação: UTF-8
vw_PontosdeOnibus.fid-5b41923a_19c3ec54e70_5a6,677,POINT (-38.577406 -3.789315),195,"RUA CON CASTRO, 2242",-3.789315,-38.577406,ETUFOR,2022,EPSG: 31984 (SIRGAS 2000 - UTM 24S); Codificação: UTF-8
vw_PontosdeOnibus.fid-5b41923a_19c3ec54e70_5a7,678,POINT (-38.608194 -3.788341),1951,"AVENIDA OSCAR ARARIPE, 1930",-3.788341,-38.608194,ETUFOR,2022,EPSG: 31984 (SIRGAS 2000 - UTM 24S); Codificação: UTF-8
vw_PontosdeOnibus.fid-5b41923a_19c3ec54e70_5a8,679,POINT (-38.609345 -3.790629),1952,"RUA CEL VIRGILIO N PAES, 791",-3.790629,-38.609345,ETUFOR,2022,EPSG: 31984 (SIRGAS 2000 - UTM 24S); Codificação: UTF-8
vw_PontosdeOnibus.fid-5b41923a_19c3ec54e70_5a9,680,POINT (-38.605823 -3.789117),1955,"AVENIDA OSCAR ARARIPE, 1560",-3.789117,-38.605823,ETUFOR,2022,EPSG: 31984 (SIRGAS 2000 - UTM 24S); Codificação: UTF-8
vw_PontosdeOnibus.fid-5b41923a_19c3ec54e70_5aa,681,POINT (-38.598694 -3.783836),1958,"RUA JOSE ABILIO, 786",-3.783836,-38.598694,ETUFOR,2022,EPSG: 31984 (SIRGAS 2000 - UTM 24S); Codificação: UTF-8
vw_PontosdeOnibus.fid-5b41923a_19c3ec54e70_5ab,682,POINT (-38.597519 -3.784445),1959,"RUA MARIA JULIA, 1305",-3.784445,-38.597519,ETUFOR,2022,EPSG: 31984 (SIRGAS 2000 - UTM 24S); Codificação: UTF-8
vw_PontosdeOnibus.fid-5b41923a_19c3ec54e70_5ac,683,POINT (-38.577721 -3.789657),196,"RUA CON CASTRO, 2242",-3.789657,-38.577721,ETUFOR,2022,EPSG: 31984 (SIRGAS 2000 - UTM 24S); Codificação: UTF-8
vw_PontosdeOnibus.fid-5b41923a_19c3ec54e70_5ad,684,POINT (-38.597925 -3.785942),1961,"RUA MARIA JULIA, 42",-3.785942,-38.597925,ETUFOR,2022,EPSG: 31984 (SIRGAS 2000 - UTM 24S); Codificação: UTF-8
vw_PontosdeOnibus.fid-5b41923a_19c3ec54e70_5ae,685,POINT (-38.589942 -3.78528),1962,"AVENIDA PERIMETRAL, 1054",-3.78528,-38.589942,ETUFOR,2022,EPSG: 31984 (SIRGAS 2000 - UTM 24S); Codificação: UTF-8
vw_PontosdeOnibus.fid-5b41923a_19c3ec54e70_5af,686,POINT (-38.597624 -3.787934),1965,"RUA NEREIDE, 740",-3.787934,-38.597624,ETUFOR,2022,EPSG: 31984 (SIRGAS 2000 - UTM 24S); Codificação: UTF-8
vw_PontosdeOnibus.fid-5b41923a_19c3ec54e70_5b0,687,POINT (-38.595606 -3.78856),1966,"RUA NEREIDE, 483",-3.78856,-38.595606,ETUFOR,2022,EPSG: 31984 (SIRGAS 2000 - UTM 24S); Codificação: UTF-8
vw_PontosdeOnibus.fid-5b41923a_19c3ec54e70_5b1,688,POINT (-38.595414 -3.78862),1967,"RUA NEREIDE, 489",-3.78862,-38.595414,ETUFOR,2022,EPSG: 31984 (SIRGAS 2000 - UTM 24S); Codificação: UTF-8
vw_PontosdeOnibus.fid-5b41923a_19c3ec54e70_5b2,689,POINT (-38.592312 -3.789547),1968,"RUA NEREIDE, 321",-3.789547,-38.592312,ETUFOR,2022,EPSG: 31984 (SIRGAS 2000 - UTM 24S); Codificação: UTF-8
vw_PontosdeOnibus.fid-5b41923a_19c3ec54e70_5b3,690,POINT (-38.565964 -3.783487),197,"AVENIDA GODOFREDO MACIEL, 858",-3.783487,-38.565964,ETUFOR,2022,EPSG: 31984 (SIRGAS 2000 - UTM 24S); Codificação: UTF-8
vw_PontosdeOnibus.fid-5b41923a_19c3ec54e70_5b4,691,POINT (-38.592811 -3.790206),1970,"RUA JOAO VINTE TRES, 18",-3.790206,-38.592811,ETUFOR,2022,EPSG: 31984 (SIRGAS 2000 - UTM 24S); Codificação: UTF-8
vw_PontosdeOnibus.fid-5b41923a_19c3ec54e70_5b5,692,POINT (-38.593193 -3.790088),1971,"RUA JOAO VINTE TRES, 51",-3.790088,-38.593193,ETUFOR,2022,EPSG: 31984 (SIRGAS 2000 - UTM 24S); Codificação: UTF-8
vw_PontosdeOnibus.fid-5b41923a_19c3ec54e70_5b6,693,POINT (-38.589961 -3.787518),1972,"AVENIDA LUIS VIEIRA, 1223",-3.787518,-38.589961,ETUFOR,2022,EPSG: 31984 (SIRGAS 2000 - UTM 24S); Codificação: UTF-8
vw_PontosdeOnibus.fid-5b41923a_19c3ec54e70_5b7,694,POINT (-38.587893 -3.739),1973,"AVENIDA MISTER HULL, 4856",-3.739,-38.587893,ETUFOR,2022,EPSG: 31984 (SIRGAS 2000 - UTM 24S); Codificação: UTF-8
vw_PontosdeOnibus.fid-5b41923a_19c3ec54e70_5b8,695,POINT (-38.587961 -3.739324),1974,"AVENIDA MIT HULL, 4869",-3.739324,-38.587961,ETUFOR,2022,EPSG: 31984 (SIRGAS 2000 - UTM 24S); Codificação: UTF-8
vw_PontosdeOnibus.fid-5b41923a_19c3ec54e70_5b9,696,POINT (-38.58848 -3.737512),1975,"RUA DOR JOAO GUILHERME, 373",-3.737512,-38.58848,ETUFOR,2022,EPSG: 31984 (SIRGAS 2000 - UTM 24S); Codificação: UTF-8
vw_PontosdeOnibus.fid-5b41923a_19c3ec54e70_5ba,697,POINT (-38.583285 -3.738655),1977,"AVENIDA MIT HULL, 4261",-3.738655,-38.583285,ETUFOR,2022,EPSG: 31984 (SIRGAS 2000 - UTM 24S); Codificação: UTF-8
vw_PontosdeOnibus.fid-5b41923a_19c3ec54e70_5bb,698,POINT (-38.580383 -3.738122),1979,"AVENIDA MIT HULL, 4025",-3.738122,-38.580383,ETUFOR,2022,EPSG: 31984 (SIRGAS 2000 - UTM 24S); Codificação: UTF-8
vw_PontosdeOnibus.fid-5b41923a_19c3ec54e70_5bc,699,POINT (-38.565918 -3.783838),198,"AVENIDA GODOFREDO MACIEL, 841",-3.783838,-38.565918,ETUFOR,2022,EPSG: 31984 (SIRGAS 2000 - UTM 24S); Codificação: UTF-8
vw_PontosdeOnibus.fid-5b41923a_19c3ec54e70_5bd,700,POINT (-38.580987 -3.738015),1980,"AVENIDA MISTER HULL, S/N",-3.738015,-38.580987,ETUFOR,2022,EPSG: 31984 (SIRGAS 2000 - UTM 24S); Codificação: UTF-8
vw_PontosdeOnibus.fid-5b41923a_19c3ec54e70_5be,701,POINT (-38.586523 -3.745591),1981,"RUA RUI MONTE, 637",-3.745591,-38.586523,ETUFOR,2022,EPSG: 31984 (SIRGAS 2000 - UTM 24S); Codificação: UTF-8
vw_PontosdeOnibus.fid-5b41923a_19c3ec54e70_5bf,702,POINT (-38.586623 -3.745401),1982,"RUA PRO EUGENIO ARRUDA, 683",-3.745401,-38.586623,ETUFOR,2022,EPSG: 31984 (SIRGAS 2000 - UTM 24S); Codificação: UTF-8
vw_PontosdeOnibus.fid-5b41923a_19c3ec54e70_5c0,703,POINT (-38.587277 -3.743063),1983,"RUA RUI MONTE, 477",-3.743063,-38.587277,ETUFOR,2022,EPSG: 31984 (SIRGAS 2000 - UTM 24S); Codificação: UTF-8
vw_PontosdeOnibus.fid-5b41923a_19c3ec54e70_5c1,704,POINT (-38.5873 -3.742811),1984,"RUA RUI MONTE, 440",-3.742811,-38.5873,ETUFOR,2022,EPSG: 31984 (SIRGAS 2000 - UTM 24S); Codificação: UTF-8
vw_PontosdeOnibus.fid-5b41923a_19c3ec54e70_5c2,705,POINT (-38.587354 -3.742013),1985,"RUA RUI MONTE, 305",-3.742013,-38.587354,ETUFOR,2022,EPSG: 31984 (SIRGAS 2000 - UTM 24S); Codificação: UTF-8
vw_PontosdeOnibus.fid-5b41923a_19c3ec54e70_5c3,706,POINT (-38.587391 -3.741533),1986,"RUA RUI MONTE, 250",-3.741533,-38.587391,ETUFOR,2022,EPSG: 31984 (SIRGAS 2000 - UTM 24S); Codificação: UTF-8
vw_PontosdeOnibus.fid-5b41923a_19c3ec54e70_5c4,707,POINT (-38.585075 -3.741236),1988,"RUA MATOS DOURADO, 509",-3.741236,-38.585075,ETUFOR,2022,EPSG: 31984 (SIRGAS 2000 - UTM 24S); Codificação: UTF-8
vw_PontosdeOnibus.fid-5b41923a_19c3ec54e70_5c5,708,POINT (-38.585209 -3.741359),1989,"RUA MATOS DOURADO, 440",-3.741359,-38.585209,ETUFOR,2022,EPSG: 31984 (SIRGAS 2000 - UTM 24S); Codificação: UTF-8
vw_PontosdeOnibus.fid-5b41923a_19c3ec54e70_5c6,709,POINT (-38.565168 -3.785103),199,"RUA PRIMEIRO DE JANEIRO, 96",-3.785103,-38.565168,ETUFOR,2022,EPSG: 31984 (SIRGAS 2000 - UTM 24S); Codificação: UTF-8
vw_PontosdeOnibus.fid-5b41923a_19c3ec54e70_5c7,710,POINT (-38.584854 -3.744682),1990,"RUA CEL MATOS DOURADO, 661",-3.744682,-38.584854,ETUFOR,2022,EPSG: 31984 (SIRGAS 2000 - UTM 24S); Codificação: UTF-8
vw_PontosdeOnibus.fid-5b41923a_19c3ec54e70_5c8,711,POINT (-38.584959 -3.745873),1991,"RUA MATOS DOURADO, 835",-3.745873,-38.584959,ETUFOR,2022,EPSG: 31984 (SIRGAS 2000 - UTM 24S); Codificação: UTF-8
vw_PontosdeOnibus.fid-5b41923a_19c3ec54e70_5c9,712,POINT (-38.577956 -3.737803),1992,"AVENIDA MISTER HULL, SN",-3.737803,-38.577956,ETUFOR,2022,EPSG: 31984 (SIRGAS 2000 - UTM 24S); Codificação: UTF-8
vw_PontosdeOnibus.fid-5b41923a_19c3ec54e70_5ca,713,POINT (-38.577982 -3.737598),1993,"AVENIDA MISTER HULL, SN",-3.737598,-38.577982,ETUFOR,2022,EPSG: 31984 (SIRGAS 2000 - UTM 24S); Codificação: UTF-8
vw_PontosdeOnibus.fid-5b41923a_19c3ec54e70_5cb,714,POINT (-38.572353 -3.739361),1994,"RUA ANDRADE FURTADO, SN",-3.739361,-38.572353,ETUFOR,2022,EPSG: 31984 (SIRGAS 2000 - UTM 24S); Codificação: UTF-8
vw_PontosdeOnibus.fid-5b41923a_19c3ec54e70_5cc,715,POINT (-38.572291 -3.739469),1995,"RUA ANDRADE FURTADO, SN",-3.739469,-38.572291,ETUFOR,2022,EPSG: 31984 (SIRGAS 2000 - UTM 24S); Codificação: UTF-8
vw_PontosdeOnibus.fid-5b41923a_19c3ec54e70_5cd,716,POINT (-38.572514 -3.737115),1996,"AVENIDA MISTER  HULL, SN",-3.737115,-38.572514,ETUFOR,2022,EPSG: 31984 (SIRGAS 2000 - UTM 24S); Codificação: UTF-8
vw_PontosdeOnibus.fid-5b41923a_19c3ec54e70_5ce,717,POINT (-38.574095 -3.737085),1997,"AVENIDA MISTER HULL, 3210",-3.737085,-38.574095,ETUFOR,2022,EPSG: 31984 (SIRGAS 2000 - UTM 24S); Codificação: UTF-8
vw_PontosdeOnibus.fid-5b41923a_19c3ec54e70_5cf,718,POINT (-38.568808 -3.739241),1998,"RUA ENG HUMBERTO MONTE, SN",-3.739241,-38.568808,ETUFOR,2022,EPSG: 31984 (SIRGAS 2000 - UTM 24S); Codificação: UTF-8
vw_PontosdeOnibus.fid-5b41923a_19c3ec54e70_5d0,719,POINT (-38.568849 -3.739194),1999,"RUA ENG HUMBERTO MONTE, 233",-3.739194,-38.568849,ETUFOR,2022,EPSG: 31984 (SIRGAS 2000 - UTM 24S); Codificação: UTF-8
vw_PontosdeOnibus.fid-5b41923a_19c3ec54e70_5d1,720,POINT (-38.59032 -3.708489),20,"AVENIDA CEL CARVALHO, 612",-3.708489,-38.59032,ETUFOR,2022,EPSG: 31984 (SIRGAS 2000 - UTM 24S); Codificação: UTF-8
vw_PontosdeOnibus.fid-5b41923a_19c3ec54e70_5d2,721,POINT (-38.56677 -3.786139),200,"AVENIDA GODOFREDO MACIEL, 1184",-3.786139,-38.56677,ETUFOR,2022,EPSG: 31984 (SIRGAS 2000 - UTM 24S); Codificação: UTF-8
vw_PontosdeOnibus.fid-5b41923a_19c3ec54e70_5d3,722,POINT (-38.571699 -3.73681),2003,"AVENIDA MISTER HULL, SN",-3.73681,-38.571699,ETUFOR,2022,EPSG: 31984 (SIRGAS 2000 - UTM 24S); Codificação: UTF-8
vw_PontosdeOnibus.fid-5b41923a_19c3ec54e70_5d4,723,POINT (-38.576592 -3.745172),2004,"RUA PRO ARMANDO FARIAS, SN",-3.745172,-38.576592,ETUFOR,2022,EPSG: 31984 (SIRGAS 2000 - UTM 24S); Codificação: UTF-8
vw_PontosdeOnibus.fid-5b41923a_19c3ec54e70_5d5,724,POINT (-38.574904 -3.742517),2005,"RUA AURELIO CAMARA, SN",-3.742517,-38.574904,ETUFOR,2022,EPSG: 31984 (SIRGAS 2000 - UTM 24S); Codificação: UTF-8
vw_PontosdeOnibus.fid-5b41923a_19c3ec54e70_5d6,725,POINT (-38.572436 -3.745899),2006,"RUA PRO ARMANDO FARIAS, UFC",-3.745899,-38.572436,ETUFOR,2022,EPSG: 31984 (SIRGAS 2000 - UTM 24S); Codificação: UTF-8
vw_PontosdeOnibus.fid-5b41923a_19c3ec54e70_5d7,726,POINT (-38.574766 -3.742524),2007,"RUA AURÉLIO CAMARÁ, SN",-3.742524,-38.574766,ETUFOR,2022,EPSG: 31984 (SIRGAS 2000 - UTM 24S); Codificação: UTF-8
vw_PontosdeOnibus.fid-5b41923a_19c3ec54e70_5d8,727,POINT (-38.567315 -3.741276),2008,"RUA ENG HUMBERTO MONTE, 2440",-3.741276,-38.567315,ETUFOR,2022,EPSG: 31984 (SIRGAS 2000 - UTM 24S); Codificação: UTF-8
vw_PontosdeOnibus.fid-5b41923a_19c3ec54e70_5d9,728,POINT (-38.566615 -3.786106),201,"AVENIDA GODOFREDO MACIEL, 1184",-3.786106,-38.566615,ETUFOR,2022,EPSG: 31984 (SIRGAS 2000 - UTM 24S); Codificação: UTF-8
vw_PontosdeOnibus.fid-5b41923a_19c3ec54e70_5da,729,POINT (-38.56203 -3.740067),2011,"RUA ERICO MOTA, 476",-3.740067,-38.56203,ETUFOR,2022,EPSG: 31984 (SIRGAS 2000 - UTM 24S); Codificação: UTF-8
vw_PontosdeOnibus.fid-5b41923a_19c3ec54e70_5db,730,POINT (-38.562462 -3.737937),2013,"RUA ERICO MOTA, 226",-3.737937,-38.562462,ETUFOR,2022,EPSG: 31984 (SIRGAS 2000 - UTM 24S); Codificação: UTF-8
vw_PontosdeOnibus.fid-5b41923a_19c3ec54e70_5dc,731,POINT (-38.561144 -3.74074),2014,"AVENIDA JOVITA FEITOSA, 2686",-3.74074,-38.561144,ETUFOR,2022,EPSG: 31984 (SIRGAS 2000 - UTM 24S); Codificação: UTF-8
vw_PontosdeOnibus.fid-5b41923a_19c3ec54e70_5dd,732,POINT (-38.561375 -3.740888),2015,"AVENIDA JOVITA FEITOSA, 2700",-3.740888,-38.561375,ETUFOR,2022,EPSG: 31984 (SIRGAS 2000 - UTM 24S); Codificação: UTF-8
vw_PontosdeOnibus.fid-5b41923a_19c3ec54e70_5de,733,POINT (-38.563455 -3.741229),2016,"AVENIDA JOVITA FEITOSA, 2902",-3.741229,-38.563455,ETUFOR,2022,EPSG: 31984 (SIRGAS 2000 - UTM 24S); Codificação: UTF-8
vw_PontosdeOnibus.fid-5b41923a_19c3ec54e70_5df,734,POINT (-38.559022 -3.740314),2017,"AVENIDA JOVITA FEITOSA, 2418",-3.740314,-38.559022,ETUFOR,2022,EPSG: 31984 (SIRGAS 2000 - UTM 24S); Codificação: UTF-8
vw_PontosdeOnibus.fid-5b41923a_19c3ec54e70_5e0,735,POINT (-38.55893 -3.740389),2018,"AVENIDA JOVITA FEITOSA, 2423",-3.740389,-38.55893,ETUFOR,2022,EPSG: 31984 (SIRGAS 2000 - UTM 24S); Codificação: UTF-8
vw_PontosdeOnibus.fid-5b41923a_19c3ec54e70_5e1,736,POINT (-38.565612 -3.741668),2022,"AVENIDA JOVITA FEITOSA, 3107",-3.741668,-38.565612,ETUFOR,2022,EPSG: 31984 (SIRGAS 2000 - UTM 24S); Codificação: UTF-8
vw_PontosdeOnibus.fid-5b41923a_19c3ec54e70_5e2,737,POINT (-38.565853 -3.741821),2023,"AVENIDA JOVITA FEITOSA, 3143",-3.741821,-38.565853,ETUFOR,2022,EPSG: 31984 (SIRGAS 2000 - UTM 24S); Codificação: UTF-8
vw_PontosdeOnibus.fid-5b41923a_19c3ec54e70_5e3,738,POINT (-38.561726 -3.741519),2026,"RUA ERICO MOTA, 582",-3.741519,-38.561726,ETUFOR,2022,EPSG: 31984 (SIRGAS 2000 - UTM 24S); Codificação: UTF-8
vw_PontosdeOnibus.fid-5b41923a_19c3ec54e70_5e4,739,POINT (-38.561335 -3.743397),2027,"RUA ERICO MOTA, 754",-3.743397,-38.561335,ETUFOR,2022,EPSG: 31984 (SIRGAS 2000 - UTM 24S); Codificação: UTF-8
vw_PontosdeOnibus.fid-5b41923a_19c3ec54e70_5e5,740,POINT (-38.562345 -3.743946),2029,"RUA AMADEU FURTADO, 944",-3.743946,-38.562345,ETUFOR,2022,EPSG: 31984 (SIRGAS 2000 - UTM 24S); Codificação: UTF-8
vw_PontosdeOnibus.fid-5b41923a_19c3ec54e70_5e6,741,POINT (-38.563662 -3.74137),2032,"AVENIDA JOVITA FEITOSA, 2881",-3.74137,-38.563662,ETUFOR,2022,EPSG: 31984 (SIRGAS 2000 - UTM 24S); Codificação: UTF-8
vw_PontosdeOnibus.fid-5b41923a_19c3ec54e70_5e7,742,POINT (-38.557981 -3.74457),2033,"RUA NESTOR BARBOSA, 272",-3.74457,-38.557981,ETUFOR,2022,EPSG: 31984 (SIRGAS 2000 - UTM 24S); Codificação: UTF-8
vw_PontosdeOnibus.fid-5b41923a_19c3ec54e70_5e8,743,POINT (-38.560531 -3.741843),2034,"RUA PRO LINO ENCARNACAO, 720",-3.741843,-38.560531,ETUFOR,2022,EPSG: 31984 (SIRGAS 2000 - UTM 24S); Codificação: UTF-8
vw_PontosdeOnibus.fid-5b41923a_19c3ec54e70_5e9,744,POINT (-38.560104 -3.74392),2035,"RUA PRO LINO ENCARNACAO, 960",-3.74392,-38.560104,ETUFOR,2022,EPSG: 31984 (SIRGAS 2000 - UTM 24S); Codificação: UTF-8
vw_PontosdeOnibus.fid-5b41923a_19c3ec54e70_5ea,745,POINT (-38.560375 -3.745059),2036,"RUA NESTOR BARBOSA, 608",-3.745059,-38.560375,ETUFOR,2022,EPSG: 31984 (SIRGAS 2000 - UTM 24S); Codificação: UTF-8
vw_PontosdeOnibus.fid-5b41923a_19c3ec54e70_5eb,746,POINT (-38.560941 -3.745391),2037,"RUA ERICO MOTA, 982",-3.745391,-38.560941,ETUFOR,2022,EPSG: 31984 (SIRGAS 2000 - UTM 24S); Codificação: UTF-8
vw_PontosdeOnibus.fid-5b41923a_19c3ec54e70_5ec,747,POINT (-38.554791 -3.739557),2038,"AVENIDA JOVITA FEITOSA, 1216",-3.739557,-38.554791,ETUFOR,2022,EPSG: 31984 (SIRGAS 2000 - UTM 24S); Codificação: UTF-8
vw_PontosdeOnibus.fid-5b41923a_19c3ec54e70_5ed,748,POINT (-38.555923 -3.739701),2039,"AVENIDA JOVITA FEITOSA, 1287",-3.739701,-38.555923,ETUFOR,2022,EPSG: 31984 (SIRGAS 2000 - UTM 24S); Codificação: UTF-8
vw_PontosdeOnibus.fid-5b41923a_19c3ec54e70_5ee,749,POINT (-38.56274 -3.783589),204,"RUA FAGUNDES VARELA, 551",-3.783589,-38.56274,ETUFOR,2022,EPSG: 31984 (SIRGAS 2000 - UTM 24S); Codificação: UTF-8
vw_PontosdeOnibus.fid-5b41923a_19c3ec54e70_5ef,750,POINT (-38.556852 -3.739973),2040,"AVENIDA JOVITA FEITOSA, 2165",-3.739973,-38.556852,ETUFOR,2022,EPSG: 31984 (SIRGAS 2000 - UTM 24S); Codificação: UTF-8
vw_PontosdeOnibus.fid-5b41923a_19c3ec54e70_5f0,751,POINT (-38.550197 -3.738608),2041,"AVENIDA JOVITA FEITOSA, 711",-3.738608,-38.550197,ETUFOR,2022,EPSG: 31984 (SIRGAS 2000 - UTM 24S); Codificação: UTF-8
vw_PontosdeOnibus.fid-5b41923a_19c3ec54e70_5f1,752,POINT (-38.552798 -3.73908),2042,"AVENIDA JOVITA FEITOSA, 1080",-3.73908,-38.552798,ETUFOR,2022,EPSG: 31984 (SIRGAS 2000 - UTM 24S); Codificação: UTF-8
vw_PontosdeOnibus.fid-5b41923a_19c3ec54e70_5f2,753,POINT (-38.552908 -3.739184),2043,"AVENIDA JOVITA FEITOSA, 1089",-3.739184,-38.552908,ETUFOR,2022,EPSG: 31984 (SIRGAS 2000 - UTM 24S); Codificação: UTF-8
vw_PontosdeOnibus.fid-5b41923a_19c3ec54e70_5f3,754,POINT (-38.547636 -3.737965),2044,"AVENIDA JOVITA FEITOSA, 444",-3.737965,-38.547636,ETUFOR,2022,EPSG: 31984 (SIRGAS 2000 - UTM 24S); Codificação: UTF-8
vw_PontosdeOnibus.fid-5b41923a_19c3ec54e70_5f4,755,POINT (-38.547879 -3.738115),2045,"AVENIDA JOVITA FEITOSA, 447",-3.738115,-38.547879,ETUFOR,2022,EPSG: 31984 (SIRGAS 2000 - UTM 24S); Codificação: UTF-8
vw_PontosdeOnibus.fid-5b41923a_19c3ec54e70_5f5,756,POINT (-38.549394 -3.738344),2046,"AVENIDA JOVITA FEITOSA, 732",-3.738344,-38.549394,ETUFOR,2022,EPSG: 31984 (SIRGAS 2000 - UTM 24S); Codificação: UTF-8
vw_PontosdeOnibus.fid-5b41923a_19c3ec54e70_5f6,757,POINT (-38.553954 -3.744466),2048,"RUA DELMIRO FARIAS, 1893",-3.744466,-38.553954,ETUFOR,2022,EPSG: 31984 (SIRGAS 2000 - UTM 24S); Codificação: UTF-8
vw_PontosdeOnibus.fid-5b41923a_19c3ec54e70_5f7,758,POINT (-38.54531 -3.737565),2051,"AVENIDA JOVITA FEITOSA, 141",-3.737565,-38.54531,ETUFOR,2022,EPSG: 31984 (SIRGAS 2000 - UTM 24S); Codificação: UTF-8
vw_PontosdeOnibus.fid-5b41923a_19c3ec54e70_5f8,759,POINT (-38.545631 -3.737549),2052,"AVENIDA JOVITA FEITOSA, 1057",-3.737549,-38.545631,ETUFOR,2022,EPSG: 31984 (SIRGAS 2000 - UTM 24S); Codificação: UTF-8
vw_PontosdeOnibus.fid-5b41923a_19c3ec54e70_5f9,760,POINT (-38.542093 -3.741748),2053,"AVENIDA CARAPINIMA, 2415",-3.741748,-38.542093,ETUFOR,2022,EPSG: 31984 (SIRGAS 2000 - UTM 24S); Codificação: UTF-8
vw_PontosdeOnibus.fid-5b41923a_19c3ec54e70_5fa,761,POINT (-38.540469 -3.739734),2054,"AVENIDA 13 DE MAIO, SN",-3.739734,-38.540469,ETUFOR,2022,EPSG: 31984 (SIRGAS 2000 - UTM 24S); Codificação: UTF-8
vw_PontosdeOnibus.fid-5b41923a_19c3ec54e70_5fb,762,POINT (-38.54151 -3.738956),2055,"AVENIDA 13 DE MAIO, 2959",-3.738956,-38.54151,ETUFOR,2022,EPSG: 31984 (SIRGAS 2000 - UTM 24S); Codificação: UTF-8
vw_PontosdeOnibus.fid-5b41923a_19c3ec54e70_5fc,763,POINT (-38.542317 -3.738123),2056,"AVENIDA 13 DE MAIO, SN",-3.738123,-38.542317,ETUFOR,2022,EPSG: 31984 (SIRGAS 2000 - UTM 24S); Codificação: UTF-8
vw_PontosdeOnibus.fid-5b41923a_19c3ec54e70_5fd,764,POINT (-38.540257 -3.738528),2059,"RUA TEREZA CRISTINA, 2282",-3.738528,-38.540257,ETUFOR,2022,EPSG: 31984 (SIRGAS 2000 - UTM 24S); Codificação: UTF-8
vw_PontosdeOnibus.fid-5b41923a_19c3ec54e70_5fe,765,POINT (-38.539345 -3.739233),2061,"RUA CARAPINIMA, 1707",-3.739233,-38.539345,ETUFOR,2022,EPSG: 31984 (SIRGAS 2000 - UTM 24S); Codificação: UTF-8
vw_PontosdeOnibus.fid-5b41923a_19c3ec54e70_5ff,766,POINT (-38.53882 -3.740636),2062,"AVENIDA DA UNIVERSIDADE, SN",-3.740636,-38.53882,ETUFOR,2022,EPSG: 31984 (SIRGAS 2000 - UTM 24S); Codificação: UTF-8
vw_PontosdeOnibus.fid-5b41923a_19c3ec54e70_600,767,POINT (-38.538676 -3.740476),2063,"AVENIDA DA UNIVERSIDADE, SN",-3.740476,-38.538676,ETUFOR,2022,EPSG: 31984 (SIRGAS 2000 - UTM 24S); Codificação: UTF-8
vw_PontosdeOnibus.fid-5b41923a_19c3ec54e70_601,768,POINT (-38.538569 -3.740358),2064,"AVENIDA DA UNIVERSIDADE, SN",-3.740358,-38.538569,ETUFOR,2022,EPSG: 31984 (SIRGAS 2000 - UTM 24S); Codificação: UTF-8
vw_PontosdeOnibus.fid-5b41923a_19c3ec54e70_602,769,POINT (-38.545759 -3.74523),2067,"AVENIDA JOSE BASTOS, SN",-3.74523,-38.545759,ETUFOR,2022,EPSG: 31984 (SIRGAS 2000 - UTM 24S); Codificação: UTF-8
vw_PontosdeOnibus.fid-5b41923a_19c3ec54e70_603,770,POINT (-38.541875 -3.74401),2069,"AVENIDA DA UNIVERSIDADE, 3229",-3.74401,-38.541875,ETUFOR,2022,EPSG: 31984 (SIRGAS 2000 - UTM 24S); Codificação: UTF-8
vw_PontosdeOnibus.fid-5b41923a_19c3ec54e70_604,771,POINT (-38.541628 -3.741465),2072,"AVENIDA CARAPINIMA, 2415",-3.741465,-38.541628,ETUFOR,2022,EPSG: 31984 (SIRGAS 2000 - UTM 24S); Codificação: UTF-8
vw_PontosdeOnibus.fid-5b41923a_19c3ec54e70_605,772,POINT (-38.535913 -3.74553),2073,"RUA PAULINO NOGUEIRA, 77",-3.74553,-38.535913,ETUFOR,2022,EPSG: 31984 (SIRGAS 2000 - UTM 24S); Codificação: UTF-8
vw_PontosdeOnibus.fid-5b41923a_19c3ec54e70_606,773,POINT (-38.536833 -3.743654),2074,"RUA MAL DEODORO, SN",-3.743654,-38.536833,ETUFOR,2022,EPSG: 31984 (SIRGAS 2000 - UTM 24S); Codificação: UTF-8
vw_PontosdeOnibus.fid-5b41923a_19c3ec54e70_607,774,POINT (-38.535791 -3.743859),2075,"AVENIDA 13 DE MAIO, SN",-3.743859,-38.535791,ETUFOR,2022,EPSG: 31984 (SIRGAS 2000 - UTM 24S); Codificação: UTF-8
vw_PontosdeOnibus.fid-5b41923a_19c3ec54e70_608,775,POINT (-38.537292 -3.742565),2076,"AVENIDA 13 DE MAIO, SN",-3.742565,-38.537292,ETUFOR,2022,EPSG: 31984 (SIRGAS 2000 - UTM 24S); Codificação: UTF-8
vw_PontosdeOnibus.fid-5b41923a_19c3ec54e70_609,776,POINT (-38.538757 -3.743876),2077,"RUA WALDERY UCHOA, 198",-3.743876,-38.538757,ETUFOR,2022,EPSG: 31984 (SIRGAS 2000 - UTM 24S); Codificação: UTF-8
vw_PontosdeOnibus.fid-5b41923a_19c3ec54e70_60a,777,POINT (-38.538839 -3.741238),2078,"AVENIDA 13 DE MAIO, SN",-3.741238,-38.538839,ETUFOR,2022,EPSG: 31984 (SIRGAS 2000 - UTM 24S); Codificação: UTF-8
vw_PontosdeOnibus.fid-5b41923a_19c3ec54e70_60b,778,POINT (-38.538237 -3.741752),2079,"AVENIDA 13 DE MAIO, SN",-3.741752,-38.538237,ETUFOR,2022,EPSG: 31984 (SIRGAS 2000 - UTM 24S); Codificação: UTF-8
vw_PontosdeOnibus.fid-5b41923a_19c3ec54e70_60c,779,POINT (-38.538046 -3.741915),2080,"AVENIDA 13 DE MAIO, 2400",-3.741915,-38.538046,ETUFOR,2022,EPSG: 31984 (SIRGAS 2000 - UTM 24S); Codificação: UTF-8
vw_PontosdeOnibus.fid-5b41923a_19c3ec54e70_60d,780,POINT (-38.538486 -3.741418),2081,"AVENIDA 13 DE MAIO, SN",-3.741418,-38.538486,ETUFOR,2022,EPSG: 31984 (SIRGAS 2000 - UTM 24S); Codificação: UTF-8
vw_PontosdeOnibus.fid-5b41923a_19c3ec54e70_60e,781,POINT (-38.536177 -3.74219),2082,"RUA MAL DEODORO, 733",-3.74219,-38.536177,ETUFOR,2022,EPSG: 31984 (SIRGAS 2000 - UTM 24S); Codificação: UTF-8
vw_PontosdeOnibus.fid-5b41923a_19c3ec54e70_60f,782,POINT (-38.533797 -3.740694),2083,"RUA SEN POMPEU, 2607",-3.740694,-38.533797,ETUFOR,2022,EPSG: 31984 (SIRGAS 2000 - UTM 24S); Codificação: UTF-8
vw_PontosdeOnibus.fid-5b41923a_19c3ec54e70_610,783,POINT (-38.533385 -3.739322),2084,"RUA SEN POMPEU, 2332",-3.739322,-38.533385,ETUFOR,2022,EPSG: 31984 (SIRGAS 2000 - UTM 24S); Codificação: UTF-8
vw_PontosdeOnibus.fid-5b41923a_19c3ec54e70_611,784,POINT (-38.532549 -3.736552),2085,"RUA SEN POMPEU, 2062",-3.736552,-38.532549,ETUFOR,2022,EPSG: 31984 (SIRGAS 2000 - UTM 24S); Codificação: UTF-8
vw_PontosdeOnibus.fid-5b41923a_19c3ec54e70_612,785,POINT (-38.530995 -3.736811),2086,"RUA DOMINGOS OLIMPIO, 1608 A",-3.736811,-38.530995,ETUFOR,2022,EPSG: 31984 (SIRGAS 2000 - UTM 24S); Codificação: UTF-8
vw_PontosdeOnibus.fid-5b41923a_19c3ec54e70_613,786,POINT (-38.529066 -3.738649),2089,"RUA SOLON PINHEIRO, 948",-3.738649,-38.529066,ETUFOR,2022,EPSG: 31984 (SIRGAS 2000 - UTM 24S); Codificação: UTF-8
vw_PontosdeOnibus.fid-5b41923a_19c3ec54e70_614,787,POINT (-38.561499 -3.785794),209,"RUA JOSE MENELEU  (D41), 660",-3.785794,-38.561499,ETUFOR,2022,EPSG: 31984 (SIRGAS 2000 - UTM 24S); Codificação: UTF-8
vw_PontosdeOnibus.fid-5b41923a_19c3ec54e70_615,788,POINT (-38.528478 -3.73691),2091,"RUA SOLON PINHEIRO, 736",-3.73691,-38.528478,ETUFOR,2022,EPSG: 31984 (SIRGAS 2000 - UTM 24S); Codificação: UTF-8
vw_PontosdeOnibus.fid-5b41923a_19c3ec54e70_616,789,POINT (-38.527664 -3.739046),2093,"RUA JAIME BENEVOLO, 839",-3.739046,-38.527664,ETUFOR,2022,EPSG: 31984 (SIRGAS 2000 - UTM 24S); Codificação: UTF-8
vw_PontosdeOnibus.fid-5b41923a_19c3ec54e70_617,790,POINT (-38.528336 -3.741065),2094,"RUA JAIME BENEVOLO, 1039",-3.741065,-38.528336,ETUFOR,2022,EPSG: 31984 (SIRGAS 2000 - UTM 24S); Codificação: UTF-8
vw_PontosdeOnibus.fid-5b41923a_19c3ec54e70_618,791,POINT (-38.525615 -3.741117),2095,"AVENIDA AGUANAMBI, 90",-3.741117,-38.525615,ETUFOR,2022,EPSG: 31984 (SIRGAS 2000 - UTM 24S); Codificação: UTF-8
vw_PontosdeOnibus.fid-5b41923a_19c3ec54e70_619,792,POINT (-38.525511 -3.73841),2097,"RUA DOMINGOS OLIMPIO, 150",-3.73841,-38.525511,ETUFOR,2022,EPSG: 31984 (SIRGAS 2000 - UTM 24S); Codificação: UTF-8
vw_PontosdeOnibus.fid-5b41923a_19c3ec54e70_61a,793,POINT (-38.534475 -3.74294),2098,"RUA SEN POMPEU, 2768",-3.74294,-38.534475,ETUFOR,2022,EPSG: 31984 (SIRGAS 2000 - UTM 24S); Codificação: UTF-8
vw_PontosdeOnibus.fid-5b41923a_19c3ec54e70_61b,794,POINT (-38.589948 -3.709432),21,"AVENIDA CEL CARVALHO, 830",-3.709432,-38.589948,ETUFOR,2022,EPSG: 31984 (SIRGAS 2000 - UTM 24S); Codificação: UTF-8
vw_PontosdeOnibus.fid-5b41923a_19c3ec54e70_61c,795,POINT (-38.560656 -3.786477),210,"RUA PRIMEIRO DE JANEIRO, 595",-3.786477,-38.560656,ETUFOR,2022,EPSG: 31984 (SIRGAS 2000 - UTM 24S); Codificação: UTF-8
vw_PontosdeOnibus.fid-5b41923a_19c3ec54e70_61d,796,POINT (-38.53009 -3.742697),2102,"RUA SALDANHA MARINHO, 635",-3.742697,-38.53009,ETUFOR,2022,EPSG: 31984 (SIRGAS 2000 - UTM 24S); Codificação: UTF-8
vw_PontosdeOnibus.fid-5b41923a_19c3ec54e70_61e,797,POINT (-38.5279 -3.743077),2106,"RUA CEL SOLON, 441",-3.743077,-38.5279,ETUFOR,2022,EPSG: 31984 (SIRGAS 2000 - UTM 24S); Codificação: UTF-8
vw_PontosdeOnibus.fid-5b41923a_19c3ec54e70_61f,798,POINT (-38.525651 -3.744545),2108,"AVENIDA AGUANAMBI, 899",-3.744545,-38.525651,ETUFOR,2022,EPSG: 31984 (SIRGAS 2000 - UTM 24S); Codificação: UTF-8
vw_PontosdeOnibus.fid-5b41923a_19c3ec54e70_620,799,POINT (-38.526202 -3.742896),2109,"RUA CEL SOLON, 290 A",-3.742896,-38.526202,ETUFOR,2022,EPSG: 31984 (SIRGAS 2000 - UTM 24S); Codificação: UTF-8
vw_PontosdeOnibus.fid-5b41923a_19c3ec54e70_621,800,POINT (-38.560434 -3.783931),211,"RUA JOSE MENELEU  (D41), 438",-3.783931,-38.560434,ETUFOR,2022,EPSG: 31984 (SIRGAS 2000 - UTM 24S); Codificação: UTF-8
vw_PontosdeOnibus.fid-5b41923a_19c3ec54e70_622,801,POINT (-38.524315 -3.737729),2112,"AVENIDA AGUANAMBI, 94",-3.737729,-38.524315,ETUFOR,2022,EPSG: 31984 (SIRGAS 2000 - UTM 24S); Codificação: UTF-8
vw_PontosdeOnibus.fid-5b41923a_19c3ec54e70_623,802,POINT (-38.522479 -3.737348),2113,"RUA PDE VALDEVINO, SN",-3.737348,-38.522479,ETUFOR,2022,EPSG: 31984 (SIRGAS 2000 - UTM 24S); Codificação: UTF-8
vw_PontosdeOnibus.fid-5b41923a_19c3ec54e70_624,803,POINT (-38.521045 -3.739636),2115,"AVENIDA ANTONIO SALES, 145",-3.739636,-38.521045,ETUFOR,2022,EPSG: 31984 (SIRGAS 2000 - UTM 24S); Codificação: UTF-8
vw_PontosdeOnibus.fid-5b41923a_19c3ec54e70_625,804,POINT (-38.514523 -3.739859),2119,"RUA PADRE VALDEVINO, 1071",-3.739859,-38.514523,ETUFOR,2022,EPSG: 31984 (SIRGAS 2000 - UTM 24S); Codificação: UTF-8
vw_PontosdeOnibus.fid-5b41923a_19c3ec54e70_626,805,POINT (-38.559385 -3.782649),212,"RUA JOSE MENELEU  (D41), 194",-3.782649,-38.559385,ETUFOR,2022,EPSG: 31984 (SIRGAS 2000 - UTM 24S); Codificação: UTF-8
vw_PontosdeOnibus.fid-5b41923a_19c3ec54e70_627,806,POINT (-38.51135 -3.740862),2125,"RUA PDE VALDEVINO, S/N",-3.740862,-38.51135,ETUFOR,2022,EPSG: 31984 (SIRGAS 2000 - UTM 24S); Codificação: UTF-8
vw_PontosdeOnibus.fid-5b41923a_19c3ec54e70_628,807,POINT (-38.511562 -3.737844),2126,"AVENIDA HERACLITO GRACA, 1515",-3.737844,-38.511562,ETUFOR,2022,EPSG: 31984 (SIRGAS 2000 - UTM 24S); Codificação: UTF-8
vw_PontosdeOnibus.fid-5b41923a_19c3ec54e70_629,808,POINT (-38.511094 -3.738099),2127,"AVENIDA HERACLITO GRACA, 1839",-3.738099,-38.511094,ETUFOR,2022,EPSG: 31984 (SIRGAS 2000 - UTM 24S); Codificação: UTF-8
vw_PontosdeOnibus.fid-5b41923a_19c3ec54e70_62a,809,POINT (-38.507367 -3.737114),2128,"AVENIDA BAR STUDART, 1490",-3.737114,-38.507367,ETUFOR,2022,EPSG: 31984 (SIRGAS 2000 - UTM 24S); Codificação: UTF-8
vw_PontosdeOnibus.fid-5b41923a_19c3ec54e70_62b,810,POINT (-38.50753 -3.737372),2129,"AVENIDA BAR STUDART, 1490",-3.737372,-38.50753,ETUFOR,2022,EPSG: 31984 (SIRGAS 2000 - UTM 24S); Codificação: UTF-8
vw_PontosdeOnibus.fid-5b41923a_19c3ec54e70_62c,811,POINT (-38.508455 -3.740227),2130,"AVENIDA BAR STUDART, 1666",-3.740227,-38.508455,ETUFOR,2022,EPSG: 31984 (SIRGAS 2000 - UTM 24S); Codificação: UTF-8
vw_PontosdeOnibus.fid-5b41923a_19c3ec54e70_62d,812,POINT (-38.508472 -3.740577),2131,"AVENIDA BAR STUDART, 1966",-3.740577,-38.508472,ETUFOR,2022,EPSG: 31984 (SIRGAS 2000 - UTM 24S); Codificação: UTF-8
vw_PontosdeOnibus.fid-5b41923a_19c3ec54e70_62e,813,POINT (-38.508768 -3.738874),2133,"AVENIDA JÚLIO VENTURA, 1631",-3.738874,-38.508768,ETUFOR,2022,EPSG: 31984 (SIRGAS 2000 - UTM 24S); Codificação: UTF-8
vw_PontosdeOnibus.fid-5b41923a_19c3ec54e70_62f,814,POINT (-38.509308 -3.738576),2134,"AVENIDA JÚLIO VENTURA, 1600",-3.738576,-38.509308,ETUFOR,2022,EPSG: 31984 (SIRGAS 2000 - UTM 24S); Codificação: UTF-8
vw_PontosdeOnibus.fid-5b41923a_19c3ec54e70_630,815,POINT (-38.504269 -3.740534),2136,"AVENIDA JULIO VENTURA, 2267",-3.740534,-38.504269,ETUFOR,2022,EPSG: 31984 (SIRGAS 2000 - UTM 24S); Codificação: UTF-8
vw_PontosdeOnibus.fid-5b41923a_19c3ec54e70_631,816,POINT (-38.506344 -3.739818),2137,"AVENIDA JULIO VENTURA, 110",-3.739818,-38.506344,ETUFOR,2022,EPSG: 31984 (SIRGAS 2000 - UTM 24S); Codificação: UTF-8
vw_PontosdeOnibus.fid-5b41923a_19c3ec54e70_632,817,POINT (-38.509754 -3.744544),2139,"AVENIDA BAR STUDART, 2406",-3.744544,-38.509754,ETUFOR,2022,EPSG: 31984 (SIRGAS 2000 - UTM 24S); Codificação: UTF-8
vw_PontosdeOnibus.fid-5b41923a_19c3ec54e70_633,818,POINT (-38.557854 -3.783821),214,"RUA SUECIA, 1012",-3.783821,-38.557854,ETUFOR,2022,EPSG: 31984 (SIRGAS 2000 - UTM 24S); Codificação: UTF-8
vw_PontosdeOnibus.fid-5b41923a_19c3ec54e70_634,819,POINT (-38.509269 -3.742771),2141,"AVENIDA BAR STUDART, SN",-3.742771,-38.509269,ETUFOR,2022,EPSG: 31984 (SIRGAS 2000 - UTM 24S); Codificação: UTF-8
vw_PontosdeOnibus.fid-5b41923a_19c3ec54e70_635,820,POINT (-38.50926 -3.743034),2142,"AVENIDA BARRÃO DE TUDART, SN",-3.743034,-38.50926,ETUFOR,2022,EPSG: 31984 (SIRGAS 2000 - UTM 24S); Codificação: UTF-8
vw_PontosdeOnibus.fid-5b41923a_19c3ec54e70_636,821,POINT (-38.501901 -3.739437),2146,"AVENIDA PADRE ENTÔNIO TOMAS, 150",-3.739437,-38.501901,ETUFOR,2022,EPSG: 31984 (SIRGAS 2000 - UTM 24S); Codificação: UTF-8
vw_PontosdeOnibus.fid-5b41923a_19c3ec54e70_637,822,POINT (-38.500909 -3.739759),2147,"AVENIDA PDE ANTONIO TOMAS, 292",-3.739759,-38.500909,ETUFOR,2022,EPSG: 31984 (SIRGAS 2000 - UTM 24S); Codificação: UTF-8
vw_PontosdeOnibus.fid-5b41923a_19c3ec54e70_638,823,POINT (-38.498553 -3.736591),2148,"AVENIDA DES MOREIRA, 1250",-3.736591,-38.498553,ETUFOR,2022,EPSG: 31984 (SIRGAS 2000 - UTM 24S); Codificação: UTF-8
vw_PontosdeOnibus.fid-5b41923a_19c3ec54e70_639,824,POINT (-38.49931 -3.739044),2149,"AVENIDA DES MOREIRA, SN",-3.739044,-38.49931,ETUFOR,2022,EPSG: 31984 (SIRGAS 2000 - UTM 24S); Codificação: UTF-8
vw_PontosdeOnibus.fid-5b41923a_19c3ec54e70_63a,825,POINT (-38.499196 -3.738981),2150,"AVENIDA DESEMBARGADOR MOREIRA, SN",-3.738981,-38.499196,ETUFOR,2022,EPSG: 31984 (SIRGAS 2000 - UTM 24S); Codificação: UTF-8
vw_PontosdeOnibus.fid-5b41923a_19c3ec54e70_63b,826,POINT (-38.499481 -3.738046),2151,"RUA TORRES CAMARA, SN",-3.738046,-38.499481,ETUFOR,2022,EPSG: 31984 (SIRGAS 2000 - UTM 24S); Codificação: UTF-8
vw_PontosdeOnibus.fid-5b41923a_19c3ec54e70_63c,827,POINT (-38.496667 -3.736819),2152,"AVENIDA SANTOS DUMONT, SN",-3.736819,-38.496667,ETUFOR,2022,EPSG: 31984 (SIRGAS 2000 - UTM 24S); Codificação: UTF-8
vw_PontosdeOnibus.fid-5b41923a_19c3ec54e70_63d,828,POINT (-38.499001 -3.740378),2153,"AVENIDA PADRE ANTONIO TOMAS, SN",-3.740378,-38.499001,ETUFOR,2022,EPSG: 31984 (SIRGAS 2000 - UTM 24S); Codificação: UTF-8
vw_PontosdeOnibus.fid-5b41923a_19c3ec54e70_63e,829,POINT (-38.49898 -3.740385),2154,"AVENIDA PDE ANTONIO TOMAS, SN",-3.740385,-38.49898,ETUFOR,2022,EPSG: 31984 (SIRGAS 2000 - UTM 24S); Codificação: UTF-8
vw_PontosdeOnibus.fid-5b41923a_19c3ec54e70_63f,830,POINT (-38.497067 -3.741002),2155,"AVENIDA EMBRACON, 770",-3.741002,-38.497067,ETUFOR,2022,EPSG: 31984 (SIRGAS 2000 - UTM 24S); Codificação: UTF-8
vw_PontosdeOnibus.fid-5b41923a_19c3ec54e70_640,831,POINT (-38.565095 -3.788368),216,"RUA JULIO ALCIDES, 132",-3.788368,-38.565095,ETUFOR,2022,EPSG: 31984 (SIRGAS 2000 - UTM 24S); Codificação: UTF-8
vw_PontosdeOnibus.fid-5b41923a_19c3ec54e70_641,832,POINT (-38.500292 -3.741979),2160,"AVENIDA DES MOREIRA, 4300",-3.741979,-38.500292,ETUFOR,2022,EPSG: 31984 (SIRGAS 2000 - UTM 24S); Codificação: UTF-8
vw_PontosdeOnibus.fid-5b41923a_19c3ec54e70_642,833,POINT (-38.502167 -3.745509),2162,"AVENIDA ANTONIO SALES, SN",-3.745509,-38.502167,ETUFOR,2022,EPSG: 31984 (SIRGAS 2000 - UTM 24S); Codificação: UTF-8
vw_PontosdeOnibus.fid-5b41923a_19c3ec54e70_643,834,POINT (-38.500637 -3.743409),2163,"AVENIDA DESEMBARGADOR MOREIRA, 2033",-3.743409,-38.500637,ETUFOR,2022,EPSG: 31984 (SIRGAS 2000 - UTM 24S); Codificação: UTF-8
vw_PontosdeOnibus.fid-5b41923a_19c3ec54e70_644,835,POINT (-38.500781 -3.743545),2164,"AVENIDA DES MOREIRA, 2120",-3.743545,-38.500781,ETUFOR,2022,EPSG: 31984 (SIRGAS 2000 - UTM 24S); Codificação: UTF-8
vw_PontosdeOnibus.fid-5b41923a_19c3ec54e70_645,836,POINT (-38.500521 -3.744211),2165,"RUA PDE VALDEVINO, 1687",-3.744211,-38.500521,ETUFOR,2022,EPSG: 31984 (SIRGAS 2000 - UTM 24S); Codificação: UTF-8
vw_PontosdeOnibus.fid-5b41923a_19c3ec54e70_646,837,POINT (-38.496936 -3.745369),2166,"RUA PADRE VALDEVINO, 429",-3.745369,-38.496936,ETUFOR,2022,EPSG: 31984 (SIRGAS 2000 - UTM 24S); Codificação: UTF-8
vw_PontosdeOnibus.fid-5b41923a_19c3ec54e70_647,838,POINT (-38.496292 -3.741255),2169,"AVENIDA PDE ANTONIO TOMAS, 841",-3.741255,-38.496292,ETUFOR,2022,EPSG: 31984 (SIRGAS 2000 - UTM 24S); Codificação: UTF-8
vw_PontosdeOnibus.fid-5b41923a_19c3ec54e70_648,839,POINT (-38.564801 -3.789665),217,"RUA NORUEGA, 164",-3.789665,-38.564801,ETUFOR,2022,EPSG: 31984 (SIRGAS 2000 - UTM 24S); Codificação: UTF-8
vw_PontosdeOnibus.fid-5b41923a_19c3ec54e70_649,840,POINT (-38.495881 -3.741388),2170,"AVENIDA PDE ANTONIO TOMAS, 871",-3.741388,-38.495881,ETUFOR,2022,EPSG: 31984 (SIRGAS 2000 - UTM 24S); Codificação: UTF-8
vw_PontosdeOnibus.fid-5b41923a_19c3ec54e70_64a,841,POINT (-38.49415 -3.741951),2172,"AVENIDA PADRE ANTONIO TOMAS, 2030",-3.741951,-38.49415,ETUFOR,2022,EPSG: 31984 (SIRGAS 2000 - UTM 24S); Codificação: UTF-8
vw_PontosdeOnibus.fid-5b41923a_19c3ec54e70_64b,842,POINT (-38.494227 -3.741926),2173,"AVENIDA PDE ANTONIO TOMAS, 2030",-3.741926,-38.494227,ETUFOR,2022,EPSG: 31984 (SIRGAS 2000 - UTM 24S); Codificação: UTF-8
vw_PontosdeOnibus.fid-5b41923a_19c3ec54e70_64c,843,POINT (-38.489711 -3.739069),2179,"AVENIDA SANTOS DUMONT, 3757",-3.739069,-38.489711,ETUFOR,2022,EPSG: 31984 (SIRGAS 2000 - UTM 24S); Codificação: UTF-8
vw_PontosdeOnibus.fid-5b41923a_19c3ec54e70_64d,844,POINT (-38.561073 -3.78919),218,"RUA CARLOS JUACABA, 661",-3.78919,-38.561073,ETUFOR,2022,EPSG: 31984 (SIRGAS 2000 - UTM 24S); Codificação: UTF-8
vw_PontosdeOnibus.fid-5b41923a_19c3ec54e70_64e,845,POINT (-38.483407 -3.737655),2185,"AVENIDA ENG SANTANA JUNIOR, 1185",-3.737655,-38.483407,ETUFOR,2022,EPSG: 31984 (SIRGAS 2000 - UTM 24S); Codificação: UTF-8
vw_PontosdeOnibus.fid-5b41923a_19c3ec54e70_64f,846,POINT (-38.481608 -3.738401),2186,"RUA DES WALDETARIO P MOTA, 949",-3.738401,-38.481608,ETUFOR,2022,EPSG: 31984 (SIRGAS 2000 - UTM 24S); Codificação: UTF-8
vw_PontosdeOnibus.fid-5b41923a_19c3ec54e70_650,847,POINT (-38.483912 -3.740936),2188,"AVENIDA SANTOS DUMONT, 5283",-3.740936,-38.483912,ETUFOR,2022,EPSG: 31984 (SIRGAS 2000 - UTM 24S); Codificação: UTF-8
vw_PontosdeOnibus.fid-5b41923a_19c3ec54e70_651,848,POINT (-38.560932 -3.789127),219,"RUA CARLOS JUACABA, 657",-3.789127,-38.560932,ETUFOR,2022,EPSG: 31984 (SIRGAS 2000 - UTM 24S); Codificação: UTF-8
vw_PontosdeOnibus.fid-5b41923a_19c3ec54e70_652,849,POINT (-38.490223 -3.743236),2191,"AVENIDA PDE ANTONIO TOMAS, 2420",-3.743236,-38.490223,ETUFOR,2022,EPSG: 31984 (SIRGAS 2000 - UTM 24S); Codificação: UTF-8
vw_PontosdeOnibus.fid-5b41923a_19c3ec54e70_653,850,POINT (-38.491542 -3.742806),2192,"AVENIDA PDE ANTONIO TOMAS, 2291",-3.742806,-38.491542,ETUFOR,2022,EPSG: 31984 (SIRGAS 2000 - UTM 24S); Codificação: UTF-8
vw_PontosdeOnibus.fid-5b41923a_19c3ec54e70_654,851,POINT (-38.492384 -3.742531),2193,"AVENIDA PDE ANTONIO TOMAS, 2233",-3.742531,-38.492384,ETUFOR,2022,EPSG: 31984 (SIRGAS 2000 - UTM 24S); Codificação: UTF-8
vw_PontosdeOnibus.fid-5b41923a_19c3ec54e70_655,852,POINT (-38.490604 -3.745195),2195,"AVENIDA ALM HENRIQUE SABÓIA, 4114",-3.745195,-38.490604,ETUFOR,2022,EPSG: 31984 (SIRGAS 2000 - UTM 24S); Codificação: UTF-8
vw_PontosdeOnibus.fid-5b41923a_19c3ec54e70_656,853,POINT (-38.486373 -3.742359),2197,"AVENIDA ENG SANTANA JUNIOR, 1901",-3.742359,-38.486373,ETUFOR,2022,EPSG: 31984 (SIRGAS 2000 - UTM 24S); Codificação: UTF-8
vw_PontosdeOnibus.fid-5b41923a_19c3ec54e70_657,854,POINT (-38.561822 -3.791183),220,"RUA CARLOS JUACABA, 1435",-3.791183,-38.561822,ETUFOR,2022,EPSG: 31984 (SIRGAS 2000 - UTM 24S); Codificação: UTF-8
vw_PontosdeOnibus.fid-5b41923a_19c3ec54e70_658,855,POINT (-38.484779 -3.744147),2201,"RUA ANDRADE FURTADO, 515",-3.744147,-38.484779,ETUFOR,2022,EPSG: 31984 (SIRGAS 2000 - UTM 24S); Codificação: UTF-8
vw_PontosdeOnibus.fid-5b41923a_19c3ec54e70_659,856,POINT (-38.484094 -3.742331),2203,"RUA DES WALDETARIO P MOTA, 1517",-3.742331,-38.484094,ETUFOR,2022,EPSG: 31984 (SIRGAS 2000 - UTM 24S); Codificação: UTF-8
vw_PontosdeOnibus.fid-5b41923a_19c3ec54e70_65a,857,POINT (-38.482722 -3.743046),2204,"RUA DR GILBERTO STUDART, 630",-3.743046,-38.482722,ETUFOR,2022,EPSG: 31984 (SIRGAS 2000 - UTM 24S); Codificação: UTF-8
vw_PontosdeOnibus.fid-5b41923a_19c3ec54e70_65b,858,POINT (-38.481694 -3.742025),2206,"RUA JULIO AZEVEDO, 1345",-3.742025,-38.481694,ETUFOR,2022,EPSG: 31984 (SIRGAS 2000 - UTM 24S); Codificação: UTF-8
vw_PontosdeOnibus.fid-5b41923a_19c3ec54e70_65c,859,POINT (-38.48452 -3.742467),2207,"RUA DOR GILBERTO STUDART, 424",-3.742467,-38.48452,ETUFOR,2022,EPSG: 31984 (SIRGAS 2000 - UTM 24S); Codificação: UTF-8
vw_PontosdeOnibus.fid-5b41923a_19c3ec54e70_65d,860,POINT (-38.575577 -3.711183),221,"AVENIDA FRANCISCO SA, 5705",-3.711183,-38.575577,ETUFOR,2022,EPSG: 31984 (SIRGAS 2000 - UTM 24S); Codificação: UTF-8
vw_PontosdeOnibus.fid-5b41923a_19c3ec54e70_65e,861,POINT (-38.476181 -3.740765),2210,"RUA LAURO NOGUEIRA, 1165",-3.740765,-38.476181,ETUFOR,2022,EPSG: 31984 (SIRGAS 2000 - UTM 24S); Codificação: UTF-8
vw_PontosdeOnibus.fid-5b41923a_19c3ec54e70_65f,862,POINT (-38.47783 -3.740237),2212,"RUA LAURO NOGUEIRA, 865",-3.740237,-38.47783,ETUFOR,2022,EPSG: 31984 (SIRGAS 2000 - UTM 24S); Codificação: UTF-8
vw_PontosdeOnibus.fid-5b41923a_19c3ec54e70_660,863,POINT (-38.476619 -3.740352),2213,"RUA ANDRE DALL OCIO, 926",-3.740352,-38.476619,ETUFOR,2022,EPSG: 31984 (SIRGAS 2000 - UTM 24S); Codificação: UTF-8
vw_PontosdeOnibus.fid-5b41923a_19c3ec54e70_661,864,POINT (-38.481218 -3.741811),2214,"AVENIDA SANTOS DUMONT, S/N",-3.741811,-38.481218,ETUFOR,2022,EPSG: 31984 (SIRGAS 2000 - UTM 24S); Codificação: UTF-8
vw_PontosdeOnibus.fid-5b41923a_19c3ec54e70_662,865,POINT (-38.478511 -3.742686),2216,"AVENIDA SANTOS DUMONT, 2021",-3.742686,-38.478511,ETUFOR,2022,EPSG: 31984 (SIRGAS 2000 - UTM 24S); Codificação: UTF-8
vw_PontosdeOnibus.fid-5b41923a_19c3ec54e70_663,866,POINT (-38.476044 -3.743482),2218,"AVENIDA SANTOS DUMONT, 6350",-3.743482,-38.476044,ETUFOR,2022,EPSG: 31984 (SIRGAS 2000 - UTM 24S); Codificação: UTF-8
vw_PontosdeOnibus.fid-5b41923a_19c3ec54e70_664,867,POINT (-38.576925 -3.710712),222,"AVENIDA FRANCISCO SA, 5855",-3.710712,-38.576925,ETUFOR,2022,EPSG: 31984 (SIRGAS 2000 - UTM 24S); Codificação: UTF-8
vw_PontosdeOnibus.fid-5b41923a_19c3ec54e70_665,868,POINT (-38.453268 -3.741735),2229,"AVENIDA DIOGUINHO, 2950",-3.741735,-38.453268,ETUFOR,2022,EPSG: 31984 (SIRGAS 2000 - UTM 24S); Codificação: UTF-8
vw_PontosdeOnibus.fid-5b41923a_19c3ec54e70_666,869,POINT (-38.577406 -3.710547),223,"AVENIDA FRANCISCO SA, 5928",-3.710547,-38.577406,ETUFOR,2022,EPSG: 31984 (SIRGAS 2000 - UTM 24S); Codificação: UTF-8
vw_PontosdeOnibus.fid-5b41923a_19c3ec54e70_667,870,POINT (-38.453388 -3.741512),2230,"AVENIDA DIOGUINHO, 2950",-3.741512,-38.453388,ETUFOR,2022,EPSG: 31984 (SIRGAS 2000 - UTM 24S); Codificação: UTF-8
vw_PontosdeOnibus.fid-5b41923a_19c3ec54e70_668,871,POINT (-38.452194 -3.743741),2231,"AVENIDA DIOGUINHO, SN",-3.743741,-38.452194,ETUFOR,2022,EPSG: 31984 (SIRGAS 2000 - UTM 24S); Codificação: UTF-8
vw_PontosdeOnibus.fid-5b41923a_19c3ec54e70_669,872,POINT (-38.602335 -3.749932),2233,"RUA 24 DE OUTUBRO, 103",-3.749932,-38.602335,ETUFOR,2022,EPSG: 31984 (SIRGAS 2000 - UTM 24S); Codificação: UTF-8
vw_PontosdeOnibus.fid-5b41923a_19c3ec54e70_66a,873,POINT (-38.604055 -3.751699),2234,"RUA BOA ESPERANCA  (D73), 168",-3.751699,-38.604055,ETUFOR,2022,EPSG: 31984 (SIRGAS 2000 - UTM 24S); Codificação: UTF-8
vw_PontosdeOnibus.fid-5b41923a_19c3ec54e70_66b,874,POINT (-38.604269 -3.752813),2235,"RUA BOA ESPERANCA  (D73), 252",-3.752813,-38.604269,ETUFOR,2022,EPSG: 31984 (SIRGAS 2000 - UTM 24S); Codificação: UTF-8
vw_PontosdeOnibus.fid-5b41923a_19c3ec54e70_66c,875,POINT (-38.602794 -3.754301),2237,"AVENIDA SEN FERNANDES TAVORA, 3370",-3.754301,-38.602794,ETUFOR,2022,EPSG: 31984 (SIRGAS 2000 - UTM 24S); Codificação: UTF-8
vw_PontosdeOnibus.fid-5b41923a_19c3ec54e70_66d,876,POINT (-38.602853 -3.75429),2238,"AVENIDA SEN FERNANDES TAVORA, 3131",-3.75429,-38.602853,ETUFOR,2022,EPSG: 31984 (SIRGAS 2000 - UTM 24S); Codificação: UTF-8
vw_PontosdeOnibus.fid-5b41923a_19c3ec54e70_66e,877,POINT (-38.602736 -3.752438),2239,"RUA 24 DE OUTUBRO, 325",-3.752438,-38.602736,ETUFOR,2022,EPSG: 31984 (SIRGAS 2000 - UTM 24S); Codificação: UTF-8
vw_PontosdeOnibus.fid-5b41923a_19c3ec54e70_66f,878,POINT (-38.578834 -3.710036),224,"AVENIDA FRANCISCO SA, 6000",-3.710036,-38.578834,ETUFOR,2022,EPSG: 31984 (SIRGAS 2000 - UTM 24S); Codificação: UTF-8
vw_PontosdeOnibus.fid-5b41923a_19c3ec54e70_670,879,POINT (-38.60246 -3.750931),2240,"RUA 24 DE OUTUBRO, 225",-3.750931,-38.60246,ETUFOR,2022,EPSG: 31984 (SIRGAS 2000 - UTM 24S); Codificação: UTF-8
vw_PontosdeOnibus.fid-5b41923a_19c3ec54e70_671,880,POINT (-38.603739 -3.750468),2241,"RUA BOA ESPERANCA  (D73), 89",-3.750468,-38.603739,ETUFOR,2022,EPSG: 31984 (SIRGAS 2000 - UTM 24S); Codificação: UTF-8
vw_PontosdeOnibus.fid-5b41923a_19c3ec54e70_672,881,POINT (-38.596372 -3.749752),2242,"RUA PROF VIRGILIO DE MORAIS, 163",-3.749752,-38.596372,ETUFOR,2022,EPSG: 31984 (SIRGAS 2000 - UTM 24S); Codificação: UTF-8
vw_PontosdeOnibus.fid-5b41923a_19c3ec54e70_673,882,POINT (-38.595925 -3.746368),2246,"RUA HIPOLITO PAMPLONA, 639",-3.746368,-38.595925,ETUFOR,2022,EPSG: 31984 (SIRGAS 2000 - UTM 24S); Codificação: UTF-8
vw_PontosdeOnibus.fid-5b41923a_19c3ec54e70_674,883,POINT (-38.591824 -3.746201),2247,"RUA JOAQUIM LEITAO, 910",-3.746201,-38.591824,ETUFOR,2022,EPSG: 31984 (SIRGAS 2000 - UTM 24S); Codificação: UTF-8
vw_PontosdeOnibus.fid-5b41923a_19c3ec54e70_675,884,POINT (-38.591642 -3.747404),2248,"RUA JOAQUIM LEITAO, 1042",-3.747404,-38.591642,ETUFOR,2022,EPSG: 31984 (SIRGAS 2000 - UTM 24S); Codificação: UTF-8
vw_PontosdeOnibus.fid-5b41923a_19c3ec54e70_676,885,POINT (-38.590584 -3.747337),2249,"RUA DOR MANUEL SOARES, 940",-3.747337,-38.590584,ETUFOR,2022,EPSG: 31984 (SIRGAS 2000 - UTM 24S); Codificação: UTF-8
vw_PontosdeOnibus.fid-5b41923a_19c3ec54e70_677,886,POINT (-38.597252 -3.754368),2250,"RUA PROF VIRGILIO DE MORAIS, 654",-3.754368,-38.597252,ETUFOR,2022,EPSG: 31984 (SIRGAS 2000 - UTM 24S); Codificação: UTF-8
vw_PontosdeOnibus.fid-5b41923a_19c3ec54e70_678,887,POINT (-38.596828 -3.752159),2252,"RUA PROF VIRGILIO DE MORAIS, 426",-3.752159,-38.596828,ETUFOR,2022,EPSG: 31984 (SIRGAS 2000 - UTM 24S); Codificação: UTF-8
vw_PontosdeOnibus.fid-5b41923a_19c3ec54e70_679,888,POINT (-38.5967 -3.751516),2254,"RUA PROF VIRGILIO DE MORAIS, 366",-3.751516,-38.5967,ETUFOR,2022,EPSG: 31984 (SIRGAS 2000 - UTM 24S); Codificação: UTF-8
vw_PontosdeOnibus.fid-5b41923a_19c3ec54e70_67a,889,POINT (-38.596469 -3.750254),2255,"RUA PROF VIRGILIO DE MORAIS, 206",-3.750254,-38.596469,ETUFOR,2022,EPSG: 31984 (SIRGAS 2000 - UTM 24S); Codificação: UTF-8
vw_PontosdeOnibus.fid-5b41923a_19c3ec54e70_67b,890,POINT (-38.591709 -3.754529),2256,"RUA PRO EDGAR DE ARRUDA, 1978",-3.754529,-38.591709,ETUFOR,2022,EPSG: 31984 (SIRGAS 2000 - UTM 24S); Codificação: UTF-8
vw_PontosdeOnibus.fid-5b41923a_19c3ec54e70_67c,891,POINT (-38.591654 -3.752996),2257,"RUA RORAIMA, 501",-3.752996,-38.591654,ETUFOR,2022,EPSG: 31984 (SIRGAS 2000 - UTM 24S); Codificação: UTF-8
vw_PontosdeOnibus.fid-5b41923a_19c3ec54e70_67d,892,POINT (-38.590244 -3.75032),2258,"RUA MACAPA, 213",-3.75032,-38.590244,ETUFOR,2022,EPSG: 31984 (SIRGAS 2000 - UTM 24S); Codificação: UTF-8
vw_PontosdeOnibus.fid-5b41923a_19c3ec54e70_67e,893,POINT (-38.57194 -3.712424),226,"AVENIDA FRANCISCO SA, 5303",-3.712424,-38.57194,ETUFOR,2022,EPSG: 31984 (SIRGAS 2000 - UTM 24S); Codificação: UTF-8
vw_PontosdeOnibus.fid-5b41923a_19c3ec54e70_67f,894,POINT (-38.566654 -3.816988),2262,"AVENIDA PRS COSTA E SILVA, SN",-3.816988,-38.566654,ETUFOR,2022,EPSG: 31984 (SIRGAS 2000 - UTM 24S); Codificação: UTF-8
vw_PontosdeOnibus.fid-5b41923a_19c3ec54e70_680,895,POINT (-38.570944 -3.812912),2263,"AVENIDA PRS COSTA E SILVA, 978",-3.812912,-38.570944,ETUFOR,2022,EPSG: 31984 (SIRGAS 2000 - UTM 24S); Codificação: UTF-8
vw_PontosdeOnibus.fid-5b41923a_19c3ec54e70_681,896,POINT (-38.586168 -3.749762),2264,"RUA PAU BRASIL, 320 A",-3.749762,-38.586168,ETUFOR,2022,EPSG: 31984 (SIRGAS 2000 - UTM 24S); Codificação: UTF-8
vw_PontosdeOnibus.fid-5b41923a_19c3ec54e70_682,897,POINT (-38.584655 -3.748522),2266,"RUA MATOS DOURADO, 1349",-3.748522,-38.584655,ETUFOR,2022,EPSG: 31984 (SIRGAS 2000 - UTM 24S); Codificação: UTF-8
vw_PontosdeOnibus.fid-5b41923a_19c3ec54e70_683,898,POINT (-38.584816 -3.748397),2267,"RUA MATOS DOURADO, 1340",-3.748397,-38.584816,ETUFOR,2022,EPSG: 31984 (SIRGAS 2000 - UTM 24S); Codificação: UTF-8
vw_PontosdeOnibus.fid-5b41923a_19c3ec54e70_684,899,POINT (-38.58444 -3.750278),2268,"RUA MATOS DOURADO, 1281",-3.750278,-38.58444,ETUFOR,2022,EPSG: 31984 (SIRGAS 2000 - UTM 24S); Codificação: UTF-8
vw_PontosdeOnibus.fid-5b41923a_19c3ec54e70_685,900,POINT (-38.586168 -3.749762),2269,"RUA TARCISIO PEIXOTO, 310",-3.749762,-38.586168,ETUFOR,2022,EPSG: 31984 (SIRGAS 2000 - UTM 24S); Codificação: UTF-8
vw_PontosdeOnibus.fid-5b41923a_19c3ec54e70_686,901,POINT (-38.57268 -3.712169),227,"AVENIDA FRANCISCO SA, 5607",-3.712169,-38.57268,ETUFOR,2022,EPSG: 31984 (SIRGAS 2000 - UTM 24S); Codificação: UTF-8
vw_PontosdeOnibus.fid-5b41923a_19c3ec54e70_687,902,POINT (-38.585978 -3.748851),2270,"RUA CRAVILANDIA, 154",-3.748851,-38.585978,ETUFOR,2022,EPSG: 31984 (SIRGAS 2000 - UTM 24S); Codificação: UTF-8
vw_PontosdeOnibus.fid-5b41923a_19c3ec54e70_688,903,POINT (-38.586082 -3.748649),2271,"RUA CRAVILANDIA, 158",-3.748649,-38.586082,ETUFOR,2022,EPSG: 31984 (SIRGAS 2000 - UTM 24S); Codificação: UTF-8
vw_PontosdeOnibus.fid-5b41923a_19c3ec54e70_689,904,POINT (-38.587281 -3.751225),2279,"RUA TARCISIO PEIXOTO, 1066",-3.751225,-38.587281,ETUFOR,2022,EPSG: 31984 (SIRGAS 2000 - UTM 24S); Codificação: UTF-8
vw_PontosdeOnibus.fid-5b41923a_19c3ec54e70_68a,905,POINT (-38.573827 -3.711783),228,"AVENIDA FRANCISCO SA, 5550",-3.711783,-38.573827,ETUFOR,2022,EPSG: 31984 (SIRGAS 2000 - UTM 24S); Codificação: UTF-8
vw_PontosdeOnibus.fid-5b41923a_19c3ec54e70_68b,906,POINT (-38.587249 -3.751184),2280,"RUA TARCISIO PEIXOTO, 1035",-3.751184,-38.587249,ETUFOR,2022,EPSG: 31984 (SIRGAS 2000 - UTM 24S); Codificação: UTF-8
vw_PontosdeOnibus.fid-5b41923a_19c3ec54e70_68c,907,POINT (-38.583845 -3.750779),2281,"RUA MATOS DOURADO, 300 A",-3.750779,-38.583845,ETUFOR,2022,EPSG: 31984 (SIRGAS 2000 - UTM 24S); Codificação: UTF-8
vw_PontosdeOnibus.fid-5b41923a_19c3ec54e70_68d,908,POINT (-38.582794 -3.752764),2282,"RUA MATOS DOURADO, SN",-3.752764,-38.582794,ETUFOR,2022,EPSG: 31984 (SIRGAS 2000 - UTM 24S); Codificação: UTF-8
vw_PontosdeOnibus.fid-5b41923a_19c3ec54e70_68e,909,POINT (-38.583022 -3.752962),2283,"RUA MATOS DOURADO, SN",-3.752962,-38.583022,ETUFOR,2022,EPSG: 31984 (SIRGAS 2000 - UTM 24S); Codificação: UTF-8
vw_PontosdeOnibus.fid-5b41923a_19c3ec54e70_68f,910,POINT (-38.585962 -3.753813),2284,"RUA SILVA BAIMA, 911",-3.753813,-38.585962,ETUFOR,2022,EPSG: 31984 (SIRGAS 2000 - UTM 24S); Codificação: UTF-8
vw_PontosdeOnibus.fid-5b41923a_19c3ec54e70_690,911,POINT (-38.586042 -3.752195),2285,"RUA COS ARAUJO LIMA, 900",-3.752195,-38.586042,ETUFOR,2022,EPSG: 31984 (SIRGAS 2000 - UTM 24S); Codificação: UTF-8
vw_PontosdeOnibus.fid-5b41923a_19c3ec54e70_691,912,POINT (-38.58157 -3.753964),2286,"RUA FRANCO ROCHA, 463",-3.753964,-38.58157,ETUFOR,2022,EPSG: 31984 (SIRGAS 2000 - UTM 24S); Codificação: UTF-8
vw_PontosdeOnibus.fid-5b41923a_19c3ec54e70_692,913,POINT (-38.577707 -3.746828),2287,"RUA PRO ARMANDO FARIAS, 89",-3.746828,-38.577707,ETUFOR,2022,EPSG: 31984 (SIRGAS 2000 - UTM 24S); Codificação: UTF-8
vw_PontosdeOnibus.fid-5b41923a_19c3ec54e70_693,914,POINT (-38.575754 -3.747765),2288,"RUA PRO ARMANDO FARIAS, UFC",-3.747765,-38.575754,ETUFOR,2022,EPSG: 31984 (SIRGAS 2000 - UTM 24S); Codificação: UTF-8
vw_PontosdeOnibus.fid-5b41923a_19c3ec54e70_694,915,POINT (-38.574684 -3.711497),229,"AVENIDA FRANCISCO SA, 5652",-3.711497,-38.574684,ETUFOR,2022,EPSG: 31984 (SIRGAS 2000 - UTM 24S); Codificação: UTF-8
vw_PontosdeOnibus.fid-5b41923a_19c3ec54e70_695,916,POINT (-38.57374 -3.747144),2290,"RUA PRO ARMANDO FARIAS, UFC",-3.747144,-38.57374,ETUFOR,2022,EPSG: 31984 (SIRGAS 2000 - UTM 24S); Codificação: UTF-8
vw_PontosdeOnibus.fid-5b41923a_19c3ec54e70_696,917,POINT (-38.572022 -3.748371),2291,"RUA GONCALA A RODRIGUES, 247",-3.748371,-38.572022,ETUFOR,2022,EPSG: 31984 (SIRGAS 2000 - UTM 24S); Codificação: UTF-8
vw_PontosdeOnibus.fid-5b41923a_19c3ec54e70_697,918,POINT (-38.571476 -3.748597),2292,"RUA ALVARES MACIEL, 1035",-3.748597,-38.571476,ETUFOR,2022,EPSG: 31984 (SIRGAS 2000 - UTM 24S); Codificação: UTF-8
vw_PontosdeOnibus.fid-5b41923a_19c3ec54e70_698,919,POINT (-38.571173 -3.749559),2293,"RUA ALAGOAS, 378",-3.749559,-38.571173,ETUFOR,2022,EPSG: 31984 (SIRGAS 2000 - UTM 24S); Codificação: UTF-8
vw_PontosdeOnibus.fid-5b41923a_19c3ec54e70_699,920,POINT (-38.583536 -3.7019),23,"AVENIDA PRS CASTELO BRANCO, 5990",-3.7019,-38.583536,ETUFOR,2022,EPSG: 31984 (SIRGAS 2000 - UTM 24S); Codificação: UTF-8
vw_PontosdeOnibus.fid-5b41923a_19c3ec54e70_69a,921,POINT (-38.569424 -3.713289),230,"AVENIDA FRANCISCO SA, 5036",-3.713289,-38.569424,ETUFOR,2022,EPSG: 31984 (SIRGAS 2000 - UTM 24S); Codificação: UTF-8
vw_PontosdeOnibus.fid-5b41923a_19c3ec54e70_69b,922,POINT (-38.571764 -3.752793),2301,"RUA PIAUI, 1372",-3.752793,-38.571764,ETUFOR,2022,EPSG: 31984 (SIRGAS 2000 - UTM 24S); Codificação: UTF-8
vw_PontosdeOnibus.fid-5b41923a_19c3ec54e70_69c,923,POINT (-38.57184 -3.752716),2302,"RUA PIAUI, 1346",-3.752716,-38.57184,ETUFOR,2022,EPSG: 31984 (SIRGAS 2000 - UTM 24S); Codificação: UTF-8
vw_PontosdeOnibus.fid-5b41923a_19c3ec54e70_69d,924,POINT (-38.572759 -3.751736),2304,"RUA PIAUI, 1646",-3.751736,-38.572759,ETUFOR,2022,EPSG: 31984 (SIRGAS 2000 - UTM 24S); Codificação: UTF-8
vw_PontosdeOnibus.fid-5b41923a_19c3ec54e70_69e,925,POINT (-38.568644 -3.753688),2305,"RUA ESPIRITO SANTO, 618",-3.753688,-38.568644,ETUFOR,2022,EPSG: 31984 (SIRGAS 2000 - UTM 24S); Codificação: UTF-8
vw_PontosdeOnibus.fid-5b41923a_19c3ec54e70_69f,926,POINT (-38.568679 -3.753746),2306,"RUA ESPIRITO SANTO, 622",-3.753746,-38.568679,ETUFOR,2022,EPSG: 31984 (SIRGAS 2000 - UTM 24S); Codificação: UTF-8
vw_PontosdeOnibus.fid-5b41923a_19c3ec54e70_6a0,927,POINT (-38.568985 -3.754223),2307,"RUA ESPIRITO SANTO, 513",-3.754223,-38.568985,ETUFOR,2022,EPSG: 31984 (SIRGAS 2000 - UTM 24S); Codificação: UTF-8
vw_PontosdeOnibus.fid-5b41923a_19c3ec54e70_6a1,928,POINT (-38.56932 -3.754759),2308,"RUA ESPIRITO SANTO, 760",-3.754759,-38.56932,ETUFOR,2022,EPSG: 31984 (SIRGAS 2000 - UTM 24S); Codificação: UTF-8
vw_PontosdeOnibus.fid-5b41923a_19c3ec54e70_6a2,929,POINT (-38.570611 -3.75404),2309,"RUA PIAUI, 1330",-3.75404,-38.570611,ETUFOR,2022,EPSG: 31984 (SIRGAS 2000 - UTM 24S); Codificação: UTF-8
vw_PontosdeOnibus.fid-5b41923a_19c3ec54e70_6a3,930,POINT (-38.569823 -3.713153),231,"AVENIDA FRANCISCO SA, 5036",-3.713153,-38.569823,ETUFOR,2022,EPSG: 31984 (SIRGAS 2000 - UTM 24S); Codificação: UTF-8
vw_PontosdeOnibus.fid-5b41923a_19c3ec54e70_6a4,931,POINT (-38.564571 -3.747463),2310,"RUA ARGENTINA, 210",-3.747463,-38.564571,ETUFOR,2022,EPSG: 31984 (SIRGAS 2000 - UTM 24S); Codificação: UTF-8
vw_PontosdeOnibus.fid-5b41923a_19c3ec54e70_6a5,932,POINT (-38.565473 -3.748317),2311,"RUA ARGENTINA, 378",-3.748317,-38.565473,ETUFOR,2022,EPSG: 31984 (SIRGAS 2000 - UTM 24S); Codificação: UTF-8
vw_PontosdeOnibus.fid-5b41923a_19c3ec54e70_6a6,933,POINT (-38.565755 -3.748613),2312,"RUA ARGENTINA, 434",-3.748613,-38.565755,ETUFOR,2022,EPSG: 31984 (SIRGAS 2000 - UTM 24S); Codificação: UTF-8
vw_PontosdeOnibus.fid-5b41923a_19c3ec54e70_6a7,934,POINT (-38.565988 -3.749525),2313,"RUA ESPIRITO SANTO, 71",-3.749525,-38.565988,ETUFOR,2022,EPSG: 31984 (SIRGAS 2000 - UTM 24S); Codificação: UTF-8
vw_PontosdeOnibus.fid-5b41923a_19c3ec54e70_6a8,935,POINT (-38.566056 -3.749631),2314,"RUA ESPIRITO SANTO, 90",-3.749631,-38.566056,ETUFOR,2022,EPSG: 31984 (SIRGAS 2000 - UTM 24S); Codificação: UTF-8
vw_PontosdeOnibus.fid-5b41923a_19c3ec54e70_6a9,936,POINT (-38.562065 -3.749451),2315,"RUA VIRIATO RIBEIRO, 1031",-3.749451,-38.562065,ETUFOR,2022,EPSG: 31984 (SIRGAS 2000 - UTM 24S); Codificação: UTF-8
vw_PontosdeOnibus.fid-5b41923a_19c3ec54e70_6aa,937,POINT (-38.56345 -3.748043),2317,"RUA VIRIATO RIBEIRO, 1163",-3.748043,-38.56345,ETUFOR,2022,EPSG: 31984 (SIRGAS 2000 - UTM 24S); Codificação: UTF-8
vw_PontosdeOnibus.fid-5b41923a_19c3ec54e70_6ab,938,POINT (-38.563961 -3.747515),2318,"RUA VIRIATO RIBEIRO, 1228",-3.747515,-38.563961,ETUFOR,2022,EPSG: 31984 (SIRGAS 2000 - UTM 24S); Codificação: UTF-8
vw_PontosdeOnibus.fid-5b41923a_19c3ec54e70_6ac,939,POINT (-38.557754 -3.748139),2323,"RUA FRANCISCA CLOTILDE, 1356",-3.748139,-38.557754,ETUFOR,2022,EPSG: 31984 (SIRGAS 2000 - UTM 24S); Codificação: UTF-8
vw_PontosdeOnibus.fid-5b41923a_19c3ec54e70_6ad,940,POINT (-38.556489 -3.748223),2324,"RUA FREI MARCELINO, 1495",-3.748223,-38.556489,ETUFOR,2022,EPSG: 31984 (SIRGAS 2000 - UTM 24S); Codificação: UTF-8
vw_PontosdeOnibus.fid-5b41923a_19c3ec54e70_6ae,941,POINT (-38.557862 -3.745981),2325,"RUA CESAR FONTENELE, 132",-3.745981,-38.557862,ETUFOR,2022,EPSG: 31984 (SIRGAS 2000 - UTM 24S); Codificação: UTF-8
vw_PontosdeOnibus.fid-5b41923a_19c3ec54e70_6af,942,POINT (-38.560253 -3.746488),2327,"RUA CESAR FONTENELE, 422",-3.746488,-38.560253,ETUFOR,2022,EPSG: 31984 (SIRGAS 2000 - UTM 24S); Codificação: UTF-8
vw_PontosdeOnibus.fid-5b41923a_19c3ec54e70_6b0,943,POINT (-38.559152 -3.749689),2329,"RUA FRANCISCA CLOTILDE, 1543",-3.749689,-38.559152,ETUFOR,2022,EPSG: 31984 (SIRGAS 2000 - UTM 24S); Codificação: UTF-8
vw_PontosdeOnibus.fid-5b41923a_19c3ec54e70_6b1,944,POINT (-38.577583 -3.716558),233,"RUA TEODORO DE CASTRO, 6412",-3.716558,-38.577583,ETUFOR,2022,EPSG: 31984 (SIRGAS 2000 - UTM 24S); Codificação: UTF-8
vw_PontosdeOnibus.fid-5b41923a_19c3ec54e70_6b2,945,POINT (-38.567628 -3.753422),2334,"RUA ESTADO DO RIO, 205",-3.753422,-38.567628,ETUFOR,2022,EPSG: 31984 (SIRGAS 2000 - UTM 24S); Codificação: UTF-8
vw_PontosdeOnibus.fid-5b41923a_19c3ec54e70_6b3,946,POINT (-38.56749 -3.751828),2335,"RUA ESPIRITO SANTO, 310",-3.751828,-38.56749,ETUFOR,2022,EPSG: 31984 (SIRGAS 2000 - UTM 24S); Codificação: UTF-8
vw_PontosdeOnibus.fid-5b41923a_19c3ec54e70_6b4,947,POINT (-38.567328 -3.751569),2336,"RUA ESPIRITO SANTO, 363",-3.751569,-38.567328,ETUFOR,2022,EPSG: 31984 (SIRGAS 2000 - UTM 24S); Codificação: UTF-8
vw_PontosdeOnibus.fid-5b41923a_19c3ec54e70_6b5,948,POINT (-38.561034 -3.750505),2337,"RUA VIRIATO RIBEIRO, 794",-3.750505,-38.561034,ETUFOR,2022,EPSG: 31984 (SIRGAS 2000 - UTM 24S); Codificação: UTF-8
vw_PontosdeOnibus.fid-5b41923a_19c3ec54e70_6b6,949,POINT (-38.561088 -3.750449),2338,"RUA VIRIATO RIBEIRO, 807",-3.750449,-38.561088,ETUFOR,2022,EPSG: 31984 (SIRGAS 2000 - UTM 24S); Codificação: UTF-8
vw_PontosdeOnibus.fid-5b41923a_19c3ec54e70_6b7,950,POINT (-38.562133 -3.750935),2339,"RUA RIO GRANDE DO SUL, 206",-3.750935,-38.562133,ETUFOR,2022,EPSG: 31984 (SIRGAS 2000 - UTM 24S); Codificação: UTF-8
vw_PontosdeOnibus.fid-5b41923a_19c3ec54e70_6b8,951,POINT (-38.576051 -3.717134),234,"RUA TEODORO DE CASTRO, 6264",-3.717134,-38.576051,ETUFOR,2022,EPSG: 31984 (SIRGAS 2000 - UTM 24S); Codificação: UTF-8
vw_PontosdeOnibus.fid-5b41923a_19c3ec54e70_6b9,952,POINT (-38.56307 -3.75252),2340,"RUA DOS ESTADOS, 745",-3.75252,-38.56307,ETUFOR,2022,EPSG: 31984 (SIRGAS 2000 - UTM 24S); Codificação: UTF-8
vw_PontosdeOnibus.fid-5b41923a_19c3ec54e70_6ba,953,POINT (-38.557363 -3.754208),2343,"RUA VIRIATO RIBEIRO, 176",-3.754208,-38.557363,ETUFOR,2022,EPSG: 31984 (SIRGAS 2000 - UTM 24S); Codificação: UTF-8
vw_PontosdeOnibus.fid-5b41923a_19c3ec54e70_6bb,954,POINT (-38.558475 -3.753095),2344,"RUA VIRIATO RIBEIRO, 416",-3.753095,-38.558475,ETUFOR,2022,EPSG: 31984 (SIRGAS 2000 - UTM 24S); Codificação: UTF-8
vw_PontosdeOnibus.fid-5b41923a_19c3ec54e70_6bc,955,POINT (-38.558913 -3.752651),2345,"RUA VIRIATO RIBEIRO, 160",-3.752651,-38.558913,ETUFOR,2022,EPSG: 31984 (SIRGAS 2000 - UTM 24S); Codificação: UTF-8
vw_PontosdeOnibus.fid-5b41923a_19c3ec54e70_6bd,956,POINT (-38.559596 -3.751959),2346,"RUA VIRIATO RIBEIRO, 597",-3.751959,-38.559596,ETUFOR,2022,EPSG: 31984 (SIRGAS 2000 - UTM 24S); Codificação: UTF-8
vw_PontosdeOnibus.fid-5b41923a_19c3ec54e70_6be,957,POINT (-38.560026 -3.751526),2347,"RUA VIRIATO RIBEIRO, 646",-3.751526,-38.560026,ETUFOR,2022,EPSG: 31984 (SIRGAS 2000 - UTM 24S); Codificação: UTF-8
vw_PontosdeOnibus.fid-5b41923a_19c3ec54e70_6bf,958,POINT (-38.5574 -3.752264),2349,"RUA PAPI JUNIOR, 1925",-3.752264,-38.5574,ETUFOR,2022,EPSG: 31984 (SIRGAS 2000 - UTM 24S); Codificação: UTF-8
vw_PontosdeOnibus.fid-5b41923a_19c3ec54e70_6c0,959,POINT (-38.575706 -3.717257),235,"RUA TEODORO DE CASTRO, 6180",-3.717257,-38.575706,ETUFOR,2022,EPSG: 31984 (SIRGAS 2000 - UTM 24S); Codificação: UTF-8
vw_PontosdeOnibus.fid-5b41923a_19c3ec54e70_6c1,960,POINT (-38.557502 -3.752361),2350,"RUA PAPI JUNIOR, 1942",-3.752361,-38.557502,ETUFOR,2022,EPSG: 31984 (SIRGAS 2000 - UTM 24S); Codificação: UTF-8
vw_PontosdeOnibus.fid-5b41923a_19c3ec54e70_6c2,961,POINT (-38.559016 -3.750545),2352,"RUA JOSE FACANHA, 933",-3.750545,-38.559016,ETUFOR,2022,EPSG: 31984 (SIRGAS 2000 - UTM 24S); Codificação: UTF-8
vw_PontosdeOnibus.fid-5b41923a_19c3ec54e70_6c3,962,POINT (-38.55396 -3.746872),2356,"RUA MAJ PEDRO SAMPAIO, 1202",-3.746872,-38.55396,ETUFOR,2022,EPSG: 31984 (SIRGAS 2000 - UTM 24S); Codificação: UTF-8
vw_PontosdeOnibus.fid-5b41923a_19c3ec54e70_6c4,963,POINT (-38.554469 -3.747454),2357,"RUA MAJ PEDRO SAMPAIO, 2357",-3.747454,-38.554469,ETUFOR,2022,EPSG: 31984 (SIRGAS 2000 - UTM 24S); Codificação: UTF-8
vw_PontosdeOnibus.fid-5b41923a_19c3ec54e70_6c5,964,POINT (-38.554871 -3.747487),2358,"RUA PRO COSTA MENDES, 1904",-3.747487,-38.554871,ETUFOR,2022,EPSG: 31984 (SIRGAS 2000 - UTM 24S); Codificação: UTF-8
vw_PontosdeOnibus.fid-5b41923a_19c3ec54e70_6c6,965,POINT (-38.555829 -3.746614),2359,"RUA PRO COSTA MENDES, 2050",-3.746614,-38.555829,ETUFOR,2022,EPSG: 31984 (SIRGAS 2000 - UTM 24S); Codificação: UTF-8
vw_PontosdeOnibus.fid-5b41923a_19c3ec54e70_6c7,966,POINT (-38.574256 -3.717426),236,"RUA FRANCISCO CALACA, 1824",-3.717426,-38.574256,ETUFOR,2022,EPSG: 31984 (SIRGAS 2000 - UTM 24S); Codificação: UTF-8
vw_PontosdeOnibus.fid-5b41923a_19c3ec54e70_6c8,967,POINT (-38.553046 -3.745864),2365,"RUA MAJ PEDRO SAMPAIO, 1048",-3.745864,-38.553046,ETUFOR,2022,EPSG: 31984 (SIRGAS 2000 - UTM 24S); Codificação: UTF-8
vw_PontosdeOnibus.fid-5b41923a_19c3ec54e70_6c9,968,POINT (-38.550809 -3.75118),2366,"RUA PRO COSTA MENDES, 1290",-3.75118,-38.550809,ETUFOR,2022,EPSG: 31984 (SIRGAS 2000 - UTM 24S); Codificação: UTF-8
vw_PontosdeOnibus.fid-5b41923a_19c3ec54e70_6ca,969,POINT (-38.55253 -3.749608),2367,"RUA PRO COSTA MENDES, 1490",-3.749608,-38.55253,ETUFOR,2022,EPSG: 31984 (SIRGAS 2000 - UTM 24S); Codificação: UTF-8
vw_PontosdeOnibus.fid-5b41923a_19c3ec54e70_6cb,970,POINT (-38.549814 -3.749254),2369,"AVENIDA JOSE BASTOS, SN",-3.749254,-38.549814,ETUFOR,2022,EPSG: 31984 (SIRGAS 2000 - UTM 24S); Codificação: UTF-8
vw_PontosdeOnibus.fid-5b41923a_19c3ec54e70_6cc,971,POINT (-38.574074 -3.716955),237,"RUA FRANCISCO CALACA, 1776",-3.716955,-38.574074,ETUFOR,2022,EPSG: 31984 (SIRGAS 2000 - UTM 24S); Codificação: UTF-8
vw_PontosdeOnibus.fid-5b41923a_19c3ec54e70_6cd,972,POINT (-38.547382 -3.747019),2370,"AVENIDA JOSE BASTOS, 3000",-3.747019,-38.547382,ETUFOR,2022,EPSG: 31984 (SIRGAS 2000 - UTM 24S); Codificação: UTF-8
vw_PontosdeOnibus.fid-5b41923a_19c3ec54e70_6ce,973,POINT (-38.54716 -3.749868),2371,"AVENIDA JOAO PESSOA, 4110",-3.749868,-38.54716,ETUFOR,2022,EPSG: 31984 (SIRGAS 2000 - UTM 24S); Codificação: UTF-8
vw_PontosdeOnibus.fid-5b41923a_19c3ec54e70_6cf,974,POINT (-38.547236 -3.749949),2372,"AVENIDA JOAO PESSOA, 4115",-3.749949,-38.547236,ETUFOR,2022,EPSG: 31984 (SIRGAS 2000 - UTM 24S); Codificação: UTF-8
vw_PontosdeOnibus.fid-5b41923a_19c3ec54e70_6d0,975,POINT (-38.549252 -3.748894),2373,"AVENIDA JOSE BASTOS, 3984",-3.748894,-38.549252,ETUFOR,2022,EPSG: 31984 (SIRGAS 2000 - UTM 24S); Codificação: UTF-8
vw_PontosdeOnibus.fid-5b41923a_19c3ec54e70_6d1,976,POINT (-38.556315 -3.750992),2374,"RUA PAPI JUNIOR, 1717",-3.750992,-38.556315,ETUFOR,2022,EPSG: 31984 (SIRGAS 2000 - UTM 24S); Codificação: UTF-8
vw_PontosdeOnibus.fid-5b41923a_19c3ec54e70_6d2,977,POINT (-38.554387 -3.753804),2376,"AVENIDA JOSE BASTOS, 4140",-3.753804,-38.554387,ETUFOR,2022,EPSG: 31984 (SIRGAS 2000 - UTM 24S); Codificação: UTF-8
vw_PontosdeOnibus.fid-5b41923a_19c3ec54e70_6d3,978,POINT (-38.554647 -3.754263),2377,"AVENIDA JOSE BASTOS, 4140",-3.754263,-38.554647,ETUFOR,2022,EPSG: 31984 (SIRGAS 2000 - UTM 24S); Codificação: UTF-8
vw_PontosdeOnibus.fid-5b41923a_19c3ec54e70_6d4,979,POINT (-38.556751 -3.75359),2378,"RUA ENG HUMBERTO MONTE, 491",-3.75359,-38.556751,ETUFOR,2022,EPSG: 31984 (SIRGAS 2000 - UTM 24S); Codificação: UTF-8
vw_PontosdeOnibus.fid-5b41923a_19c3ec54e70_6d5,980,POINT (-38.552448 -3.751859),2379,"AVENIDA JOSE BASTOS, 3830",-3.751859,-38.552448,ETUFOR,2022,EPSG: 31984 (SIRGAS 2000 - UTM 24S); Codificação: UTF-8
vw_PontosdeOnibus.fid-5b41923a_19c3ec54e70_6d6,981,POINT (-38.573523 -3.715476),238,"RUA FRANCISCO CALACA, 1553",-3.715476,-38.573523,ETUFOR,2022,EPSG: 31984 (SIRGAS 2000 - UTM 24S); Codificação: UTF-8
vw_PontosdeOnibus.fid-5b41923a_19c3ec54e70_6d7,982,POINT (-38.550286 -3.753348),2380,"AVENIDA JOAO PESSOA, 4680",-3.753348,-38.550286,ETUFOR,2022,EPSG: 31984 (SIRGAS 2000 - UTM 24S); Codificação: UTF-8
vw_PontosdeOnibus.fid-5b41923a_19c3ec54e70_6d8,983,POINT (-38.547511 -3.75416),2381,"RUA PRO COSTA MENDES, 805",-3.75416,-38.547511,ETUFOR,2022,EPSG: 31984 (SIRGAS 2000 - UTM 24S); Codificação: UTF-8
vw_PontosdeOnibus.fid-5b41923a_19c3ec54e70_6d9,984,POINT (-38.548824 -3.752959),2382,"RUA PRO COSTA MENDES, 1026",-3.752959,-38.548824,ETUFOR,2022,EPSG: 31984 (SIRGAS 2000 - UTM 24S); Codificação: UTF-8
vw_PontosdeOnibus.fid-5b41923a_19c3ec54e70_6da,985,POINT (-38.549193 -3.752128),2384,"AVENIDA JOAO PESSOA, 4454",-3.752128,-38.549193,ETUFOR,2022,EPSG: 31984 (SIRGAS 2000 - UTM 24S); Codificação: UTF-8
vw_PontosdeOnibus.fid-5b41923a_19c3ec54e70_6db,986,POINT (-38.545852 -3.74842),2386,"AVENIDA JOAO PESSOA, 3907",-3.74842,-38.545852,ETUFOR,2022,EPSG: 31984 (SIRGAS 2000 - UTM 24S); Codificação: UTF-8
vw_PontosdeOnibus.fid-5b41923a_19c3ec54e70_6dc,987,POINT (-38.54395 -3.749104),2387,"RUA MAJ WEYNE, 800",-3.749104,-38.54395,ETUFOR,2022,EPSG: 31984 (SIRGAS 2000 - UTM 24S); Codificação: UTF-8
vw_PontosdeOnibus.fid-5b41923a_19c3ec54e70_6dd,988,POINT (-38.54488 -3.747327),2388,"AVENIDA JOAO PESSOA, 3653",-3.747327,-38.54488,ETUFOR,2022,EPSG: 31984 (SIRGAS 2000 - UTM 24S); Codificação: UTF-8
vw_PontosdeOnibus.fid-5b41923a_19c3ec54e70_6de,989,POINT (-38.544113 -3.746486),2389,"AVENIDA JOAO PESSOA, 5619",-3.746486,-38.544113,ETUFOR,2022,EPSG: 31984 (SIRGAS 2000 - UTM 24S); Codificação: UTF-8
vw_PontosdeOnibus.fid-5b41923a_19c3ec54e70_6df,990,POINT (-38.573406 -3.715167),239,"RUA FRANCISCO CALACA, 1535",-3.715167,-38.573406,ETUFOR,2022,EPSG: 31984 (SIRGAS 2000 - UTM 24S); Codificação: UTF-8
vw_PontosdeOnibus.fid-5b41923a_19c3ec54e70_6e0,991,POINT (-38.539709 -3.748692),2393,"AVENIDA EDUARDO GIRAO, 399",-3.748692,-38.539709,ETUFOR,2022,EPSG: 31984 (SIRGAS 2000 - UTM 24S); Codificação: UTF-8
vw_PontosdeOnibus.fid-5b41923a_19c3ec54e70_6e1,992,POINT (-38.54161 -3.748701),2394,"RUA JULIO CESAR   (D12), 520",-3.748701,-38.54161,ETUFOR,2022,EPSG: 31984 (SIRGAS 2000 - UTM 24S); Codificação: UTF-8
vw_PontosdeOnibus.fid-5b41923a_19c3ec54e70_6e2,993,POINT (-38.537782 -3.750168),2395,"AVENIDA EDUARDO GIRAO, 147",-3.750168,-38.537782,ETUFOR,2022,EPSG: 31984 (SIRGAS 2000 - UTM 24S); Codificação: UTF-8
vw_PontosdeOnibus.fid-5b41923a_19c3ec54e70_6e3,994,POINT (-38.537889 -3.749883),2396,"AVENIDA EDUARDO GIRAO, 137",-3.749883,-38.537889,ETUFOR,2022,EPSG: 31984 (SIRGAS 2000 - UTM 24S); Codificação: UTF-8
vw_PontosdeOnibus.fid-5b41923a_19c3ec54e70_6e4,995,POINT (-38.536288 -3.748832),2397,"AVENIDA DOS EXPEDICIONARIOS, 3442",-3.748832,-38.536288,ETUFOR,2022,EPSG: 31984 (SIRGAS 2000 - UTM 24S); Codificação: UTF-8
vw_PontosdeOnibus.fid-5b41923a_19c3ec54e70_6e5,996,POINT (-38.536084 -3.748447),2398,"AVENIDA DOS EXPEDICIONARIOS, 3442",-3.748447,-38.536084,ETUFOR,2022,EPSG: 31984 (SIRGAS 2000 - UTM 24S); Codificação: UTF-8
vw_PontosdeOnibus.fid-5b41923a_19c3ec54e70_6e6,997,POINT (-38.538076 -3.746393),2399,"RUA MAL DEODORO, 1280",-3.746393,-38.538076,ETUFOR,2022,EPSG: 31984 (SIRGAS 2000 - UTM 24S); Codificação: UTF-8
vw_PontosdeOnibus.fid-5b41923a_19c3ec54e70_6e7,998,POINT (-38.571633 -3.715182),240,"RUA SAO BERNARDO, 65",-3.715182,-38.571633,ETUFOR,2022,EPSG: 31984 (SIRGAS 2000 - UTM 24S); Codificação: UTF-8
vw_PontosdeOnibus.fid-5b41923a_19c3ec54e70_6e8,999,POINT (-38.538839 -3.748085),2400,"RUA MAL DEODORO, 1480",-3.748085,-38.538839,ETUFOR,2022,EPSG: 31984 (SIRGAS 2000 - UTM 24S); Codificação: UTF-8
vw_PontosdeOnibus.fid-5b41923a_19c3ec54e70_6e9,1000,POINT (-38.538516 -3.748869),2401,"RUA JORGE DUMAR, 1517",-3.748869,-38.538516,ETUFOR,2022,EPSG: 31984 (SIRGAS 2000 - UTM 24S); Codificação: UTF-8
vw_PontosdeOnibus.fid-5b41923a_19c3ec54e70_6ea,1001,POINT (-38.543227 -3.750473),2403,"RUA JULIO CESAR   (D12), 798",-3.750473,-38.543227,ETUFOR,2022,EPSG: 31984 (SIRGAS 2000 - UTM 24S); Codificação: UTF-8
vw_PontosdeOnibus.fid-5b41923a_19c3ec54e70_6eb,1002,POINT (-38.544598 -3.751988),2404,"RUA JULIO CESAR   (D12), 1025",-3.751988,-38.544598,ETUFOR,2022,EPSG: 31984 (SIRGAS 2000 - UTM 24S); Codificação: UTF-8
vw_PontosdeOnibus.fid-5b41923a_19c3ec54e70_6ec,1003,POINT (-38.545989 -3.753581),2406,"RUA JULIO CESAR   (D12), 1240",-3.753581,-38.545989,ETUFOR,2022,EPSG: 31984 (SIRGAS 2000 - UTM 24S); Codificação: UTF-8
vw_PontosdeOnibus.fid-5b41923a_19c3ec54e70_6ed,1004,POINT (-38.539263 -3.754778),2407,"RUA PRÉ NOVE, 52",-3.754778,-38.539263,ETUFOR,2022,EPSG: 31984 (SIRGAS 2000 - UTM 24S); Codificação: UTF-8
vw_PontosdeOnibus.fid-5b41923a_19c3ec54e70_6ee,1005,POINT (-38.539903 -3.751976),2408,"RUA DAMASCENO GIRAO, 1854",-3.751976,-38.539903,ETUFOR,2022,EPSG: 31984 (SIRGAS 2000 - UTM 24S); Codificação: UTF-8
vw_PontosdeOnibus.fid-5b41923a_19c3ec54e70_6ef,1006,POINT (-38.540144 -3.753069),2409,"RUA DAMASCENO GIRAO, 2024",-3.753069,-38.540144,ETUFOR,2022,EPSG: 31984 (SIRGAS 2000 - UTM 24S); Codificação: UTF-8
vw_PontosdeOnibus.fid-5b41923a_19c3ec54e70_6f0,1007,POINT (-38.571393 -3.715269),241,"RUA DR. QUIXADA FELÍCIO, 241",-3.715269,-38.571393,ETUFOR,2022,EPSG: 31984 (SIRGAS 2000 - UTM 24S); Codificação: UTF-8
vw_PontosdeOnibus.fid-5b41923a_19c3ec54e70_6f1,1008,POINT (-38.537269 -3.75231),2410,"AVENIDA DOS EXPEDICIONARIOS, 3911",-3.75231,-38.537269,ETUFOR,2022,EPSG: 31984 (SIRGAS 2000 - UTM 24S); Codificação: UTF-8
vw_PontosdeOnibus.fid-5b41923a_19c3ec54e70_6f2,1009,POINT (-38.537457 -3.752653),2411,"AVENIDA DOS EXPEDICIONARIOS, 3910",-3.752653,-38.537457,ETUFOR,2022,EPSG: 31984 (SIRGAS 2000 - UTM 24S); Codificação: UTF-8
vw_PontosdeOnibus.fid-5b41923a_19c3ec54e70_6f3,1010,POINT (-38.536939 -3.753954),2412,"AVENIDA BORGES DE MELO, 2121",-3.753954,-38.536939,ETUFOR,2022,EPSG: 31984 (SIRGAS 2000 - UTM 24S); Codificação: UTF-8
vw_PontosdeOnibus.fid-5b41923a_19c3ec54e70_6f4,1011,POINT (-38.537292 -3.753811),2413,"AVENIDA BORGES DE MELO, 2145",-3.753811,-38.537292,ETUFOR,2022,EPSG: 31984 (SIRGAS 2000 - UTM 24S); Codificação: UTF-8
vw_PontosdeOnibus.fid-5b41923a_19c3ec54e70_6f5,1012,POINT (-38.538334 -3.752878),2414,"AVENIDA BORGES DE MELO, 73",-3.752878,-38.538334,ETUFOR,2022,EPSG: 31984 (SIRGAS 2000 - UTM 24S); Codificação: UTF-8
vw_PontosdeOnibus.fid-5b41923a_19c3ec54e70_6f6,1013,POINT (-38.539256 -3.752214),2415,"RUA JORGE DUMAR, SN",-3.752214,-38.539256,ETUFOR,2022,EPSG: 31984 (SIRGAS 2000 - UTM 24S); Codificação: UTF-8
vw_PontosdeOnibus.fid-5b41923a_19c3ec54e70_6f7,1014,POINT (-38.532805 -3.746415),2416,"AVENIDA 13 DE MAIO, 154",-3.746415,-38.532805,ETUFOR,2022,EPSG: 31984 (SIRGAS 2000 - UTM 24S); Codificação: UTF-8
vw_PontosdeOnibus.fid-5b41923a_19c3ec54e70_6f8,1015,POINT (-38.532208 -3.746803),2417,"AVENIDA 13 DE MAIO, 1574",-3.746803,-38.532208,ETUFOR,2022,EPSG: 31984 (SIRGAS 2000 - UTM 24S); Codificação: UTF-8
vw_PontosdeOnibus.fid-5b41923a_19c3ec54e70_6f9,1016,POINT (-38.535358 -3.745716),2418,"AVENIDA DOS EXPEDICIONARIOS, 3080",-3.745716,-38.535358,ETUFOR,2022,EPSG: 31984 (SIRGAS 2000 - UTM 24S); Codificação: UTF-8
vw_PontosdeOnibus.fid-5b41923a_19c3ec54e70_6fa,1017,POINT (-38.535267 -3.745686),2419,"AVENIDA DOS EXPEDICIONARIOS, 3160",-3.745686,-38.535267,ETUFOR,2022,EPSG: 31984 (SIRGAS 2000 - UTM 24S); Codificação: UTF-8
vw_PontosdeOnibus.fid-5b41923a_19c3ec54e70_6fb,1018,POINT (-38.57027 -3.717119),242,"GALERIA DOR HUGO ROCHA, 19",-3.717119,-38.57027,ETUFOR,2022,EPSG: 31984 (SIRGAS 2000 - UTM 24S); Codificação: UTF-8
vw_PontosdeOnibus.fid-5b41923a_19c3ec54e70_6fc,1019,POINT (-38.530149 -3.748583),2420,"AVENIDA 13 DE MAIO, 1257",-3.748583,-38.530149,ETUFOR,2022,EPSG: 31984 (SIRGAS 2000 - UTM 24S); Codificação: UTF-8
vw_PontosdeOnibus.fid-5b41923a_19c3ec54e70_6fd,1020,POINT (-38.529747 -3.749016),2421,"AVENIDA 13 DE MAIO, 1257",-3.749016,-38.529747,ETUFOR,2022,EPSG: 31984 (SIRGAS 2000 - UTM 24S); Codificação: UTF-8
vw_PontosdeOnibus.fid-5b41923a_19c3ec54e70_6fe,1021,POINT (-38.531725 -3.748621),2423,"AVENIDA LUCIANO CARNEIRO, 125",-3.748621,-38.531725,ETUFOR,2022,EPSG: 31984 (SIRGAS 2000 - UTM 24S); Codificação: UTF-8
vw_PontosdeOnibus.fid-5b41923a_19c3ec54e70_6ff,1022,POINT (-38.532299 -3.750784),2424,"AVENIDA LUCIANO CARNEIRO, 345",-3.750784,-38.532299,ETUFOR,2022,EPSG: 31984 (SIRGAS 2000 - UTM 24S); Codificação: UTF-8
vw_PontosdeOnibus.fid-5b41923a_19c3ec54e70_700,1023,POINT (-38.53122 -3.749473),2426,"RUA MARIO MAMEDE, 1183",-3.749473,-38.53122,ETUFOR,2022,EPSG: 31984 (SIRGAS 2000 - UTM 24S); Codificação: UTF-8
vw_PontosdeOnibus.fid-5b41923a_19c3ec54e70_701,1024,POINT (-38.530322 -3.750238),2427,"RUA MARIO MAMEDE, 1183",-3.750238,-38.530322,ETUFOR,2022,EPSG: 31984 (SIRGAS 2000 - UTM 24S); Codificação: UTF-8
vw_PontosdeOnibus.fid-5b41923a_19c3ec54e70_702,1025,POINT (-38.570166 -3.718292),243,"RUA SILVIO ROMERO, 75 A",-3.718292,-38.570166,ETUFOR,2022,EPSG: 31984 (SIRGAS 2000 - UTM 24S); Codificação: UTF-8
vw_PontosdeOnibus.fid-5b41923a_19c3ec54e70_703,1026,POINT (-38.533318 -3.75407),2437,"AVENIDA LUCIANO CARNEIRO, 635",-3.75407,-38.533318,ETUFOR,2022,EPSG: 31984 (SIRGAS 2000 - UTM 24S); Codificação: UTF-8
vw_PontosdeOnibus.fid-5b41923a_19c3ec54e70_704,1027,POINT (-38.562021 -3.710365),244,"AVENIDA PRS CASTELO BRANCO, 3312",-3.710365,-38.562021,ETUFOR,2022,EPSG: 31984 (SIRGAS 2000 - UTM 24S); Codificação: UTF-8
vw_PontosdeOnibus.fid-5b41923a_19c3ec54e70_705,1028,POINT (-38.528869 -3.751478),2443,"RUA MARIO MAMEDE, 943",-3.751478,-38.528869,ETUFOR,2022,EPSG: 31984 (SIRGAS 2000 - UTM 24S); Codificação: UTF-8
vw_PontosdeOnibus.fid-5b41923a_19c3ec54e70_706,1029,POINT (-38.527766 -3.750712),2444,"AVENIDA 13 DE MAIO, 927",-3.750712,-38.527766,ETUFOR,2022,EPSG: 31984 (SIRGAS 2000 - UTM 24S); Codificação: UTF-8
vw_PontosdeOnibus.fid-5b41923a_19c3ec54e70_707,1030,POINT (-38.527317 -3.75101),2445,"AVENIDA 13 DE MAIO, 866",-3.75101,-38.527317,ETUFOR,2022,EPSG: 31984 (SIRGAS 2000 - UTM 24S); Codificação: UTF-8
vw_PontosdeOnibus.fid-5b41923a_19c3ec54e70_708,1031,POINT (-38.526747 -3.752018),2448,"AVENIDA DEP OSWALDO STUDART, 68",-3.752018,-38.526747,ETUFOR,2022,EPSG: 31984 (SIRGAS 2000 - UTM 24S); Codificação: UTF-8
vw_PontosdeOnibus.fid-5b41923a_19c3ec54e70_709,1032,POINT (-38.526081 -3.752146),2449,"AVENIDA 13 DE MAIO, SN",-3.752146,-38.526081,ETUFOR,2022,EPSG: 31984 (SIRGAS 2000 - UTM 24S); Codificação: UTF-8
vw_PontosdeOnibus.fid-5b41923a_19c3ec54e70_70a,1033,POINT (-38.562199 -3.710197),245,"AVENIDA PRO JOSE BONIFACIO, 3498",-3.710197,-38.562199,ETUFOR,2022,EPSG: 31984 (SIRGAS 2000 - UTM 24S); Codificação: UTF-8
vw_PontosdeOnibus.fid-5b41923a_19c3ec54e70_70b,1034,POINT (-38.526534 -3.754365),2451,"RUA MARTINHO RODRIGUES, 678",-3.754365,-38.526534,ETUFOR,2022,EPSG: 31984 (SIRGAS 2000 - UTM 24S); Codificação: UTF-8
vw_PontosdeOnibus.fid-5b41923a_19c3ec54e70_70c,1035,POINT (-38.52549 -3.752538),2453,"AVENIDA 13 DE MAIO, 465",-3.752538,-38.52549,ETUFOR,2022,EPSG: 31984 (SIRGAS 2000 - UTM 24S); Codificação: UTF-8
vw_PontosdeOnibus.fid-5b41923a_19c3ec54e70_70d,1036,POINT (-38.521603 -3.747967),2457,"AVENIDA VIS RIO BRANCO, 3091",-3.747967,-38.521603,ETUFOR,2022,EPSG: 31984 (SIRGAS 2000 - UTM 24S); Codificação: UTF-8
vw_PontosdeOnibus.fid-5b41923a_19c3ec54e70_70e,1037,POINT (-38.52196 -3.746295),2458,"AVENIDA VIS RIO BRANCO, 2885",-3.746295,-38.52196,ETUFOR,2022,EPSG: 31984 (SIRGAS 2000 - UTM 24S); Codificação: UTF-8
vw_PontosdeOnibus.fid-5b41923a_19c3ec54e70_70f,1038,POINT (-38.52379 -3.749039),2459,"AVENIDA AGUANAMBI, 1393",-3.749039,-38.52379,ETUFOR,2022,EPSG: 31984 (SIRGAS 2000 - UTM 24S); Codificação: UTF-8
vw_PontosdeOnibus.fid-5b41923a_19c3ec54e70_710,1039,POINT (-38.563734 -3.70999),246,"AVENIDA PRS CASTELO BRANCO, 3567",-3.70999,-38.563734,ETUFOR,2022,EPSG: 31984 (SIRGAS 2000 - UTM 24S); Codificação: UTF-8
vw_PontosdeOnibus.fid-5b41923a_19c3ec54e70_711,1040,POINT (-38.524312 -3.748337),2460,"AVENIDA AGUANAMBI, 1346",-3.748337,-38.524312,ETUFOR,2022,EPSG: 31984 (SIRGAS 2000 - UTM 24S); Codificação: UTF-8
vw_PontosdeOnibus.fid-5b41923a_19c3ec54e70_712,1041,POINT (-38.521237 -3.749736),2461,"AVENIDA VIS RIO BRANCO, 3275",-3.749736,-38.521237,ETUFOR,2022,EPSG: 31984 (SIRGAS 2000 - UTM 24S); Codificação: UTF-8
vw_PontosdeOnibus.fid-5b41923a_19c3ec54e70_713,1042,POINT (-38.521532 -3.753709),2472,"AVENIDA 13 DE MAIO, 95",-3.753709,-38.521532,ETUFOR,2022,EPSG: 31984 (SIRGAS 2000 - UTM 24S); Codificação: UTF-8
vw_PontosdeOnibus.fid-5b41923a_19c3ec54e70_714,1043,POINT (-38.523353 -3.751752),2474,"AVENIDA AGUANAMBI, 1729",-3.751752,-38.523353,ETUFOR,2022,EPSG: 31984 (SIRGAS 2000 - UTM 24S); Codificação: UTF-8
vw_PontosdeOnibus.fid-5b41923a_19c3ec54e70_715,1044,POINT (-38.523515 -3.752088),2475,"AVENIDA AGUANAMBI, 1700",-3.752088,-38.523515,ETUFOR,2022,EPSG: 31984 (SIRGAS 2000 - UTM 24S); Codificação: UTF-8
vw_PontosdeOnibus.fid-5b41923a_19c3ec54e70_716,1045,POINT (-38.520832 -3.751781),2478,"AVENIDA VIS RIO BRANCO, 3450",-3.751781,-38.520832,ETUFOR,2022,EPSG: 31984 (SIRGAS 2000 - UTM 24S); Codificação: UTF-8
vw_PontosdeOnibus.fid-5b41923a_19c3ec54e70_717,1046,POINT (-38.518549 -3.753364),2479,"AVENIDA PONTES VIEIRA, 134",-3.753364,-38.518549,ETUFOR,2022,EPSG: 31984 (SIRGAS 2000 - UTM 24S); Codificação: UTF-8
vw_PontosdeOnibus.fid-5b41923a_19c3ec54e70_718,1047,POINT (-38.559315 -3.712623),248,"AVENIDA PASTEUR, 754",-3.712623,-38.559315,ETUFOR,2022,EPSG: 31984 (SIRGAS 2000 - UTM 24S); Codificação: UTF-8
vw_PontosdeOnibus.fid-5b41923a_19c3ec54e70_719,1048,POINT (-38.518781 -3.753289),2480,"AVENIDA PONTES VIEIRA, 134",-3.753289,-38.518781,ETUFOR,2022,EPSG: 31984 (SIRGAS 2000 - UTM 24S); Codificação: UTF-8
vw_PontosdeOnibus.fid-5b41923a_19c3ec54e70_71a,1049,POINT (-38.520334 -3.754285),2482,"AVENIDA VIS RIO BRANCO, 3785",-3.754285,-38.520334,ETUFOR,2022,EPSG: 31984 (SIRGAS 2000 - UTM 24S); Codificação: UTF-8
vw_PontosdeOnibus.fid-5b41923a_19c3ec54e70_71b,1050,POINT (-38.514413 -3.752877),2484,"AVENIDA PONTES VIEIRA, 692",-3.752877,-38.514413,ETUFOR,2022,EPSG: 31984 (SIRGAS 2000 - UTM 24S); Codificação: UTF-8
vw_PontosdeOnibus.fid-5b41923a_19c3ec54e70_71c,1051,POINT (-38.516052 -3.75306),2485,"AVENIDA PONTES VIEIRA, 460",-3.75306,-38.516052,ETUFOR,2022,EPSG: 31984 (SIRGAS 2000 - UTM 24S); Codificação: UTF-8
vw_PontosdeOnibus.fid-5b41923a_19c3ec54e70_71d,1052,POINT (-38.516536 -3.753035),2487,"AVENIDA PONTES VIEIRA, 440",-3.753035,-38.516536,ETUFOR,2022,EPSG: 31984 (SIRGAS 2000 - UTM 24S); Codificação: UTF-8
vw_PontosdeOnibus.fid-5b41923a_19c3ec54e70_71e,1053,POINT (-38.558922 -3.711376),249,"AVENIDA PASTEUR, 635",-3.711376,-38.558922,ETUFOR,2022,EPSG: 31984 (SIRGAS 2000 - UTM 24S); Codificação: UTF-8
vw_PontosdeOnibus.fid-5b41923a_19c3ec54e70_71f,1054,POINT (-38.511425 -3.749835),2491,"AVENIDA BAR STUDART, 3022",-3.749835,-38.511425,ETUFOR,2022,EPSG: 31984 (SIRGAS 2000 - UTM 24S); Codificação: UTF-8
vw_PontosdeOnibus.fid-5b41923a_19c3ec54e70_720,1055,POINT (-38.511048 -3.748396),2492,"AVENIDA BAR STUDART, 2780",-3.748396,-38.511048,ETUFOR,2022,EPSG: 31984 (SIRGAS 2000 - UTM 24S); Codificação: UTF-8
vw_PontosdeOnibus.fid-5b41923a_19c3ec54e70_721,1056,POINT (-38.510744 -3.747732),2493,"AVENIDA BAR STUDART, 2740",-3.747732,-38.510744,ETUFOR,2022,EPSG: 31984 (SIRGAS 2000 - UTM 24S); Codificação: UTF-8
vw_PontosdeOnibus.fid-5b41923a_19c3ec54e70_722,1057,POINT (-38.585813 -3.700812),25,"AVENIDA PRESIDENTE CASTELO BRANCO, SN",-3.700812,-38.585813,ETUFOR,2022,EPSG: 31984 (SIRGAS 2000 - UTM 24S); Codificação: UTF-8
vw_PontosdeOnibus.fid-5b41923a_19c3ec54e70_723,1058,POINT (-38.513372 -3.75275),2507,"AVENIDA PONTES VIEIRA, 832",-3.75275,-38.513372,ETUFOR,2022,EPSG: 31984 (SIRGAS 2000 - UTM 24S); Codificação: UTF-8
vw_PontosdeOnibus.fid-5b41923a_19c3ec54e70_724,1059,POINT (-38.513088 -3.752625),2508,"AVENIDA PONTES VIEIRA, 855",-3.752625,-38.513088,ETUFOR,2022,EPSG: 31984 (SIRGAS 2000 - UTM 24S); Codificação: UTF-8
vw_PontosdeOnibus.fid-5b41923a_19c3ec54e70_725,1060,POINT (-38.511851 -3.750906),2509,"AVENIDA BAR STUDART, 3103",-3.750906,-38.511851,ETUFOR,2022,EPSG: 31984 (SIRGAS 2000 - UTM 24S); Codificação: UTF-8
vw_PontosdeOnibus.fid-5b41923a_19c3ec54e70_726,1061,POINT (-38.558533 -3.711208),251,"AVENIDA PRS CASTELO BRANCO, 3139",-3.711208,-38.558533,ETUFOR,2022,EPSG: 31984 (SIRGAS 2000 - UTM 24S); Codificação: UTF-8
vw_PontosdeOnibus.fid-5b41923a_19c3ec54e70_727,1062,POINT (-38.509376 -3.752186),2511,"AVENIDA PONTES VIEIRA, 1380",-3.752186,-38.509376,ETUFOR,2022,EPSG: 31984 (SIRGAS 2000 - UTM 24S); Codificação: UTF-8
vw_PontosdeOnibus.fid-5b41923a_19c3ec54e70_728,1063,POINT (-38.508648 -3.752192),2512,"AVENIDA PONTES VIEIRA, 1465",-3.752192,-38.508648,ETUFOR,2022,EPSG: 31984 (SIRGAS 2000 - UTM 24S); Codificação: UTF-8
vw_PontosdeOnibus.fid-5b41923a_19c3ec54e70_729,1064,POINT (-38.506602 -3.751956),2514,"AVENIDA PONTES VIEIRA, 1599",-3.751956,-38.506602,ETUFOR,2022,EPSG: 31984 (SIRGAS 2000 - UTM 24S); Codificação: UTF-8
vw_PontosdeOnibus.fid-5b41923a_19c3ec54e70_72a,1065,POINT (-38.506418 -3.751839),2515,"AVENIDA PONTES VIEIRA, 1599",-3.751839,-38.506418,ETUFOR,2022,EPSG: 31984 (SIRGAS 2000 - UTM 24S); Codificação: UTF-8
vw_PontosdeOnibus.fid-5b41923a_19c3ec54e70_72b,1066,POINT (-38.504001 -3.753863),2517,"AVENIDA RAUL BARBOSA, 3059",-3.753863,-38.504001,ETUFOR,2022,EPSG: 31984 (SIRGAS 2000 - UTM 24S); Codificação: UTF-8
vw_PontosdeOnibus.fid-5b41923a_19c3ec54e70_72c,1067,POINT (-38.504091 -3.751664),2518,"AVENIDA PONTES VIEIRA, 1960",-3.751664,-38.504091,ETUFOR,2022,EPSG: 31984 (SIRGAS 2000 - UTM 24S); Codificação: UTF-8
vw_PontosdeOnibus.fid-5b41923a_19c3ec54e70_72d,1068,POINT (-38.503915 -3.751552),2519,"AVENIDA PONTES VIEIRA, 2001",-3.751552,-38.503915,ETUFOR,2022,EPSG: 31984 (SIRGAS 2000 - UTM 24S); Codificação: UTF-8
vw_PontosdeOnibus.fid-5b41923a_19c3ec54e70_72e,1069,POINT (-38.504027 -3.753601),2520,"AVENIDA DOR RAUL BARBOSA, 3034",-3.753601,-38.504027,ETUFOR,2022,EPSG: 31984 (SIRGAS 2000 - UTM 24S); Codificação: UTF-8
vw_PontosdeOnibus.fid-5b41923a_19c3ec54e70_72f,1070,POINT (-38.501676 -3.746464),2521,"AVENIDA DES MOREIRA, 2355",-3.746464,-38.501676,ETUFOR,2022,EPSG: 31984 (SIRGAS 2000 - UTM 24S); Codificação: UTF-8
vw_PontosdeOnibus.fid-5b41923a_19c3ec54e70_730,1071,POINT (-38.501695 -3.746797),2522,"AVENIDA DESEMBARGADOR MOREIRA, 2355",-3.746797,-38.501695,ETUFOR,2022,EPSG: 31984 (SIRGAS 2000 - UTM 24S); Codificação: UTF-8
vw_PontosdeOnibus.fid-5b41923a_19c3ec54e70_731,1072,POINT (-38.50252 -3.749063),2523,"AVENIDA DES MOREIRA, 26600",-3.749063,-38.50252,ETUFOR,2022,EPSG: 31984 (SIRGAS 2000 - UTM 24S); Codificação: UTF-8
vw_PontosdeOnibus.fid-5b41923a_19c3ec54e70_732,1073,POINT (-38.502461 -3.749189),2524,"AVENIDA DESEMBARGADOR MOREIRA, 2669",-3.749189,-38.502461,ETUFOR,2022,EPSG: 31984 (SIRGAS 2000 - UTM 24S); Codificação: UTF-8
vw_PontosdeOnibus.fid-5b41923a_19c3ec54e70_733,1074,POINT (-38.502858 -3.750155),2525,"AVENIDA DES MOREIRA, 2808",-3.750155,-38.502858,ETUFOR,2022,EPSG: 31984 (SIRGAS 2000 - UTM 24S); Codificação: UTF-8
vw_PontosdeOnibus.fid-5b41923a_19c3ec54e70_734,1075,POINT (-38.499355 -3.746088),2529,"RUA LEONARDO MOTA, 2301",-3.746088,-38.499355,ETUFOR,2022,EPSG: 31984 (SIRGAS 2000 - UTM 24S); Codificação: UTF-8
vw_PontosdeOnibus.fid-5b41923a_19c3ec54e70_735,1076,POINT (-38.560445 -3.71077),253,"AVENIDA PRS CASTELO BRANCO, 3257",-3.71077,-38.560445,ETUFOR,2022,EPSG: 31984 (SIRGAS 2000 - UTM 24S); Codificação: UTF-8
vw_PontosdeOnibus.fid-5b41923a_19c3ec54e70_736,1077,POINT (-38.496766 -3.747969),2531,"AVENIDA SEN VIRGILIO TAVORA, 2475",-3.747969,-38.496766,ETUFOR,2022,EPSG: 31984 (SIRGAS 2000 - UTM 24S); Codificação: UTF-8
vw_PontosdeOnibus.fid-5b41923a_19c3ec54e70_737,1078,POINT (-38.497445 -3.750085),2532,"AVENIDA SEN VIRGILIO TAVORA, 2630",-3.750085,-38.497445,ETUFOR,2022,EPSG: 31984 (SIRGAS 2000 - UTM 24S); Codificação: UTF-8
vw_PontosdeOnibus.fid-5b41923a_19c3ec54e70_738,1079,POINT (-38.492703 -3.748435),2538,"AVENIDA ANTONIO SALES, S/N",-3.748435,-38.492703,ETUFOR,2022,EPSG: 31984 (SIRGAS 2000 - UTM 24S); Codificação: UTF-8
vw_PontosdeOnibus.fid-5b41923a_19c3ec54e70_739,1080,POINT (-38.494099 -3.749789),2539,"AVENIDA ALM HENRIQUE SABOIA, 3601",-3.749789,-38.494099,ETUFOR,2022,EPSG: 31984 (SIRGAS 2000 - UTM 24S); Codificação: UTF-8
vw_PontosdeOnibus.fid-5b41923a_19c3ec54e70_73a,1081,POINT (-38.560728 -3.710565),254,"AVENIDA PRS CASTELO BRANCO, 300",-3.710565,-38.560728,ETUFOR,2022,EPSG: 31984 (SIRGAS 2000 - UTM 24S); Codificação: UTF-8
vw_PontosdeOnibus.fid-5b41923a_19c3ec54e70_73b,1082,POINT (-38.495009 -3.747749),2541,"AVENIDA ANTONIO SALES, 3266",-3.747749,-38.495009,ETUFOR,2022,EPSG: 31984 (SIRGAS 2000 - UTM 24S); Codificação: UTF-8
vw_PontosdeOnibus.fid-5b41923a_19c3ec54e70_73c,1083,POINT (-38.499985 -3.752202),2542,"RUA ALM HENRIQUE SABOIA, 50",-3.752202,-38.499985,ETUFOR,2022,EPSG: 31984 (SIRGAS 2000 - UTM 24S); Codificação: UTF-8
vw_PontosdeOnibus.fid-5b41923a_19c3ec54e70_73d,1084,POINT (-38.501682 -3.753164),2543,"RUA ALM HENRIQUE SABOIA, 55",-3.753164,-38.501682,ETUFOR,2022,EPSG: 31984 (SIRGAS 2000 - UTM 24S); Codificação: UTF-8
vw_PontosdeOnibus.fid-5b41923a_19c3ec54e70_73e,1085,POINT (-38.50161 -3.751369),2544,"AVENIDA PONTES VIEIRA, 2855",-3.751369,-38.50161,ETUFOR,2022,EPSG: 31984 (SIRGAS 2000 - UTM 24S); Codificação: UTF-8
vw_PontosdeOnibus.fid-5b41923a_19c3ec54e70_73f,1086,POINT (-38.499021 -3.750958),2545,"AVENIDA PONTES VIEIRA, 2551",-3.750958,-38.499021,ETUFOR,2022,EPSG: 31984 (SIRGAS 2000 - UTM 24S); Codificação: UTF-8
vw_PontosdeOnibus.fid-5b41923a_19c3ec54e70_740,1087,POINT (-38.498699 -3.751022),2546,"AVENIDA PONTES VIEIRA, 2490",-3.751022,-38.498699,ETUFOR,2022,EPSG: 31984 (SIRGAS 2000 - UTM 24S); Codificação: UTF-8
vw_PontosdeOnibus.fid-5b41923a_19c3ec54e70_741,1088,POINT (-38.491192 -3.748894),2547,"AVENIDA ANTONIO SALES, 3378",-3.748894,-38.491192,ETUFOR,2022,EPSG: 31984 (SIRGAS 2000 - UTM 24S); Codificação: UTF-8
vw_PontosdeOnibus.fid-5b41923a_19c3ec54e70_742,1089,POINT (-38.490516 -3.751076),2548,"AVENIDA ENG SANTANA JUNIOR, SN",-3.751076,-38.490516,ETUFOR,2022,EPSG: 31984 (SIRGAS 2000 - UTM 24S); Codificação: UTF-8
vw_PontosdeOnibus.fid-5b41923a_19c3ec54e70_743,1090,POINT (-38.490113 -3.749849),2549,"AVENIDA ENG SANTANA JUNIOR, SN",-3.749849,-38.490113,ETUFOR,2022,EPSG: 31984 (SIRGAS 2000 - UTM 24S); Codificação: UTF-8
vw_PontosdeOnibus.fid-5b41923a_19c3ec54e70_744,1091,POINT (-38.566105 -3.718141),255,"AVENIDA DOR THEBERGE, 1988",-3.718141,-38.566105,ETUFOR,2022,EPSG: 31984 (SIRGAS 2000 - UTM 24S); Codificação: UTF-8
vw_PontosdeOnibus.fid-5b41923a_19c3ec54e70_745,1092,POINT (-38.490863 -3.753264),2550,"AVENIDA ENG SANTANA JUNIOR, SN",-3.753264,-38.490863,ETUFOR,2022,EPSG: 31984 (SIRGAS 2000 - UTM 24S); Codificação: UTF-8
vw_PontosdeOnibus.fid-5b41923a_19c3ec54e70_746,1093,POINT (-38.472469 -3.747939),2557,"RUA JOSE BORBA, 585",-3.747939,-38.472469,ETUFOR,2022,EPSG: 31984 (SIRGAS 2000 - UTM 24S); Codificação: UTF-8
vw_PontosdeOnibus.fid-5b41923a_19c3ec54e70_747,1094,POINT (-38.471128 -3.748956),2559,"AVENIDA CENTRAL ALA LESTE, SN",-3.748956,-38.471128,ETUFOR,2022,EPSG: 31984 (SIRGAS 2000 - UTM 24S); Codificação: UTF-8
vw_PontosdeOnibus.fid-5b41923a_19c3ec54e70_748,1095,POINT (-38.565999 -3.717812),256,"AVENIDA DOR THEBERGE, 1961",-3.717812,-38.565999,ETUFOR,2022,EPSG: 31984 (SIRGAS 2000 - UTM 24S); Codificação: UTF-8
vw_PontosdeOnibus.fid-5b41923a_19c3ec54e70_749,1096,POINT (-38.471457 -3.749139),2560,"AVENIDA CENTRAL ALA OESTE, 340 B",-3.749139,-38.471457,ETUFOR,2022,EPSG: 31984 (SIRGAS 2000 - UTM 24S); Codificação: UTF-8
vw_PontosdeOnibus.fid-5b41923a_19c3ec54e70_74a,1097,POINT (-38.471466 -3.750563),2562,"AVENIDA CENTRAL ALA LESTE, 221",-3.750563,-38.471466,ETUFOR,2022,EPSG: 31984 (SIRGAS 2000 - UTM 24S); Codificação: UTF-8
vw_PontosdeOnibus.fid-5b41923a_19c3ec54e70_74b,1098,POINT (-38.472215 -3.751068),2563,"AVENIDA CENTRAL ALA OESTE, 333",-3.751068,-38.472215,ETUFOR,2022,EPSG: 31984 (SIRGAS 2000 - UTM 24S); Codificação: UTF-8
vw_PontosdeOnibus.fid-5b41923a_19c3ec54e70_74c,1099,POINT (-38.473675 -3.751766),2565,"ALAMEDA DAS GRAVIOLAS, 1295",-3.751766,-38.473675,ETUFOR,2022,EPSG: 31984 (SIRGAS 2000 - UTM 24S); Codificação: UTF-8
vw_PontosdeOnibus.fid-5b41923a_19c3ec54e70_74d,1100,POINT (-38.471772 -3.753486),2568,"AVENIDA DAS GRAVIOLAS, 310",-3.753486,-38.471772,ETUFOR,2022,EPSG: 31984 (SIRGAS 2000 - UTM 24S); Codificação: UTF-8
vw_PontosdeOnibus.fid-5b41923a_19c3ec54e70_74e,1101,POINT (-38.565484 -3.716275),257,"AVENIDA DOR THEBERGE, 1698",-3.716275,-38.565484,ETUFOR,2022,EPSG: 31984 (SIRGAS 2000 - UTM 24S); Codificação: UTF-8
vw_PontosdeOnibus.fid-5b41923a_19c3ec54e70_74f,1102,POINT (-38.471699 -3.752674),2570,"ALAMEDA DAS GRAVIOLAS, 291",-3.752674,-38.471699,ETUFOR,2022,EPSG: 31984 (SIRGAS 2000 - UTM 24S); Codificação: UTF-8
vw_PontosdeOnibus.fid-5b41923a_19c3ec54e70_750,1103,POINT (-38.551312 -3.798055),2573,"AVENIDA BERNARDO MANOEL, 8999",-3.798055,-38.551312,ETUFOR,2022,EPSG: 31984 (SIRGAS 2000 - UTM 24S); Codificação: UTF-8
vw_PontosdeOnibus.fid-5b41923a_19c3ec54e70_751,1104,POINT (-38.55111 -3.797839),2574,"AVENIDA BERNARDO MANOEL, 8959",-3.797839,-38.55111,ETUFOR,2022,EPSG: 31984 (SIRGAS 2000 - UTM 24S); Codificação: UTF-8
vw_PontosdeOnibus.fid-5b41923a_19c3ec54e70_752,1105,POINT (-38.56522 -3.715461),258,"AVENIDA DOR THEBERGE, 1637",-3.715461,-38.56522,ETUFOR,2022,EPSG: 31984 (SIRGAS 2000 - UTM 24S); Codificação: UTF-8
vw_PontosdeOnibus.fid-5b41923a_19c3ec54e70_753,1106,POINT (-38.549624 -3.793003),2585,"AVENIDA BERNARDO MANOEL, 3500",-3.793003,-38.549624,ETUFOR,2022,EPSG: 31984 (SIRGAS 2000 - UTM 24S); Codificação: UTF-8
vw_PontosdeOnibus.fid-5b41923a_19c3ec54e70_754,1107,POINT (-38.549697 -3.792824),2586,"AVENIDA BERNARDO MANOEL, 8341",-3.792824,-38.549697,ETUFOR,2022,EPSG: 31984 (SIRGAS 2000 - UTM 24S); Codificação: UTF-8
vw_PontosdeOnibus.fid-5b41923a_19c3ec54e70_755,1108,POINT (-38.553276 -3.793519),2589,"RUA BETEL, 1671",-3.793519,-38.553276,ETUFOR,2022,EPSG: 31984 (SIRGAS 2000 - UTM 24S); Codificação: UTF-8
vw_PontosdeOnibus.fid-5b41923a_19c3ec54e70_756,1109,POINT (-38.564654 -3.714944),259,"AVENIDA FRANCISCO SA, 4487",-3.714944,-38.564654,ETUFOR,2022,EPSG: 31984 (SIRGAS 2000 - UTM 24S); Codificação: UTF-8
vw_PontosdeOnibus.fid-5b41923a_19c3ec54e70_757,1110,POINT (-38.550607 -3.795728),2591,"AVENIDA BERNARDO MANOEL, 8731",-3.795728,-38.550607,ETUFOR,2022,EPSG: 31984 (SIRGAS 2000 - UTM 24S); Codificação: UTF-8
vw_PontosdeOnibus.fid-5b41923a_19c3ec54e70_758,1111,POINT (-38.54116 -3.791435),2593,"RUA PARAGUAÇU, 1956",-3.791435,-38.54116,ETUFOR,2022,EPSG: 31984 (SIRGAS 2000 - UTM 24S); Codificação: UTF-8
vw_PontosdeOnibus.fid-5b41923a_19c3ec54e70_759,1112,POINT (-38.54224 -3.796363),2598,"RUA 2 PLANALTO MIRASSOL, 444",-3.796363,-38.54224,ETUFOR,2022,EPSG: 31984 (SIRGAS 2000 - UTM 24S); Codificação: UTF-8
vw_PontosdeOnibus.fid-5b41923a_19c3ec54e70_75a,1113,POINT (-38.58577 -3.700976),26,"AVENIDA PRS CASTELO BRANCO, SN",-3.700976,-38.58577,ETUFOR,2022,EPSG: 31984 (SIRGAS 2000 - UTM 24S); Codificação: UTF-8
vw_PontosdeOnibus.fid-5b41923a_19c3ec54e70_75b,1114,POINT (-38.565806 -3.714544),260,"AVENIDA FRANCISCO SA, 4626",-3.714544,-38.565806,ETUFOR,2022,EPSG: 31984 (SIRGAS 2000 - UTM 24S); Codificação: UTF-8
vw_PontosdeOnibus.fid-5b41923a_19c3ec54e70_75c,1115,POINT (-38.544025 -3.79896),2601,"RUA MATADOURO, 723",-3.79896,-38.544025,ETUFOR,2022,EPSG: 31984 (SIRGAS 2000 - UTM 24S); Codificação: UTF-8
vw_PontosdeOnibus.fid-5b41923a_19c3ec54e70_75d,1116,POINT (-38.537936 -3.791168),2605,"AVENIDA DEDE BRASIL, 4241",-3.791168,-38.537936,ETUFOR,2022,EPSG: 31984 (SIRGAS 2000 - UTM 24S); Codificação: UTF-8
vw_PontosdeOnibus.fid-5b41923a_19c3ec54e70_75e,1117,POINT (-38.502029 -3.792487),2606,"AVENIDA DES GONZAGA, 633",-3.792487,-38.502029,ETUFOR,2022,EPSG: 31984 (SIRGAS 2000 - UTM 24S); Codificação: UTF-8
vw_PontosdeOnibus.fid-5b41923a_19c3ec54e70_75f,1118,POINT (-38.498908 -3.791793),2607,"RUA CHICO LEMOS, 412",-3.791793,-38.498908,ETUFOR,2022,EPSG: 31984 (SIRGAS 2000 - UTM 24S); Codificação: UTF-8
vw_PontosdeOnibus.fid-5b41923a_19c3ec54e70_760,1119,POINT (-38.5674 -3.713992),261,"AVENIDA FRANCISCO SA, 4780",-3.713992,-38.5674,ETUFOR,2022,EPSG: 31984 (SIRGAS 2000 - UTM 24S); Codificação: UTF-8
vw_PontosdeOnibus.fid-5b41923a_19c3ec54e70_761,1120,POINT (-38.497729 -3.794425),2610,"RUA CHICO LEMOS, 596",-3.794425,-38.497729,ETUFOR,2022,EPSG: 31984 (SIRGAS 2000 - UTM 24S); Codificação: UTF-8
vw_PontosdeOnibus.fid-5b41923a_19c3ec54e70_762,1121,POINT (-38.495434 -3.795368),2611,"AVENIDA OLIVEIRA PAIVA, 1105",-3.795368,-38.495434,ETUFOR,2022,EPSG: 31984 (SIRGAS 2000 - UTM 24S); Codificação: UTF-8
vw_PontosdeOnibus.fid-5b41923a_19c3ec54e70_763,1122,POINT (-38.495898 -3.795468),2612,"AVENIDA OLIVEIRA PAIVA, 1130",-3.795468,-38.495898,ETUFOR,2022,EPSG: 31984 (SIRGAS 2000 - UTM 24S); Codificação: UTF-8
vw_PontosdeOnibus.fid-5b41923a_19c3ec54e70_764,1123,POINT (-38.494284 -3.79553),2617,"AVENIDA OLIVEIRA PAIVA, 1291",-3.79553,-38.494284,ETUFOR,2022,EPSG: 31984 (SIRGAS 2000 - UTM 24S); Codificação: UTF-8
vw_PontosdeOnibus.fid-5b41923a_19c3ec54e70_765,1124,POINT (-38.497755 -3.796101),2618,"AVENIDA OLIVEIRA PAIVA, 941",-3.796101,-38.497755,ETUFOR,2022,EPSG: 31984 (SIRGAS 2000 - UTM 24S); Codificação: UTF-8
vw_PontosdeOnibus.fid-5b41923a_19c3ec54e70_766,1125,POINT (-38.56088 -3.716221),262,"AVENIDA FRANCISCO SA, 3990",-3.716221,-38.56088,ETUFOR,2022,EPSG: 31984 (SIRGAS 2000 - UTM 24S); Codificação: UTF-8
vw_PontosdeOnibus.fid-5b41923a_19c3ec54e70_767,1126,POINT (-38.499274 -3.798601),2620,"AVENIDA DES GONZAGA, 1352",-3.798601,-38.499274,ETUFOR,2022,EPSG: 31984 (SIRGAS 2000 - UTM 24S); Codificação: UTF-8
vw_PontosdeOnibus.fid-5b41923a_19c3ec54e70_768,1127,POINT (-38.499382 -3.798629),2621,"AVENIDA DESEMBARGADOR GONZAGA, 1316",-3.798629,-38.499382,ETUFOR,2022,EPSG: 31984 (SIRGAS 2000 - UTM 24S); Codificação: UTF-8
vw_PontosdeOnibus.fid-5b41923a_19c3ec54e70_769,1128,POINT (-38.500213 -3.796481),2623,"AVENIDA DES GONZAGA, SN",-3.796481,-38.500213,ETUFOR,2022,EPSG: 31984 (SIRGAS 2000 - UTM 24S); Codificação: UTF-8
vw_PontosdeOnibus.fid-5b41923a_19c3ec54e70_76a,1129,POINT (-38.500329 -3.796549),2624,"AVENIDA DES GONZAGA, SN",-3.796549,-38.500329,ETUFOR,2022,EPSG: 31984 (SIRGAS 2000 - UTM 24S); Codificação: UTF-8
vw_PontosdeOnibus.fid-5b41923a_19c3ec54e70_76b,1130,POINT (-38.500351 -3.797383),2625,"AVENIDA OLIVEIRA PAIVA, 450",-3.797383,-38.500351,ETUFOR,2022,EPSG: 31984 (SIRGAS 2000 - UTM 24S); Codificação: UTF-8
vw_PontosdeOnibus.fid-5b41923a_19c3ec54e70_76c,1131,POINT (-38.50048 -3.797352),2626,"AVENIDA OLIVEIRA PAIVA, 540",-3.797352,-38.50048,ETUFOR,2022,EPSG: 31984 (SIRGAS 2000 - UTM 24S); Codificação: UTF-8
vw_PontosdeOnibus.fid-5b41923a_19c3ec54e70_76d,1132,POINT (-38.445875 -3.792948),2628,"RUA SABIAGUABA, 2528",-3.792948,-38.445875,ETUFOR,2022,EPSG: 31984 (SIRGAS 2000 - UTM 24S); Codificação: UTF-8
vw_PontosdeOnibus.fid-5b41923a_19c3ec54e70_76e,1133,POINT (-38.445692 -3.792688),2629,"RUA SABIAGUABA, 2494",-3.792688,-38.445692,ETUFOR,2022,EPSG: 31984 (SIRGAS 2000 - UTM 24S); Codificação: UTF-8
vw_PontosdeOnibus.fid-5b41923a_19c3ec54e70_76f,1134,POINT (-38.562598 -3.715643),263,"AVENIDA FRANCISCO SA, 4237",-3.715643,-38.562598,ETUFOR,2022,EPSG: 31984 (SIRGAS 2000 - UTM 24S); Codificação: UTF-8
vw_PontosdeOnibus.fid-5b41923a_19c3ec54e70_770,1135,POINT (-38.448746 -3.805511),2630,"AVENIDA MAESTRO LISBOA, 2280",-3.805511,-38.448746,ETUFOR,2022,EPSG: 31984 (SIRGAS 2000 - UTM 24S); Codificação: UTF-8
vw_PontosdeOnibus.fid-5b41923a_19c3ec54e70_771,1136,POINT (-38.441909 -3.806246),2633,"AVENIDA MAE MANOEL MAVIGNIER, SN",-3.806246,-38.441909,ETUFOR,2022,EPSG: 31984 (SIRGAS 2000 - UTM 24S); Codificação: UTF-8
vw_PontosdeOnibus.fid-5b41923a_19c3ec54e70_772,1137,POINT (-38.480072 -3.722801),2635,"AVENIDA ABOLICAO, 4047",-3.722801,-38.480072,ETUFOR,2022,EPSG: 31984 (SIRGAS 2000 - UTM 24S); Codificação: UTF-8
vw_PontosdeOnibus.fid-5b41923a_19c3ec54e70_773,1138,POINT (-38.476206 -3.720035),2639,"AVENIDA VICENTE DE CASTRO, 4573",-3.720035,-38.476206,ETUFOR,2022,EPSG: 31984 (SIRGAS 2000 - UTM 24S); Codificação: UTF-8
vw_PontosdeOnibus.fid-5b41923a_19c3ec54e70_774,1139,POINT (-38.56347 -3.715348),264,"AVENIDA FRANCISCO SA, 4316",-3.715348,-38.56347,ETUFOR,2022,EPSG: 31984 (SIRGAS 2000 - UTM 24S); Codificação: UTF-8
vw_PontosdeOnibus.fid-5b41923a_19c3ec54e70_775,1140,POINT (-38.475361 -3.719076),2640,"AVENIDA VICENTE DE CASTRO, 4999",-3.719076,-38.475361,ETUFOR,2022,EPSG: 31984 (SIRGAS 2000 - UTM 24S); Codificação: UTF-8
vw_PontosdeOnibus.fid-5b41923a_19c3ec54e70_776,1141,POINT (-38.481016 -3.723578),2644,"AVENIDA ABOLICAO, 4290",-3.723578,-38.481016,ETUFOR,2022,EPSG: 31984 (SIRGAS 2000 - UTM 24S); Codificação: UTF-8
vw_PontosdeOnibus.fid-5b41923a_19c3ec54e70_777,1142,POINT (-38.480068 -3.725078),2645,"RUA CORREGO DAS FLORES, 74",-3.725078,-38.480068,ETUFOR,2022,EPSG: 31984 (SIRGAS 2000 - UTM 24S); Codificação: UTF-8
vw_PontosdeOnibus.fid-5b41923a_19c3ec54e70_778,1143,POINT (-38.478296 -3.726311),2647,"RUA DOR LUIS COSTA, 36",-3.726311,-38.478296,ETUFOR,2022,EPSG: 31984 (SIRGAS 2000 - UTM 24S); Codificação: UTF-8
vw_PontosdeOnibus.fid-5b41923a_19c3ec54e70_779,1144,POINT (-38.480593 -3.725054),2648,"RUA SANTANA, 310",-3.725054,-38.480593,ETUFOR,2022,EPSG: 31984 (SIRGAS 2000 - UTM 24S); Codificação: UTF-8
vw_PontosdeOnibus.fid-5b41923a_19c3ec54e70_77a,1145,POINT (-38.47761 -3.726532),2649,"RUA LUIS TIBURCIO, 135",-3.726532,-38.47761,ETUFOR,2022,EPSG: 31984 (SIRGAS 2000 - UTM 24S); Codificação: UTF-8
vw_PontosdeOnibus.fid-5b41923a_19c3ec54e70_77b,1146,POINT (-38.558561 -3.716998),265,"AVENIDA FRANCISCO SA, 3780",-3.716998,-38.558561,ETUFOR,2022,EPSG: 31984 (SIRGAS 2000 - UTM 24S); Codificação: UTF-8
vw_PontosdeOnibus.fid-5b41923a_19c3ec54e70_77c,1147,POINT (-38.475105 -3.725406),2652,"RUA ESTRELA DO ORIENTE, S/N",-3.725406,-38.475105,ETUFOR,2022,EPSG: 31984 (SIRGAS 2000 - UTM 24S); Codificação: UTF-8
vw_PontosdeOnibus.fid-5b41923a_19c3ec54e70_77d,1148,POINT (-38.475139 -3.727344),2653,"RUA ESTRELA DO ORIENTE, 151",-3.727344,-38.475139,ETUFOR,2022,EPSG: 31984 (SIRGAS 2000 - UTM 24S); Codificação: UTF-8
vw_PontosdeOnibus.fid-5b41923a_19c3ec54e70_77e,1149,POINT (-38.467514 -3.749311),2656,"RUA MANUEL DE QUEIROZ, 533",-3.749311,-38.467514,ETUFOR,2022,EPSG: 31984 (SIRGAS 2000 - UTM 24S); Codificação: UTF-8
vw_PontosdeOnibus.fid-5b41923a_19c3ec54e70_77f,1150,POINT (-38.469052 -3.748288),2657,"RUA BENTO ALBUQUERQUE, 2500",-3.748288,-38.469052,ETUFOR,2022,EPSG: 31984 (SIRGAS 2000 - UTM 24S); Codificação: UTF-8
vw_PontosdeOnibus.fid-5b41923a_19c3ec54e70_780,1151,POINT (-38.470271 -3.747339),2658,"RUA FRANCISCO MATOS, SN",-3.747339,-38.470271,ETUFOR,2022,EPSG: 31984 (SIRGAS 2000 - UTM 24S); Codificação: UTF-8
vw_PontosdeOnibus.fid-5b41923a_19c3ec54e70_781,1152,POINT (-38.558873 -3.716894),266,"AVENIDA FRANCISCO SA, 3783",-3.716894,-38.558873,ETUFOR,2022,EPSG: 31984 (SIRGAS 2000 - UTM 24S); Codificação: UTF-8
vw_PontosdeOnibus.fid-5b41923a_19c3ec54e70_782,1153,POINT (-38.469327 -3.74564),2661,"AVENIDA SANTOS DUMONT, 7501",-3.74564,-38.469327,ETUFOR,2022,EPSG: 31984 (SIRGAS 2000 - UTM 24S); Codificação: UTF-8
vw_PontosdeOnibus.fid-5b41923a_19c3ec54e70_783,1154,POINT (-38.466627 -3.749099),2662,"RUA BENTO ALBUQUERQUE, 295",-3.749099,-38.466627,ETUFOR,2022,EPSG: 31984 (SIRGAS 2000 - UTM 24S); Codificação: UTF-8
vw_PontosdeOnibus.fid-5b41923a_19c3ec54e70_784,1155,POINT (-38.465799 -3.747347),2663,"RUA ZUCA ACIOLY, 900",-3.747347,-38.465799,ETUFOR,2022,EPSG: 31984 (SIRGAS 2000 - UTM 24S); Codificação: UTF-8
vw_PontosdeOnibus.fid-5b41923a_19c3ec54e70_785,1156,POINT (-38.46418 -3.747189),2664,"AVENIDA SANTOS DUMONT, 7700",-3.747189,-38.46418,ETUFOR,2022,EPSG: 31984 (SIRGAS 2000 - UTM 24S); Codificação: UTF-8
vw_PontosdeOnibus.fid-5b41923a_19c3ec54e70_786,1157,POINT (-38.462097 -3.747976),2665,"AVENIDA SANTOS DUMONT, SN",-3.747976,-38.462097,ETUFOR,2022,EPSG: 31984 (SIRGAS 2000 - UTM 24S); Codificação: UTF-8
vw_PontosdeOnibus.fid-5b41923a_19c3ec54e70_787,1158,POINT (-38.462092 -3.747858),2666,"AVENIDA SANTOS DUMONT, 7771",-3.747858,-38.462092,ETUFOR,2022,EPSG: 31984 (SIRGAS 2000 - UTM 24S); Codificação: UTF-8
vw_PontosdeOnibus.fid-5b41923a_19c3ec54e70_788,1159,POINT (-38.460058 -3.748513),2667,"AVENIDA SANTOS DUMONT, 7771",-3.748513,-38.460058,ETUFOR,2022,EPSG: 31984 (SIRGAS 2000 - UTM 24S); Codificação: UTF-8
vw_PontosdeOnibus.fid-5b41923a_19c3ec54e70_789,1160,POINT (-38.46794 -3.751126),2668,"AVENIDA CASTANHOLEIRAS, 155",-3.751126,-38.46794,ETUFOR,2022,EPSG: 31984 (SIRGAS 2000 - UTM 24S); Codificação: UTF-8
vw_PontosdeOnibus.fid-5b41923a_19c3ec54e70_78a,1161,POINT (-38.560834 -3.716236),267,"AVENIDA FRANCISCO SA, 3990",-3.716236,-38.560834,ETUFOR,2022,EPSG: 31984 (SIRGAS 2000 - UTM 24S); Codificação: UTF-8
vw_PontosdeOnibus.fid-5b41923a_19c3ec54e70_78b,1162,POINT (-38.468601 -3.753198),2671,"RUA CASTANHOLEIRAS, 403",-3.753198,-38.468601,ETUFOR,2022,EPSG: 31984 (SIRGAS 2000 - UTM 24S); Codificação: UTF-8
vw_PontosdeOnibus.fid-5b41923a_19c3ec54e70_78c,1163,POINT (-38.46896 -3.754291),2673,"RUA CASTANHOLEIRAS, 403",-3.754291,-38.46896,ETUFOR,2022,EPSG: 31984 (SIRGAS 2000 - UTM 24S); Codificação: UTF-8
vw_PontosdeOnibus.fid-5b41923a_19c3ec54e70_78d,1164,POINT (-38.470093 -3.75459),2674,"AVENIDA ADENANTERAS, 689",-3.75459,-38.470093,ETUFOR,2022,EPSG: 31984 (SIRGAS 2000 - UTM 24S); Codificação: UTF-8
vw_PontosdeOnibus.fid-5b41923a_19c3ec54e70_78e,1165,POINT (-38.451127 -3.745657),2677,"AVENIDA DIOGUINHO, 3355",-3.745657,-38.451127,ETUFOR,2022,EPSG: 31984 (SIRGAS 2000 - UTM 24S); Codificação: UTF-8
vw_PontosdeOnibus.fid-5b41923a_19c3ec54e70_78f,1166,POINT (-38.449574 -3.748508),2679,"AVENIDA DIOGUINHO, 4046",-3.748508,-38.449574,ETUFOR,2022,EPSG: 31984 (SIRGAS 2000 - UTM 24S); Codificação: UTF-8
vw_PontosdeOnibus.fid-5b41923a_19c3ec54e70_790,1167,POINT (-38.56032 -3.715585),268,"AVENIDA PASTEUR, 1149",-3.715585,-38.56032,ETUFOR,2022,EPSG: 31984 (SIRGAS 2000 - UTM 24S); Codificação: UTF-8
vw_PontosdeOnibus.fid-5b41923a_19c3ec54e70_791,1168,POINT (-38.452305 -3.747857),2680,"AVENIDA SANTOS DUMONT, 8060",-3.747857,-38.452305,ETUFOR,2022,EPSG: 31984 (SIRGAS 2000 - UTM 24S); Codificação: UTF-8
vw_PontosdeOnibus.fid-5b41923a_19c3ec54e70_792,1169,POINT (-38.446605 -3.754544),2683,"AVENIDA DIOGUINHO, SN",-3.754544,-38.446605,ETUFOR,2022,EPSG: 31984 (SIRGAS 2000 - UTM 24S); Codificação: UTF-8
vw_PontosdeOnibus.fid-5b41923a_19c3ec54e70_793,1170,POINT (-38.597798 -3.755211),2685,"AVENIDA SEN FERNANDES TAVORA, 2876",-3.755211,-38.597798,ETUFOR,2022,EPSG: 31984 (SIRGAS 2000 - UTM 24S); Codificação: UTF-8
vw_PontosdeOnibus.fid-5b41923a_19c3ec54e70_794,1171,POINT (-38.597272 -3.755312),2686,"AVENIDA SEN FERNANDES TAVORA, 2820",-3.755312,-38.597272,ETUFOR,2022,EPSG: 31984 (SIRGAS 2000 - UTM 24S); Codificação: UTF-8
vw_PontosdeOnibus.fid-5b41923a_19c3ec54e70_795,1172,POINT (-38.594362 -3.755858),2689,"AVENIDA SEN FERNANDES TAVORA, 2432",-3.755858,-38.594362,ETUFOR,2022,EPSG: 31984 (SIRGAS 2000 - UTM 24S); Codificação: UTF-8
vw_PontosdeOnibus.fid-5b41923a_19c3ec54e70_796,1173,POINT (-38.560197 -3.715213),269,"AVENIDA PASTEUR, 1060",-3.715213,-38.560197,ETUFOR,2022,EPSG: 31984 (SIRGAS 2000 - UTM 24S); Codificação: UTF-8
vw_PontosdeOnibus.fid-5b41923a_19c3ec54e70_797,1174,POINT (-38.595667 -3.755608),2690,"AVENIDA SEN FERNANDES TAVORA, 2472",-3.755608,-38.595667,ETUFOR,2022,EPSG: 31984 (SIRGAS 2000 - UTM 24S); Codificação: UTF-8
vw_PontosdeOnibus.fid-5b41923a_19c3ec54e70_798,1175,POINT (-38.595559 -3.75563),2691,"AVENIDA SEN FERNANDES TAVORA, 2503",-3.75563,-38.595559,ETUFOR,2022,EPSG: 31984 (SIRGAS 2000 - UTM 24S); Codificação: UTF-8
vw_PontosdeOnibus.fid-5b41923a_19c3ec54e70_799,1176,POINT (-38.591005 -3.757473),2694,"AVENIDA SEN FERNANDES TAVORA, 2115",-3.757473,-38.591005,ETUFOR,2022,EPSG: 31984 (SIRGAS 2000 - UTM 24S); Codificação: UTF-8
vw_PontosdeOnibus.fid-5b41923a_19c3ec54e70_79a,1177,POINT (-38.591778 -3.757056),2695,"AVENIDA SEN FERNANDES TAVORA, 2200",-3.757056,-38.591778,ETUFOR,2022,EPSG: 31984 (SIRGAS 2000 - UTM 24S); Codificação: UTF-8
vw_PontosdeOnibus.fid-5b41923a_19c3ec54e70_79b,1178,POINT (-38.593239 -3.756279),2697,"AVENIDA SEN FERNANDES TAVORA, 2354",-3.756279,-38.593239,ETUFOR,2022,EPSG: 31984 (SIRGAS 2000 - UTM 24S); Codificação: UTF-8
vw_PontosdeOnibus.fid-5b41923a_19c3ec54e70_79c,1179,POINT (-38.593111 -3.756347),2698,"AVENIDA SEN FERNANDES TAVORA, 2334",-3.756347,-38.593111,ETUFOR,2022,EPSG: 31984 (SIRGAS 2000 - UTM 24S); Codificação: UTF-8
vw_PontosdeOnibus.fid-5b41923a_19c3ec54e70_79d,1180,POINT (-38.590253 -3.755324),2699,"RUA PRO EDGAR DE ARRUDA, 1780",-3.755324,-38.590253,ETUFOR,2022,EPSG: 31984 (SIRGAS 2000 - UTM 24S); Codificação: UTF-8
vw_PontosdeOnibus.fid-5b41923a_19c3ec54e70_79e,1181,POINT (-38.579905 -3.703782),27,"AVENIDA PRS CASTELO BRANCO, 5471",-3.703782,-38.579905,ETUFOR,2022,EPSG: 31984 (SIRGAS 2000 - UTM 24S); Codificação: UTF-8
vw_PontosdeOnibus.fid-5b41923a_19c3ec54e70_79f,1182,POINT (-38.555216 -3.711973),270,"AVENIDA PRS CASTELO BRANCO, 2973",-3.711973,-38.555216,ETUFOR,2022,EPSG: 31984 (SIRGAS 2000 - UTM 24S); Codificação: UTF-8
vw_PontosdeOnibus.fid-5b41923a_19c3ec54e70_7a0,1183,POINT (-38.598592 -3.761528),2700,"RUA MOCAMBIQUE, 417",-3.761528,-38.598592,ETUFOR,2022,EPSG: 31984 (SIRGAS 2000 - UTM 24S); Codificação: UTF-8
vw_PontosdeOnibus.fid-5b41923a_19c3ec54e70_7a1,1184,POINT (-38.598765 -3.762439),2701,"RUA MOCAMBIQUE, 405",-3.762439,-38.598765,ETUFOR,2022,EPSG: 31984 (SIRGAS 2000 - UTM 24S); Codificação: UTF-8
vw_PontosdeOnibus.fid-5b41923a_19c3ec54e70_7a2,1185,POINT (-38.587937 -3.759103),2704,"AVENIDA SEN FERNANDES TAVORA, 1694",-3.759103,-38.587937,ETUFOR,2022,EPSG: 31984 (SIRGAS 2000 - UTM 24S); Codificação: UTF-8
vw_PontosdeOnibus.fid-5b41923a_19c3ec54e70_7a3,1186,POINT (-38.589046 -3.758505),2705,"AVENIDA SEN FERNANDES TAVORA, S/N",-3.758505,-38.589046,ETUFOR,2022,EPSG: 31984 (SIRGAS 2000 - UTM 24S); Codificação: UTF-8
vw_PontosdeOnibus.fid-5b41923a_19c3ec54e70_7a4,1187,POINT (-38.588166 -3.756434),2707,"RUA PRO EDGAR DE ARRUDA, 1483-B",-3.756434,-38.588166,ETUFOR,2022,EPSG: 31984 (SIRGAS 2000 - UTM 24S); Codificação: UTF-8
vw_PontosdeOnibus.fid-5b41923a_19c3ec54e70_7a5,1188,POINT (-38.555704 -3.7118),271,"AVENIDA PRS CASTELO BRANCO, 2988",-3.7118,-38.555704,ETUFOR,2022,EPSG: 31984 (SIRGAS 2000 - UTM 24S); Codificação: UTF-8
vw_PontosdeOnibus.fid-5b41923a_19c3ec54e70_7a6,1189,POINT (-38.586141 -3.757515),2710,"RUA PRO EDGAR DE ARRUDA, 1262",-3.757515,-38.586141,ETUFOR,2022,EPSG: 31984 (SIRGAS 2000 - UTM 24S); Codificação: UTF-8
vw_PontosdeOnibus.fid-5b41923a_19c3ec54e70_7a7,1190,POINT (-38.583566 -3.755761),2712,"RUA CEL MATOS DOURADO, 333 A",-3.755761,-38.583566,ETUFOR,2022,EPSG: 31984 (SIRGAS 2000 - UTM 24S); Codificação: UTF-8
vw_PontosdeOnibus.fid-5b41923a_19c3ec54e70_7a8,1191,POINT (-38.584565 -3.757662),2713,"RUA CEL MATOS DOURADO, S/N",-3.757662,-38.584565,ETUFOR,2022,EPSG: 31984 (SIRGAS 2000 - UTM 24S); Codificação: UTF-8
vw_PontosdeOnibus.fid-5b41923a_19c3ec54e70_7a9,1192,POINT (-38.5843 -3.755377),2714,"RUA EURICO MEDINA, 170",-3.755377,-38.5843,ETUFOR,2022,EPSG: 31984 (SIRGAS 2000 - UTM 24S); Codificação: UTF-8
vw_PontosdeOnibus.fid-5b41923a_19c3ec54e70_7aa,1193,POINT (-38.584915 -3.756539),2715,"RUA EURICO MEDINA, 316",-3.756539,-38.584915,ETUFOR,2022,EPSG: 31984 (SIRGAS 2000 - UTM 24S); Codificação: UTF-8
vw_PontosdeOnibus.fid-5b41923a_19c3ec54e70_7ab,1194,POINT (-38.583173 -3.75871),2717,"RUA PRO HERIBALDO COSTA, 681",-3.75871,-38.583173,ETUFOR,2022,EPSG: 31984 (SIRGAS 2000 - UTM 24S); Codificação: UTF-8
vw_PontosdeOnibus.fid-5b41923a_19c3ec54e70_7ac,1195,POINT (-38.579925 -3.75831),2718,"RUA MON HIPOLITO BRASIL, 449",-3.75831,-38.579925,ETUFOR,2022,EPSG: 31984 (SIRGAS 2000 - UTM 24S); Codificação: UTF-8
vw_PontosdeOnibus.fid-5b41923a_19c3ec54e70_7ad,1196,POINT (-38.55302 -3.712453),272,"AVENIDA PRS CASTELO BRANCO, 2813",-3.712453,-38.55302,ETUFOR,2022,EPSG: 31984 (SIRGAS 2000 - UTM 24S); Codificação: UTF-8
vw_PontosdeOnibus.fid-5b41923a_19c3ec54e70_7ae,1197,POINT (-38.580945 -3.757769),2720,"RUA MON HIPOLITO BRASIL, 1000",-3.757769,-38.580945,ETUFOR,2022,EPSG: 31984 (SIRGAS 2000 - UTM 24S); Codificação: UTF-8
vw_PontosdeOnibus.fid-5b41923a_19c3ec54e70_7af,1198,POINT (-38.582097 -3.756684),2722,"RUA HERIBALDO COSTA, SN",-3.756684,-38.582097,ETUFOR,2022,EPSG: 31984 (SIRGAS 2000 - UTM 24S); Codificação: UTF-8
vw_PontosdeOnibus.fid-5b41923a_19c3ec54e70_7b0,1199,POINT (-38.58708 -3.759558),2723,"AVENIDA SEN FERNANDES TAVORA, 1607",-3.759558,-38.58708,ETUFOR,2022,EPSG: 31984 (SIRGAS 2000 - UTM 24S); Codificação: UTF-8
vw_PontosdeOnibus.fid-5b41923a_19c3ec54e70_7b1,1200,POINT (-38.586349 -3.761052),2724,"RUA CEL MATOS DOURADO, 934",-3.761052,-38.586349,ETUFOR,2022,EPSG: 31984 (SIRGAS 2000 - UTM 24S); Codificação: UTF-8
vw_PontosdeOnibus.fid-5b41923a_19c3ec54e70_7b2,1201,POINT (-38.587539 -3.763319),2725,"RUA VITORIA, 1260",-3.763319,-38.587539,ETUFOR,2022,EPSG: 31984 (SIRGAS 2000 - UTM 24S); Codificação: UTF-8
vw_PontosdeOnibus.fid-5b41923a_19c3ec54e70_7b3,1202,POINT (-38.58404 -3.761187),2727,"AVENIDA SEN FERNANDES TAVORA, 1336",-3.761187,-38.58404,ETUFOR,2022,EPSG: 31984 (SIRGAS 2000 - UTM 24S); Codificação: UTF-8
vw_PontosdeOnibus.fid-5b41923a_19c3ec54e70_7b4,1203,POINT (-38.584096 -3.761158),2728,"AVENIDA SEN FERNANDES TAVORA, 1255",-3.761158,-38.584096,ETUFOR,2022,EPSG: 31984 (SIRGAS 2000 - UTM 24S); Codificação: UTF-8
vw_PontosdeOnibus.fid-5b41923a_19c3ec54e70_7b5,1204,POINT (-38.585581 -3.760366),2729,"AVENIDA SEN FERNANDES TAVORA, S/N",-3.760366,-38.585581,ETUFOR,2022,EPSG: 31984 (SIRGAS 2000 - UTM 24S); Codificação: UTF-8
vw_PontosdeOnibus.fid-5b41923a_19c3ec54e70_7b6,1205,POINT (-38.553048 -3.712336),273,"AVENIDA PRS CASTELO BRANCO, 2813",-3.712336,-38.553048,ETUFOR,2022,EPSG: 31984 (SIRGAS 2000 - UTM 24S); Codificação: UTF-8
vw_PontosdeOnibus.fid-5b41923a_19c3ec54e70_7b7,1206,POINT (-38.585356 -3.760485),2730,"AVENIDA SEN FERNANDES TAVORA, S/N",-3.760485,-38.585356,ETUFOR,2022,EPSG: 31984 (SIRGAS 2000 - UTM 24S); Codificação: UTF-8
vw_PontosdeOnibus.fid-5b41923a_19c3ec54e70_7b8,1207,POINT (-38.585831 -3.76374),2734,"RUA PRO HERIBALDO COSTA, 1365",-3.76374,-38.585831,ETUFOR,2022,EPSG: 31984 (SIRGAS 2000 - UTM 24S); Codificação: UTF-8
vw_PontosdeOnibus.fid-5b41923a_19c3ec54e70_7b9,1208,POINT (-38.583961 -3.760198),2735,"RUA PRO HERIBALDO COSTA, 892",-3.760198,-38.583961,ETUFOR,2022,EPSG: 31984 (SIRGAS 2000 - UTM 24S); Codificação: UTF-8
vw_PontosdeOnibus.fid-5b41923a_19c3ec54e70_7ba,1209,POINT (-38.579736 -3.763487),2736,"AVENIDA GUARANI, 760",-3.763487,-38.579736,ETUFOR,2022,EPSG: 31984 (SIRGAS 2000 - UTM 24S); Codificação: UTF-8
vw_PontosdeOnibus.fid-5b41923a_19c3ec54e70_7bb,1210,POINT (-38.579859 -3.763421),2737,"AVENIDA FERNANDES TÁVORA, 738",-3.763421,-38.579859,ETUFOR,2022,EPSG: 31984 (SIRGAS 2000 - UTM 24S); Codificação: UTF-8
vw_PontosdeOnibus.fid-5b41923a_19c3ec54e70_7bc,1211,POINT (-38.581997 -3.762277),2738,"AVENIDA SEN FERNANDES TAVORA, 960",-3.762277,-38.581997,ETUFOR,2022,EPSG: 31984 (SIRGAS 2000 - UTM 24S); Codificação: UTF-8
vw_PontosdeOnibus.fid-5b41923a_19c3ec54e70_7bd,1212,POINT (-38.550552 -3.71279),274,"RUA FRANCISCO CORDEIRO, 191",-3.71279,-38.550552,ETUFOR,2022,EPSG: 31984 (SIRGAS 2000 - UTM 24S); Codificação: UTF-8
vw_PontosdeOnibus.fid-5b41923a_19c3ec54e70_7be,1213,POINT (-38.579877 -3.760881),2740,"RUA PRO EDGAR DE ARRUDA, 480",-3.760881,-38.579877,ETUFOR,2022,EPSG: 31984 (SIRGAS 2000 - UTM 24S); Codificação: UTF-8
vw_PontosdeOnibus.fid-5b41923a_19c3ec54e70_7bf,1214,POINT (-38.579769 -3.760934),2741,"RUA PRO EDGAR DE ARRUDA, S/N",-3.760934,-38.579769,ETUFOR,2022,EPSG: 31984 (SIRGAS 2000 - UTM 24S); Codificação: UTF-8
vw_PontosdeOnibus.fid-5b41923a_19c3ec54e70_7c0,1215,POINT (-38.580423 -3.760051),2742,"RUA PDE SA LEITAO, 380",-3.760051,-38.580423,ETUFOR,2022,EPSG: 31984 (SIRGAS 2000 - UTM 24S); Codificação: UTF-8
vw_PontosdeOnibus.fid-5b41923a_19c3ec54e70_7c1,1216,POINT (-38.580365 -3.759941),2743,"RUA PDE SA LEITAO, 345",-3.759941,-38.580365,ETUFOR,2022,EPSG: 31984 (SIRGAS 2000 - UTM 24S); Codificação: UTF-8
vw_PontosdeOnibus.fid-5b41923a_19c3ec54e70_7c2,1217,POINT (-38.579268 -3.759923),2744,"RUA RENATO VIANA MORAIS, 351",-3.759923,-38.579268,ETUFOR,2022,EPSG: 31984 (SIRGAS 2000 - UTM 24S); Codificação: UTF-8
vw_PontosdeOnibus.fid-5b41923a_19c3ec54e70_7c3,1218,POINT (-38.579187 -3.759965),2745,"RUA RENATO VIANA MORAIS, 344",-3.759965,-38.579187,ETUFOR,2022,EPSG: 31984 (SIRGAS 2000 - UTM 24S); Codificação: UTF-8
vw_PontosdeOnibus.fid-5b41923a_19c3ec54e70_7c4,1219,POINT (-38.578334 -3.759171),2746,"RUA MON HIPOLITO BRASIL, 449",-3.759171,-38.578334,ETUFOR,2022,EPSG: 31984 (SIRGAS 2000 - UTM 24S); Codificação: UTF-8
vw_PontosdeOnibus.fid-5b41923a_19c3ec54e70_7c5,1220,POINT (-38.576936 -3.758961),2748,"AVENIDA CARNEIRO DE MENDONCA, 2197",-3.758961,-38.576936,ETUFOR,2022,EPSG: 31984 (SIRGAS 2000 - UTM 24S); Codificação: UTF-8
vw_PontosdeOnibus.fid-5b41923a_19c3ec54e70_7c6,1221,POINT (-38.578834 -3.756695),2749,"RUA PICI, 110",-3.756695,-38.578834,ETUFOR,2022,EPSG: 31984 (SIRGAS 2000 - UTM 24S); Codificação: UTF-8
vw_PontosdeOnibus.fid-5b41923a_19c3ec54e70_7c7,1222,POINT (-38.550558 -3.711112),275,"RUA NOSSA SRA DAS GRACAS, 268",-3.711112,-38.550558,ETUFOR,2022,EPSG: 31984 (SIRGAS 2000 - UTM 24S); Codificação: UTF-8
vw_PontosdeOnibus.fid-5b41923a_19c3ec54e70_7c8,1223,POINT (-38.572148 -3.761923),2756,"RUA NONOEL LOURENÇO, S/N",-3.761923,-38.572148,ETUFOR,2022,EPSG: 31984 (SIRGAS 2000 - UTM 24S); Codificação: UTF-8
vw_PontosdeOnibus.fid-5b41923a_19c3ec54e70_7c9,1224,POINT (-38.569196 -3.755892),2758,"RUA ESTADO DO RIO, 611 B",-3.755892,-38.569196,ETUFOR,2022,EPSG: 31984 (SIRGAS 2000 - UTM 24S); Codificação: UTF-8
vw_PontosdeOnibus.fid-5b41923a_19c3ec54e70_7ca,1225,POINT (-38.568486 -3.754763),2759,"RUA ESTADO DO RIO, 517",-3.754763,-38.568486,ETUFOR,2022,EPSG: 31984 (SIRGAS 2000 - UTM 24S); Codificação: UTF-8
vw_PontosdeOnibus.fid-5b41923a_19c3ec54e70_7cb,1226,POINT (-38.55078 -3.711026),276,"RUA NOSSA SRA DAS GRACAS, 276/B",-3.711026,-38.55078,ETUFOR,2022,EPSG: 31984 (SIRGAS 2000 - UTM 24S); Codificação: UTF-8
vw_PontosdeOnibus.fid-5b41923a_19c3ec54e70_7cc,1227,POINT (-38.571101 -3.758854),2764,"RUA ESTADO DO RIO, 942",-3.758854,-38.571101,ETUFOR,2022,EPSG: 31984 (SIRGAS 2000 - UTM 24S); Codificação: UTF-8
vw_PontosdeOnibus.fid-5b41923a_19c3ec54e70_7cd,1228,POINT (-38.576294 -3.76151),2765,"RUA RENATO VIANA, 125",-3.76151,-38.576294,ETUFOR,2022,EPSG: 31984 (SIRGAS 2000 - UTM 24S); Codificação: UTF-8
vw_PontosdeOnibus.fid-5b41923a_19c3ec54e70_7ce,1229,POINT (-38.576239 -3.761539),2766,"RUA RENATO VIANA, 109",-3.761539,-38.576239,ETUFOR,2022,EPSG: 31984 (SIRGAS 2000 - UTM 24S); Codificação: UTF-8
vw_PontosdeOnibus.fid-5b41923a_19c3ec54e70_7cf,1230,POINT (-38.577468 -3.760887),2767,"RUA BRI TORRES, 286",-3.760887,-38.577468,ETUFOR,2022,EPSG: 31984 (SIRGAS 2000 - UTM 24S); Codificação: UTF-8
vw_PontosdeOnibus.fid-5b41923a_19c3ec54e70_7d0,1231,POINT (-38.577548 -3.760845),2768,"RUA RENATO VIANA, 286",-3.760845,-38.577548,ETUFOR,2022,EPSG: 31984 (SIRGAS 2000 - UTM 24S); Codificação: UTF-8
vw_PontosdeOnibus.fid-5b41923a_19c3ec54e70_7d1,1232,POINT (-38.577732 -3.762),2769,"RUA PRO EUGENIO ARRUDA, 231",-3.762,-38.577732,ETUFOR,2022,EPSG: 31984 (SIRGAS 2000 - UTM 24S); Codificação: UTF-8
vw_PontosdeOnibus.fid-5b41923a_19c3ec54e70_7d2,1233,POINT (-38.549254 -3.713441),277,"AVENIDA PRS CASTELO BRANCO, 2426",-3.713441,-38.549254,ETUFOR,2022,EPSG: 31984 (SIRGAS 2000 - UTM 24S); Codificação: UTF-8
vw_PontosdeOnibus.fid-5b41923a_19c3ec54e70_7d3,1234,POINT (-38.577601 -3.762071),2770,"RUA PRO EUGENIO ARRUDA, 250",-3.762071,-38.577601,ETUFOR,2022,EPSG: 31984 (SIRGAS 2000 - UTM 24S); Codificação: UTF-8
vw_PontosdeOnibus.fid-5b41923a_19c3ec54e70_7d4,1235,POINT (-38.572483 -3.761046),2772,"AVENIDA CARNEIRO DE MENDONCA, SN",-3.761046,-38.572483,ETUFOR,2022,EPSG: 31984 (SIRGAS 2000 - UTM 24S); Codificação: UTF-8
vw_PontosdeOnibus.fid-5b41923a_19c3ec54e70_7d5,1236,POINT (-38.574304 -3.760866),2773,"AVENIDA LINEU MACHADO, 72",-3.760866,-38.574304,ETUFOR,2022,EPSG: 31984 (SIRGAS 2000 - UTM 24S); Codificação: UTF-8
vw_PontosdeOnibus.fid-5b41923a_19c3ec54e70_7d6,1237,POINT (-38.57042 -3.763194),2778,"RUA RIO GRANDE DO SUL, 1728",-3.763194,-38.57042,ETUFOR,2022,EPSG: 31984 (SIRGAS 2000 - UTM 24S); Codificação: UTF-8
vw_PontosdeOnibus.fid-5b41923a_19c3ec54e70_7d7,1238,POINT (-38.570692 -3.762005),2779,"AVENIDA CARNEIRO DE MENDONCA, 1302",-3.762005,-38.570692,ETUFOR,2022,EPSG: 31984 (SIRGAS 2000 - UTM 24S); Codificação: UTF-8
vw_PontosdeOnibus.fid-5b41923a_19c3ec54e70_7d8,1239,POINT (-38.549774 -3.713406),278,"AVENIDA PRS CASTELO BRANCO, 2441",-3.713406,-38.549774,ETUFOR,2022,EPSG: 31984 (SIRGAS 2000 - UTM 24S); Codificação: UTF-8
vw_PontosdeOnibus.fid-5b41923a_19c3ec54e70_7d9,1240,POINT (-38.56872 -3.760417),2782,"RUA RIO GRANDE DO SUL, 1390",-3.760417,-38.56872,ETUFOR,2022,EPSG: 31984 (SIRGAS 2000 - UTM 24S); Codificação: UTF-8
vw_PontosdeOnibus.fid-5b41923a_19c3ec54e70_7da,1241,POINT (-38.56766 -3.758773),2786,"RUA RIO GRANDE DO SUL, 1170",-3.758773,-38.56766,ETUFOR,2022,EPSG: 31984 (SIRGAS 2000 - UTM 24S); Codificação: UTF-8
vw_PontosdeOnibus.fid-5b41923a_19c3ec54e70_7db,1242,POINT (-38.566313 -3.758581),2787,"RUA CEARA, 1033",-3.758581,-38.566313,ETUFOR,2022,EPSG: 31984 (SIRGAS 2000 - UTM 24S); Codificação: UTF-8
vw_PontosdeOnibus.fid-5b41923a_19c3ec54e70_7dc,1243,POINT (-38.562596 -3.757856),2788,"AVENIDA AMÉRICO BARREIRA, 5284",-3.757856,-38.562596,ETUFOR,2022,EPSG: 31984 (SIRGAS 2000 - UTM 24S); Codificação: UTF-8
vw_PontosdeOnibus.fid-5b41923a_19c3ec54e70_7dd,1244,POINT (-38.54823 -3.712884),279,"RUA DOM QUINTINO, 235",-3.712884,-38.54823,ETUFOR,2022,EPSG: 31984 (SIRGAS 2000 - UTM 24S); Codificação: UTF-8
vw_PontosdeOnibus.fid-5b41923a_19c3ec54e70_7de,1245,POINT (-38.562583 -3.75809),2790,"AVENIDA AMÉRICO BARREIRA, 4999",-3.75809,-38.562583,ETUFOR,2022,EPSG: 31984 (SIRGAS 2000 - UTM 24S); Codificação: UTF-8
vw_PontosdeOnibus.fid-5b41923a_19c3ec54e70_7df,1246,POINT (-38.559815 -3.757125),2792,"AVENIDA AMÉRICO BARREIRA, S/N4855",-3.757125,-38.559815,ETUFOR,2022,EPSG: 31984 (SIRGAS 2000 - UTM 24S); Codificação: UTF-8
vw_PontosdeOnibus.fid-5b41923a_19c3ec54e70_7e0,1247,POINT (-38.557681 -3.757025),2793,"AVENIDA JOSE BASTOS, SN",-3.757025,-38.557681,ETUFOR,2022,EPSG: 31984 (SIRGAS 2000 - UTM 24S); Codificação: UTF-8
vw_PontosdeOnibus.fid-5b41923a_19c3ec54e70_7e1,1248,POINT (-38.56619 -3.763047),2795,"AVENIDA AMÉRICO BARREIRA, 5868",-3.763047,-38.56619,ETUFOR,2022,EPSG: 31984 (SIRGAS 2000 - UTM 24S); Codificação: UTF-8
vw_PontosdeOnibus.fid-5b41923a_19c3ec54e70_7e2,1249,POINT (-38.56484 -3.760991),2796,"AVENIDA AMÉRICO BARREIRA, 5626",-3.760991,-38.56484,ETUFOR,2022,EPSG: 31984 (SIRGAS 2000 - UTM 24S); Codificação: UTF-8
vw_PontosdeOnibus.fid-5b41923a_19c3ec54e70_7e3,1250,POINT (-38.566064 -3.763128),2797,"AVENIDA AMÉRICO BARREIRA, 5855",-3.763128,-38.566064,ETUFOR,2022,EPSG: 31984 (SIRGAS 2000 - UTM 24S); Codificação: UTF-8
vw_PontosdeOnibus.fid-5b41923a_19c3ec54e70_7e4,1251,POINT (-38.564602 -3.760876),2798,"AVENIDA AMÉRICO BARREIRA, 5559",-3.760876,-38.564602,ETUFOR,2022,EPSG: 31984 (SIRGAS 2000 - UTM 24S); Codificação: UTF-8
vw_PontosdeOnibus.fid-5b41923a_19c3ec54e70_7e5,1252,POINT (-38.554957 -3.758576),2799,"AVENIDA JOAO PESSOA, 5412",-3.758576,-38.554957,ETUFOR,2022,EPSG: 31984 (SIRGAS 2000 - UTM 24S); Codificação: UTF-8
vw_PontosdeOnibus.fid-5b41923a_19c3ec54e70_7e6,1253,POINT (-38.579853 -3.703621),28,"AVENIDA PRS CASTELO BRANCO, 5478",-3.703621,-38.579853,ETUFOR,2022,EPSG: 31984 (SIRGAS 2000 - UTM 24S); Codificação: UTF-8
vw_PontosdeOnibus.fid-5b41923a_19c3ec54e70_7e7,1254,POINT (-38.548944 -3.711816),280,"RUA NOSSA SRA DAS GRACAS, 90",-3.711816,-38.548944,ETUFOR,2022,EPSG: 31984 (SIRGAS 2000 - UTM 24S); Codificação: UTF-8
vw_PontosdeOnibus.fid-5b41923a_19c3ec54e70_7e8,1255,POINT (-38.554208 -3.757738),2800,"AVENIDA JOAO PESSOA, 5300",-3.757738,-38.554208,ETUFOR,2022,EPSG: 31984 (SIRGAS 2000 - UTM 24S); Codificação: UTF-8
vw_PontosdeOnibus.fid-5b41923a_19c3ec54e70_7e9,1256,POINT (-38.555882 -3.755331),2801,"AVENIDA JOSE BASTOS, SN",-3.755331,-38.555882,ETUFOR,2022,EPSG: 31984 (SIRGAS 2000 - UTM 24S); Codificação: UTF-8
vw_PontosdeOnibus.fid-5b41923a_19c3ec54e70_7ea,1257,POINT (-38.555652 -3.755261),2802,"AVENIDA JOSE BASTOS, SN",-3.755261,-38.555652,ETUFOR,2022,EPSG: 31984 (SIRGAS 2000 - UTM 24S); Codificação: UTF-8
vw_PontosdeOnibus.fid-5b41923a_19c3ec54e70_7eb,1258,POINT (-38.550333 -3.758906),2804,"RUA JULIO CESAR   (D12), 2018",-3.758906,-38.550333,ETUFOR,2022,EPSG: 31984 (SIRGAS 2000 - UTM 24S); Codificação: UTF-8
vw_PontosdeOnibus.fid-5b41923a_19c3ec54e70_7ec,1259,POINT (-38.553112 -3.756499),2805,"AVENIDA JOAO PESSOA, 5126",-3.756499,-38.553112,ETUFOR,2022,EPSG: 31984 (SIRGAS 2000 - UTM 24S); Codificação: UTF-8
vw_PontosdeOnibus.fid-5b41923a_19c3ec54e70_7ed,1260,POINT (-38.552846 -3.75615),2806,"AVENIDA JOAO PESSOA, 5052",-3.75615,-38.552846,ETUFOR,2022,EPSG: 31984 (SIRGAS 2000 - UTM 24S); Codificação: UTF-8
vw_PontosdeOnibus.fid-5b41923a_19c3ec54e70_7ee,1261,POINT (-38.551386 -3.754561),2807,"AVENIDA JOAO PESSOA, 4820",-3.754561,-38.551386,ETUFOR,2022,EPSG: 31984 (SIRGAS 2000 - UTM 24S); Codificação: UTF-8
vw_PontosdeOnibus.fid-5b41923a_19c3ec54e70_7ef,1262,POINT (-38.549383 -3.757714),2808,"RUA JULIO CESAR   (D12), 1850",-3.757714,-38.549383,ETUFOR,2022,EPSG: 31984 (SIRGAS 2000 - UTM 24S); Codificação: UTF-8
vw_PontosdeOnibus.fid-5b41923a_19c3ec54e70_7f0,1263,POINT (-38.557001 -3.717519),281,"AVENIDA FRANCISCO SA, 3583",-3.717519,-38.557001,ETUFOR,2022,EPSG: 31984 (SIRGAS 2000 - UTM 24S); Codificação: UTF-8
vw_PontosdeOnibus.fid-5b41923a_19c3ec54e70_7f1,1264,POINT (-38.547084 -3.756208),2810,"RUA FRE ORLANDO, 300",-3.756208,-38.547084,ETUFOR,2022,EPSG: 31984 (SIRGAS 2000 - UTM 24S); Codificação: UTF-8
vw_PontosdeOnibus.fid-5b41923a_19c3ec54e70_7f2,1265,POINT (-38.5479 -3.75719),2811,"RUA FRE ORLANDO, 438",-3.75719,-38.5479,ETUFOR,2022,EPSG: 31984 (SIRGAS 2000 - UTM 24S); Codificação: UTF-8
vw_PontosdeOnibus.fid-5b41923a_19c3ec54e70_7f3,1266,POINT (-38.549457 -3.759083),2812,"RUA FRE ORLANDO, 610",-3.759083,-38.549457,ETUFOR,2022,EPSG: 31984 (SIRGAS 2000 - UTM 24S); Codificação: UTF-8
vw_PontosdeOnibus.fid-5b41923a_19c3ec54e70_7f4,1267,POINT (-38.554481 -3.763011),2814,"RUA JOAO FIRMINO, 471",-3.763011,-38.554481,ETUFOR,2022,EPSG: 31984 (SIRGAS 2000 - UTM 24S); Codificação: UTF-8
vw_PontosdeOnibus.fid-5b41923a_19c3ec54e70_7f5,1268,POINT (-38.555947 -3.759659),2815,"AVENIDA JOAO PESSOA, S/R",-3.759659,-38.555947,ETUFOR,2022,EPSG: 31984 (SIRGAS 2000 - UTM 24S); Codificação: UTF-8
vw_PontosdeOnibus.fid-5b41923a_19c3ec54e70_7f6,1269,POINT (-38.556114 -3.759849),2816,"AVENIDA JOAO PESSOA, 5586",-3.759849,-38.556114,ETUFOR,2022,EPSG: 31984 (SIRGAS 2000 - UTM 24S); Codificação: UTF-8
vw_PontosdeOnibus.fid-5b41923a_19c3ec54e70_7f7,1270,POINT (-38.552908 -3.761248),2818,"RUA JOAO FIRMINO, 255",-3.761248,-38.552908,ETUFOR,2022,EPSG: 31984 (SIRGAS 2000 - UTM 24S); Codificação: UTF-8
vw_PontosdeOnibus.fid-5b41923a_19c3ec54e70_7f8,1271,POINT (-38.551599 -3.759719),2819,"RUA JOAO FIRMINO, 68",-3.759719,-38.551599,ETUFOR,2022,EPSG: 31984 (SIRGAS 2000 - UTM 24S); Codificação: UTF-8
vw_PontosdeOnibus.fid-5b41923a_19c3ec54e70_7f9,1272,POINT (-38.546573 -3.717271),282,"RUA JACINTO MATOS, 701",-3.717271,-38.546573,ETUFOR,2022,EPSG: 31984 (SIRGAS 2000 - UTM 24S); Codificação: UTF-8
vw_PontosdeOnibus.fid-5b41923a_19c3ec54e70_7fa,1273,POINT (-38.547564 -3.763428),2821,"AVENIDA PRO GOMES DE MATOS, 1285",-3.763428,-38.547564,ETUFOR,2022,EPSG: 31984 (SIRGAS 2000 - UTM 24S); Codificação: UTF-8
vw_PontosdeOnibus.fid-5b41923a_19c3ec54e70_7fb,1274,POINT (-38.547784 -3.762363),2822,"RUA ALBERTO MAGNO, 760",-3.762363,-38.547784,ETUFOR,2022,EPSG: 31984 (SIRGAS 2000 - UTM 24S); Codificação: UTF-8
vw_PontosdeOnibus.fid-5b41923a_19c3ec54e70_7fc,1275,POINT (-38.543175 -3.75831),2823,"AVENIDA PRO GOMES DE MATOS, 576",-3.75831,-38.543175,ETUFOR,2022,EPSG: 31984 (SIRGAS 2000 - UTM 24S); Codificação: UTF-8
vw_PontosdeOnibus.fid-5b41923a_19c3ec54e70_7fd,1276,POINT (-38.544672 -3.758808),2824,"RUA ALBERTO MAGNO, 300",-3.758808,-38.544672,ETUFOR,2022,EPSG: 31984 (SIRGAS 2000 - UTM 24S); Codificação: UTF-8
vw_PontosdeOnibus.fid-5b41923a_19c3ec54e70_7fe,1277,POINT (-38.543025 -3.756943),2825,"RUA ALBERTO MAGNO, 119",-3.756943,-38.543025,ETUFOR,2022,EPSG: 31984 (SIRGAS 2000 - UTM 24S); Codificação: UTF-8
vw_PontosdeOnibus.fid-5b41923a_19c3ec54e70_7ff,1278,POINT (-38.544384 -3.755473),2826,"RUA SAMUEL UCHOA, 413",-3.755473,-38.544384,ETUFOR,2022,EPSG: 31984 (SIRGAS 2000 - UTM 24S); Codificação: UTF-8
vw_PontosdeOnibus.fid-5b41923a_19c3ec54e70_800,1279,POINT (-38.546042 -3.754947),2827,"RUA FRE ORLANDO, 23",-3.754947,-38.546042,ETUFOR,2022,EPSG: 31984 (SIRGAS 2000 - UTM 24S); Codificação: UTF-8
vw_PontosdeOnibus.fid-5b41923a_19c3ec54e70_801,1280,POINT (-38.54569 -3.755759),2828,"RUA PRO COSTA MENDES, 539",-3.755759,-38.54569,ETUFOR,2022,EPSG: 31984 (SIRGAS 2000 - UTM 24S); Codificação: UTF-8
vw_PontosdeOnibus.fid-5b41923a_19c3ec54e70_802,1281,POINT (-38.540281 -3.754932),2829,"AVENIDA PRO GOMES DE MATOS, 36",-3.754932,-38.540281,ETUFOR,2022,EPSG: 31984 (SIRGAS 2000 - UTM 24S); Codificação: UTF-8
vw_PontosdeOnibus.fid-5b41923a_19c3ec54e70_803,1282,POINT (-38.541829 -3.756742),2830,"AVENIDA SANTANA DO CARIRI, 309",-3.756742,-38.541829,ETUFOR,2022,EPSG: 31984 (SIRGAS 2000 - UTM 24S); Codificação: UTF-8
vw_PontosdeOnibus.fid-5b41923a_19c3ec54e70_804,1283,POINT (-38.539189 -3.758531),2831,"AVENIDA EXPEDICIONARIOS, 1581",-3.758531,-38.539189,ETUFOR,2022,EPSG: 31984 (SIRGAS 2000 - UTM 24S); Codificação: UTF-8
vw_PontosdeOnibus.fid-5b41923a_19c3ec54e70_805,1284,POINT (-38.539323 -3.758734),2832,"AVENIDA DOS EXPEDICIONARIOS, 4610",-3.758734,-38.539323,ETUFOR,2022,EPSG: 31984 (SIRGAS 2000 - UTM 24S); Codificação: UTF-8
vw_PontosdeOnibus.fid-5b41923a_19c3ec54e70_806,1285,POINT (-38.53864 -3.756481),2833,"AVENIDA DOS EXPEDICIONARIOS, 4333",-3.756481,-38.53864,ETUFOR,2022,EPSG: 31984 (SIRGAS 2000 - UTM 24S); Codificação: UTF-8
vw_PontosdeOnibus.fid-5b41923a_19c3ec54e70_807,1286,POINT (-38.538389 -3.755935),2834,"AVENIDA DOS EXPEDICIONARIOS, 4285",-3.755935,-38.538389,ETUFOR,2022,EPSG: 31984 (SIRGAS 2000 - UTM 24S); Codificação: UTF-8
vw_PontosdeOnibus.fid-5b41923a_19c3ec54e70_808,1287,POINT (-38.544745 -3.760138),2835,"AVENIDA PRO GOMES DE MATOS, 785",-3.760138,-38.544745,ETUFOR,2022,EPSG: 31984 (SIRGAS 2000 - UTM 24S); Codificação: UTF-8
vw_PontosdeOnibus.fid-5b41923a_19c3ec54e70_809,1288,POINT (-38.545906 -3.761491),2836,"AVENIDA PRO GOMES DE MATOS, 1005",-3.761491,-38.545906,ETUFOR,2022,EPSG: 31984 (SIRGAS 2000 - UTM 24S); Codificação: UTF-8
vw_PontosdeOnibus.fid-5b41923a_19c3ec54e70_80a,1289,POINT (-38.546408 -3.760786),2837,"RUA ALBERTO MAGNO, 541",-3.760786,-38.546408,ETUFOR,2022,EPSG: 31984 (SIRGAS 2000 - UTM 24S); Codificação: UTF-8
vw_PontosdeOnibus.fid-5b41923a_19c3ec54e70_80b,1290,POINT (-38.540741 -3.763393),2838,"AVENIDA DOS EXPEDICIONARIOS, 4970",-3.763393,-38.540741,ETUFOR,2022,EPSG: 31984 (SIRGAS 2000 - UTM 24S); Codificação: UTF-8
vw_PontosdeOnibus.fid-5b41923a_19c3ec54e70_80c,1291,POINT (-38.540696 -3.763506),2839,"AVENIDA EXPEDICIONARIOS, 4995",-3.763506,-38.540696,ETUFOR,2022,EPSG: 31984 (SIRGAS 2000 - UTM 24S); Codificação: UTF-8
vw_PontosdeOnibus.fid-5b41923a_19c3ec54e70_80d,1374,POINT (-38.536731 -3.766752),2945,"RUA ALM RUFINO, 772",-3.766752,-38.536731,ETUFOR,2022,EPSG: 31984 (SIRGAS 2000 - UTM 24S); Codificação: UTF-8
vw_PontosdeOnibus.fid-5b41923a_19c3ec54e70_80e,1292,POINT (-38.547115 -3.714154),284,"AVENIDA PRS CASTELO BRANCO, 2195",-3.714154,-38.547115,ETUFOR,2022,EPSG: 31984 (SIRGAS 2000 - UTM 24S); Codificação: UTF-8
vw_PontosdeOnibus.fid-5b41923a_19c3ec54e70_80f,1293,POINT (-38.540091 -3.761502),2840,"AVENIDA EXPEDICIONARIOS, 4821",-3.761502,-38.540091,ETUFOR,2022,EPSG: 31984 (SIRGAS 2000 - UTM 24S); Codificação: UTF-8
vw_PontosdeOnibus.fid-5b41923a_19c3ec54e70_810,1294,POINT (-38.540011 -3.760988),2841,"AVENIDA DOS EXPEDICIONARIOS, 5150",-3.760988,-38.540011,ETUFOR,2022,EPSG: 31984 (SIRGAS 2000 - UTM 24S); Codificação: UTF-8
vw_PontosdeOnibus.fid-5b41923a_19c3ec54e70_811,1295,POINT (-38.535767 -3.762102),2842,"AVENIDA LUCIANO CARNEIRO, 1612",-3.762102,-38.535767,ETUFOR,2022,EPSG: 31984 (SIRGAS 2000 - UTM 24S); Codificação: UTF-8
vw_PontosdeOnibus.fid-5b41923a_19c3ec54e70_812,1296,POINT (-38.536212 -3.76358),2843,"AVENIDA LUCIANO CARNEIRO, 1770",-3.76358,-38.536212,ETUFOR,2022,EPSG: 31984 (SIRGAS 2000 - UTM 24S); Codificação: UTF-8
vw_PontosdeOnibus.fid-5b41923a_19c3ec54e70_813,1297,POINT (-38.534401 -3.756116),2845,"AVENIDA BORGES DE MELO, 1771",-3.756116,-38.534401,ETUFOR,2022,EPSG: 31984 (SIRGAS 2000 - UTM 24S); Codificação: UTF-8
vw_PontosdeOnibus.fid-5b41923a_19c3ec54e70_814,1298,POINT (-38.534258 -3.756891),2847,"AVENIDA LUCIANO CARNEIRO, 1110",-3.756891,-38.534258,ETUFOR,2022,EPSG: 31984 (SIRGAS 2000 - UTM 24S); Codificação: UTF-8
vw_PontosdeOnibus.fid-5b41923a_19c3ec54e70_815,1299,POINT (-38.53389 -3.755968),2848,"AVENIDA LUCIANO CARNEIRO, 869",-3.755968,-38.53389,ETUFOR,2022,EPSG: 31984 (SIRGAS 2000 - UTM 24S); Codificação: UTF-8
vw_PontosdeOnibus.fid-5b41923a_19c3ec54e70_816,1300,POINT (-38.55597 -3.782017),285,"AVENIDA DEDE BRASIL, 1151",-3.782017,-38.55597,ETUFOR,2022,EPSG: 31984 (SIRGAS 2000 - UTM 24S); Codificação: UTF-8
vw_PontosdeOnibus.fid-5b41923a_19c3ec54e70_817,1301,POINT (-38.531206 -3.757169),2850,"AVENIDA OSWALDO STUDART, S/R",-3.757169,-38.531206,ETUFOR,2022,EPSG: 31984 (SIRGAS 2000 - UTM 24S); Codificação: UTF-8
vw_PontosdeOnibus.fid-5b41923a_19c3ec54e70_818,1302,POINT (-38.528366 -3.755113),2852,"RUA GRACILIANO RAMOS, 278",-3.755113,-38.528366,ETUFOR,2022,EPSG: 31984 (SIRGAS 2000 - UTM 24S); Codificação: UTF-8
vw_PontosdeOnibus.fid-5b41923a_19c3ec54e70_819,1303,POINT (-38.53496 -3.759143),2856,"AVENIDA LUCIANO CARNEIRO, 1320",-3.759143,-38.53496,ETUFOR,2022,EPSG: 31984 (SIRGAS 2000 - UTM 24S); Codificação: UTF-8
vw_PontosdeOnibus.fid-5b41923a_19c3ec54e70_81a,1304,POINT (-38.535106 -3.759927),2857,"AVENIDA LUCIANO CARNEIRO, 1333",-3.759927,-38.535106,ETUFOR,2022,EPSG: 31984 (SIRGAS 2000 - UTM 24S); Codificação: UTF-8
vw_PontosdeOnibus.fid-5b41923a_19c3ec54e70_81b,1305,POINT (-38.530133 -3.759966),2858,"AVENIDA BORGES DE MELO, 1307",-3.759966,-38.530133,ETUFOR,2022,EPSG: 31984 (SIRGAS 2000 - UTM 24S); Codificação: UTF-8
vw_PontosdeOnibus.fid-5b41923a_19c3ec54e70_81c,1306,POINT (-38.530618 -3.7626),2859,"RUA JORGE ACURCIO, 312",-3.7626,-38.530618,ETUFOR,2022,EPSG: 31984 (SIRGAS 2000 - UTM 24S); Codificação: UTF-8
vw_PontosdeOnibus.fid-5b41923a_19c3ec54e70_81d,1307,POINT (-38.555687 -3.782276),286,"AVENIDA DEDÉ BRASIL, 1163",-3.782276,-38.555687,ETUFOR,2022,EPSG: 31984 (SIRGAS 2000 - UTM 24S); Codificação: UTF-8
vw_PontosdeOnibus.fid-5b41923a_19c3ec54e70_81e,1308,POINT (-38.531583 -3.762011),2860,"RUA FRANCISCO LORDA, 260",-3.762011,-38.531583,ETUFOR,2022,EPSG: 31984 (SIRGAS 2000 - UTM 24S); Codificação: UTF-8
vw_PontosdeOnibus.fid-5b41923a_19c3ec54e70_81f,1309,POINT (-38.527658 -3.760575),2863,"AVENIDA BORGES DE MELO, 910",-3.760575,-38.527658,ETUFOR,2022,EPSG: 31984 (SIRGAS 2000 - UTM 24S); Codificação: UTF-8
vw_PontosdeOnibus.fid-5b41923a_19c3ec54e70_820,1310,POINT (-38.525897 -3.760644),2864,"AVENIDA BORGES DE MELO, 764",-3.760644,-38.525897,ETUFOR,2022,EPSG: 31984 (SIRGAS 2000 - UTM 24S); Codificação: UTF-8
vw_PontosdeOnibus.fid-5b41923a_19c3ec54e70_821,1311,POINT (-38.525893 -3.760764),2865,"AVENIDA BORGES DE MELO, 855",-3.760764,-38.525893,ETUFOR,2022,EPSG: 31984 (SIRGAS 2000 - UTM 24S); Codificação: UTF-8
vw_PontosdeOnibus.fid-5b41923a_19c3ec54e70_822,1312,POINT (-38.576947 -3.764975),2866,"AVENIDA SEN FERNANDES TAVORA, 440",-3.764975,-38.576947,ETUFOR,2022,EPSG: 31984 (SIRGAS 2000 - UTM 24S); Codificação: UTF-8
vw_PontosdeOnibus.fid-5b41923a_19c3ec54e70_823,1313,POINT (-38.576934 -3.765959),2868,"AVENIDA LINEU MACHADO, 657",-3.765959,-38.576934,ETUFOR,2022,EPSG: 31984 (SIRGAS 2000 - UTM 24S); Codificação: UTF-8
vw_PontosdeOnibus.fid-5b41923a_19c3ec54e70_824,1314,POINT (-38.576879 -3.765851),2869,"AVENIDA LINEU MACHADO, 657",-3.765851,-38.576879,ETUFOR,2022,EPSG: 31984 (SIRGAS 2000 - UTM 24S); Codificação: UTF-8
vw_PontosdeOnibus.fid-5b41923a_19c3ec54e70_825,1315,POINT (-38.554412 -3.783257),287,"AVENIDA DEDÉ BRASIL, 1341",-3.783257,-38.554412,ETUFOR,2022,EPSG: 31984 (SIRGAS 2000 - UTM 24S); Codificação: UTF-8
vw_PontosdeOnibus.fid-5b41923a_19c3ec54e70_826,1316,POINT (-38.575853 -3.764006),2872,"AVENIDA LINEU MACHADO, 430",-3.764006,-38.575853,ETUFOR,2022,EPSG: 31984 (SIRGAS 2000 - UTM 24S); Codificação: UTF-8
vw_PontosdeOnibus.fid-5b41923a_19c3ec54e70_827,1317,POINT (-38.575976 -3.763982),2873,"AVENIDA LINEU MACHADO, 430",-3.763982,-38.575976,ETUFOR,2022,EPSG: 31984 (SIRGAS 2000 - UTM 24S); Codificação: UTF-8
vw_PontosdeOnibus.fid-5b41923a_19c3ec54e70_828,1318,POINT (-38.575136 -3.765972),2874,"AVENIDA SEN FERNANDES TAVORA, 325",-3.765972,-38.575136,ETUFOR,2022,EPSG: 31984 (SIRGAS 2000 - UTM 24S); Codificação: UTF-8
vw_PontosdeOnibus.fid-5b41923a_19c3ec54e70_829,1319,POINT (-38.574715 -3.766201),2875,"AVENIDA SEN FERNANDES TAVORA, 430",-3.766201,-38.574715,ETUFOR,2022,EPSG: 31984 (SIRGAS 2000 - UTM 24S); Codificação: UTF-8
vw_PontosdeOnibus.fid-5b41923a_19c3ec54e70_82a,1320,POINT (-38.573453 -3.767265),2876,"AVENIDA SEN FERNANDES TAVORA, 99",-3.767265,-38.573453,ETUFOR,2022,EPSG: 31984 (SIRGAS 2000 - UTM 24S); Codificação: UTF-8
vw_PontosdeOnibus.fid-5b41923a_19c3ec54e70_82b,1321,POINT (-38.57343 -3.767299),2877,"AVENIDA SEN FERNANDES TAVORA, 106",-3.767299,-38.57343,ETUFOR,2022,EPSG: 31984 (SIRGAS 2000 - UTM 24S); Codificação: UTF-8
vw_PontosdeOnibus.fid-5b41923a_19c3ec54e70_82c,1322,POINT (-38.572097 -3.767805),2878,"RUA RIO GRANDE DO SUL, 2190",-3.767805,-38.572097,ETUFOR,2022,EPSG: 31984 (SIRGAS 2000 - UTM 24S); Codificação: UTF-8
vw_PontosdeOnibus.fid-5b41923a_19c3ec54e70_82d,1323,POINT (-38.554778 -3.786412),288,"RUA SUECIA, 1395",-3.786412,-38.554778,ETUFOR,2022,EPSG: 31984 (SIRGAS 2000 - UTM 24S); Codificação: UTF-8
vw_PontosdeOnibus.fid-5b41923a_19c3ec54e70_82e,1324,POINT (-38.571598 -3.765826),2880,"RUA RIO GRANDE DO SUL, 2038",-3.765826,-38.571598,ETUFOR,2022,EPSG: 31984 (SIRGAS 2000 - UTM 24S); Codificação: UTF-8
vw_PontosdeOnibus.fid-5b41923a_19c3ec54e70_82f,1325,POINT (-38.571221 -3.764432),2883,"RUA RIO GRANDE DO SUL, 1908",-3.764432,-38.571221,ETUFOR,2022,EPSG: 31984 (SIRGAS 2000 - UTM 24S); Codificação: UTF-8
vw_PontosdeOnibus.fid-5b41923a_19c3ec54e70_830,1326,POINT (-38.571573 -3.771754),2884,"AVENIDA AUGUSTO DOS ANJOS, 418",-3.771754,-38.571573,ETUFOR,2022,EPSG: 31984 (SIRGAS 2000 - UTM 24S); Codificação: UTF-8
vw_PontosdeOnibus.fid-5b41923a_19c3ec54e70_831,1327,POINT (-38.568972 -3.772229),2885,"RUA PRO GOMES BRASIL, 367",-3.772229,-38.568972,ETUFOR,2022,EPSG: 31984 (SIRGAS 2000 - UTM 24S); Codificação: UTF-8
vw_PontosdeOnibus.fid-5b41923a_19c3ec54e70_832,1328,POINT (-38.568243 -3.772953),2886,"RUA PROFESSOR GOMES BRASIL, 306",-3.772953,-38.568243,ETUFOR,2022,EPSG: 31984 (SIRGAS 2000 - UTM 24S); Codificação: UTF-8
vw_PontosdeOnibus.fid-5b41923a_19c3ec54e70_833,1329,POINT (-38.576162 -3.771804),2888,"RUA ALUISIO AZEVEDO, 371",-3.771804,-38.576162,ETUFOR,2022,EPSG: 31984 (SIRGAS 2000 - UTM 24S); Codificação: UTF-8
vw_PontosdeOnibus.fid-5b41923a_19c3ec54e70_834,1330,POINT (-38.567809 -3.765614),2889,"AVENIDA AMÉRICO BARREIRA, 6180",-3.765614,-38.567809,ETUFOR,2022,EPSG: 31984 (SIRGAS 2000 - UTM 24S); Codificação: UTF-8
vw_PontosdeOnibus.fid-5b41923a_19c3ec54e70_835,1331,POINT (-38.567696 -3.765683),2890,"AVENIDA AMÉRICO BARREIRA, 6180",-3.765683,-38.567696,ETUFOR,2022,EPSG: 31984 (SIRGAS 2000 - UTM 24S); Codificação: UTF-8
vw_PontosdeOnibus.fid-5b41923a_19c3ec54e70_836,1332,POINT (-38.565482 -3.76478),2891,"AVENIDA CARNEIRO DE MENDONCA, 664",-3.76478,-38.565482,ETUFOR,2022,EPSG: 31984 (SIRGAS 2000 - UTM 24S); Codificação: UTF-8
vw_PontosdeOnibus.fid-5b41923a_19c3ec54e70_837,1333,POINT (-38.563385 -3.765738),2892,"AVENIDA CARNEIRO DE MENDONCA, 398",-3.765738,-38.563385,ETUFOR,2022,EPSG: 31984 (SIRGAS 2000 - UTM 24S); Codificação: UTF-8
vw_PontosdeOnibus.fid-5b41923a_19c3ec54e70_838,1334,POINT (-38.563329 -3.765761),2893,"AVENIDA CARNEIRO DE MENDONCA, 416",-3.765761,-38.563329,ETUFOR,2022,EPSG: 31984 (SIRGAS 2000 - UTM 24S); Codificação: UTF-8
vw_PontosdeOnibus.fid-5b41923a_19c3ec54e70_839,1335,POINT (-38.561176 -3.766661),2894,"AVENIDA CARNEIRO DE MENDONCA, 140",-3.766661,-38.561176,ETUFOR,2022,EPSG: 31984 (SIRGAS 2000 - UTM 24S); Codificação: UTF-8
vw_PontosdeOnibus.fid-5b41923a_19c3ec54e70_83a,1336,POINT (-38.560272 -3.767041),2895,"AVENIDA CARNEIRO DE MENDONCA, 91",-3.767041,-38.560272,ETUFOR,2022,EPSG: 31984 (SIRGAS 2000 - UTM 24S); Codificação: UTF-8
vw_PontosdeOnibus.fid-5b41923a_19c3ec54e70_83b,1337,POINT (-38.559327 -3.766072),2896,"AVENIDA JOAO PESSOA, 6411",-3.766072,-38.559327,ETUFOR,2022,EPSG: 31984 (SIRGAS 2000 - UTM 24S); Codificação: UTF-8
vw_PontosdeOnibus.fid-5b41923a_19c3ec54e70_83c,1338,POINT (-38.559382 -3.766207),2897,"AVENIDA JOAO PESSOA, 6411",-3.766207,-38.559382,ETUFOR,2022,EPSG: 31984 (SIRGAS 2000 - UTM 24S); Codificação: UTF-8
vw_PontosdeOnibus.fid-5b41923a_19c3ec54e70_83d,1339,POINT (-38.558743 -3.767921),2898,"RUA 15 DE NOVEMBRO, 122",-3.767921,-38.558743,ETUFOR,2022,EPSG: 31984 (SIRGAS 2000 - UTM 24S); Codificação: UTF-8
vw_PontosdeOnibus.fid-5b41923a_19c3ec54e70_83e,1340,POINT (-38.561004 -3.770134),2899,"AVENIDA JOAO PESSOA, 6497",-3.770134,-38.561004,ETUFOR,2022,EPSG: 31984 (SIRGAS 2000 - UTM 24S); Codificação: UTF-8
vw_PontosdeOnibus.fid-5b41923a_19c3ec54e70_83f,1341,POINT (-38.553372 -3.782599),290,"RUA GOV JOAO CARLOS, 855",-3.782599,-38.553372,ETUFOR,2022,EPSG: 31984 (SIRGAS 2000 - UTM 24S); Codificação: UTF-8
vw_PontosdeOnibus.fid-5b41923a_19c3ec54e70_840,1342,POINT (-38.560634 -3.769233),2900,"AVENIDA JOAO PESSOA, 6754",-3.769233,-38.560634,ETUFOR,2022,EPSG: 31984 (SIRGAS 2000 - UTM 24S); Codificação: UTF-8
vw_PontosdeOnibus.fid-5b41923a_19c3ec54e70_841,1343,POINT (-38.56158 -3.771531),2901,"AVENIDA JOAO PESSOA, 7043",-3.771531,-38.56158,ETUFOR,2022,EPSG: 31984 (SIRGAS 2000 - UTM 24S); Codificação: UTF-8
vw_PontosdeOnibus.fid-5b41923a_19c3ec54e70_842,1344,POINT (-38.550964 -3.765999),2909,"RUA ALBERTO MAGNO, 1369",-3.765999,-38.550964,ETUFOR,2022,EPSG: 31984 (SIRGAS 2000 - UTM 24S); Codificação: UTF-8
vw_PontosdeOnibus.fid-5b41923a_19c3ec54e70_843,1345,POINT (-38.55235 -3.781937),291,"RUA DOR JUSTA ARAUJO   (D45), 697",-3.781937,-38.55235,ETUFOR,2022,EPSG: 31984 (SIRGAS 2000 - UTM 24S); Codificação: UTF-8
vw_PontosdeOnibus.fid-5b41923a_19c3ec54e70_844,1346,POINT (-38.551277 -3.767742),2912,"AVENIDA PRO GOMES DE MATOS, 1889",-3.767742,-38.551277,ETUFOR,2022,EPSG: 31984 (SIRGAS 2000 - UTM 24S); Codificação: UTF-8
vw_PontosdeOnibus.fid-5b41923a_19c3ec54e70_845,1347,POINT (-38.546737 -3.765963),2913,"AVENIDA JOSE DO PATROCINIO, 1409",-3.765963,-38.546737,ETUFOR,2022,EPSG: 31984 (SIRGAS 2000 - UTM 24S); Codificação: UTF-8
vw_PontosdeOnibus.fid-5b41923a_19c3ec54e70_846,1348,POINT (-38.548831 -3.764877),2914,"AVENIDA PRO GOMES DE MATOS, 1489",-3.764877,-38.548831,ETUFOR,2022,EPSG: 31984 (SIRGAS 2000 - UTM 24S); Codificação: UTF-8
vw_PontosdeOnibus.fid-5b41923a_19c3ec54e70_847,1349,POINT (-38.54999 -3.766261),2915,"AVENIDA PROF GOMES DE MATOS, 1677",-3.766261,-38.54999,ETUFOR,2022,EPSG: 31984 (SIRGAS 2000 - UTM 24S); Codificação: UTF-8
vw_PontosdeOnibus.fid-5b41923a_19c3ec54e70_848,1350,POINT (-38.549788 -3.76756),2916,"RUA ISAIAS BORIS, 538",-3.76756,-38.549788,ETUFOR,2022,EPSG: 31984 (SIRGAS 2000 - UTM 24S); Codificação: UTF-8
vw_PontosdeOnibus.fid-5b41923a_19c3ec54e70_849,1351,POINT (-38.549043 -3.768562),2917,"RUA SAUDADE, 159",-3.768562,-38.549043,ETUFOR,2022,EPSG: 31984 (SIRGAS 2000 - UTM 24S); Codificação: UTF-8
vw_PontosdeOnibus.fid-5b41923a_19c3ec54e70_84a,1352,POINT (-38.550805 -3.769121),2919,"RUA EQUADOR, 191",-3.769121,-38.550805,ETUFOR,2022,EPSG: 31984 (SIRGAS 2000 - UTM 24S); Codificação: UTF-8
vw_PontosdeOnibus.fid-5b41923a_19c3ec54e70_84b,1353,POINT (-38.551155 -3.78581),292,"AVENIDA AV. DEDÉ BRASIL, 2333",-3.78581,-38.551155,ETUFOR,2022,EPSG: 31984 (SIRGAS 2000 - UTM 24S); Codificação: UTF-8
vw_PontosdeOnibus.fid-5b41923a_19c3ec54e70_84c,1354,POINT (-38.553235 -3.768707),2922,"RUA CESAR ROSSAS, 115",-3.768707,-38.553235,ETUFOR,2022,EPSG: 31984 (SIRGAS 2000 - UTM 24S); Codificação: UTF-8
vw_PontosdeOnibus.fid-5b41923a_19c3ec54e70_84d,1355,POINT (-38.552152 -3.770034),2923,"RUA ANTONIO FIUZA, 154",-3.770034,-38.552152,ETUFOR,2022,EPSG: 31984 (SIRGAS 2000 - UTM 24S); Codificação: UTF-8
vw_PontosdeOnibus.fid-5b41923a_19c3ec54e70_84e,1356,POINT (-38.551784 -3.770411),2924,"RUA 15 DE NOVEMBRO, 960",-3.770411,-38.551784,ETUFOR,2022,EPSG: 31984 (SIRGAS 2000 - UTM 24S); Codificação: UTF-8
vw_PontosdeOnibus.fid-5b41923a_19c3ec54e70_84f,1357,POINT (-38.551781 -3.771978),2926,"RUA EQUADOR, 371",-3.771978,-38.551781,ETUFOR,2022,EPSG: 31984 (SIRGAS 2000 - UTM 24S); Codificação: UTF-8
vw_PontosdeOnibus.fid-5b41923a_19c3ec54e70_850,1358,POINT (-38.553817 -3.769672),2927,"RUA 15 DE NOVEMBRO, 722",-3.769672,-38.553817,ETUFOR,2022,EPSG: 31984 (SIRGAS 2000 - UTM 24S); Codificação: UTF-8
vw_PontosdeOnibus.fid-5b41923a_19c3ec54e70_851,1359,POINT (-38.555415 -3.769353),2928,"RUA CESAR ROSSAS, 550",-3.769353,-38.555415,ETUFOR,2022,EPSG: 31984 (SIRGAS 2000 - UTM 24S); Codificação: UTF-8
vw_PontosdeOnibus.fid-5b41923a_19c3ec54e70_852,1360,POINT (-38.551494 -3.785809),293,"AVENIDA DR. SILAS MUNGUBA, 2259",-3.785809,-38.551494,ETUFOR,2022,EPSG: 31984 (SIRGAS 2000 - UTM 24S); Codificação: UTF-8
vw_PontosdeOnibus.fid-5b41923a_19c3ec54e70_853,1361,POINT (-38.556431 -3.770284),2930,"RUA ALM RUBIM, 1459",-3.770284,-38.556431,ETUFOR,2022,EPSG: 31984 (SIRGAS 2000 - UTM 24S); Codificação: UTF-8
vw_PontosdeOnibus.fid-5b41923a_19c3ec54e70_854,1362,POINT (-38.557022 -3.771971),2932,"RUA ALM RUBIM, 1445",-3.771971,-38.557022,ETUFOR,2022,EPSG: 31984 (SIRGAS 2000 - UTM 24S); Codificação: UTF-8
vw_PontosdeOnibus.fid-5b41923a_19c3ec54e70_855,1363,POINT (-38.544885 -3.765652),2934,"RUA TEODORICO BARROSO, 790",-3.765652,-38.544885,ETUFOR,2022,EPSG: 31984 (SIRGAS 2000 - UTM 24S); Codificação: UTF-8
vw_PontosdeOnibus.fid-5b41923a_19c3ec54e70_856,1364,POINT (-38.543522 -3.766075),2935,"RUA TEODORICO BARROSO, 612",-3.766075,-38.543522,ETUFOR,2022,EPSG: 31984 (SIRGAS 2000 - UTM 24S); Codificação: UTF-8
vw_PontosdeOnibus.fid-5b41923a_19c3ec54e70_857,1365,POINT (-38.545649 -3.768293),2936,"RUA RAUL CABRAL, 750",-3.768293,-38.545649,ETUFOR,2022,EPSG: 31984 (SIRGAS 2000 - UTM 24S); Codificação: UTF-8
vw_PontosdeOnibus.fid-5b41923a_19c3ec54e70_858,1366,POINT (-38.542061 -3.76653),2937,"RUA TEODORICO BARROSO, 472",-3.76653,-38.542061,ETUFOR,2022,EPSG: 31984 (SIRGAS 2000 - UTM 24S); Codificação: UTF-8
vw_PontosdeOnibus.fid-5b41923a_19c3ec54e70_859,1367,POINT (-38.541946 -3.76728),2938,"AVENIDA DOS EXPEDICIONARIOS, 5420",-3.76728,-38.541946,ETUFOR,2022,EPSG: 31984 (SIRGAS 2000 - UTM 24S); Codificação: UTF-8
vw_PontosdeOnibus.fid-5b41923a_19c3ec54e70_85a,1368,POINT (-38.54196 -3.767593),2939,"AVENIDA EXPEDICIONARIOS, 5468",-3.767593,-38.54196,ETUFOR,2022,EPSG: 31984 (SIRGAS 2000 - UTM 24S); Codificação: UTF-8
vw_PontosdeOnibus.fid-5b41923a_19c3ec54e70_85b,1369,POINT (-38.549856 -3.786493),294,"AVENIDA AV. DEDÉ BRASIL, 2670",-3.786493,-38.549856,ETUFOR,2022,EPSG: 31984 (SIRGAS 2000 - UTM 24S); Codificação: UTF-8
vw_PontosdeOnibus.fid-5b41923a_19c3ec54e70_85c,1370,POINT (-38.541456 -3.765957),2940,"AVENIDA EXPEDICIONARIOS, 5217",-3.765957,-38.541456,ETUFOR,2022,EPSG: 31984 (SIRGAS 2000 - UTM 24S); Codificação: UTF-8
vw_PontosdeOnibus.fid-5b41923a_19c3ec54e70_85d,1371,POINT (-38.541204 -3.764879),2941,"AVENIDA DOS EXPEDICIONARIOS, 5151",-3.764879,-38.541204,ETUFOR,2022,EPSG: 31984 (SIRGAS 2000 - UTM 24S); Codificação: UTF-8
vw_PontosdeOnibus.fid-5b41923a_19c3ec54e70_85e,1372,POINT (-38.537551 -3.767565),2943,"AVENIDA LUCIANO CARNEIRO, 2235",-3.767565,-38.537551,ETUFOR,2022,EPSG: 31984 (SIRGAS 2000 - UTM 24S); Codificação: UTF-8
vw_PontosdeOnibus.fid-5b41923a_19c3ec54e70_85f,1373,POINT (-38.537253 -3.766889),2944,"AVENIDA LUCIANO CARNEIRO, 2123",-3.766889,-38.537253,ETUFOR,2022,EPSG: 31984 (SIRGAS 2000 - UTM 24S); Codificação: UTF-8
vw_PontosdeOnibus.fid-5b41923a_19c3ec54e70_860,1375,POINT (-38.536732 -3.765192),2949,"AVENIDA LUCIANO CARNEIRO, 1820",-3.765192,-38.536732,ETUFOR,2022,EPSG: 31984 (SIRGAS 2000 - UTM 24S); Codificação: UTF-8
vw_PontosdeOnibus.fid-5b41923a_19c3ec54e70_861,1376,POINT (-38.54764 -3.786357),295,"AVENIDA BERNARDO MANOEL, 7730",-3.786357,-38.54764,ETUFOR,2022,EPSG: 31984 (SIRGAS 2000 - UTM 24S); Codificação: UTF-8
vw_PontosdeOnibus.fid-5b41923a_19c3ec54e70_862,1377,POINT (-38.538005 -3.769081),2953,"AVENIDA LUCIANO CARNEIRO, 2384",-3.769081,-38.538005,ETUFOR,2022,EPSG: 31984 (SIRGAS 2000 - UTM 24S); Codificação: UTF-8
vw_PontosdeOnibus.fid-5b41923a_19c3ec54e70_863,1378,POINT (-38.538196 -3.769992),2954,"AVENIDA LUCIANO CARNEIRO, 2500",-3.769992,-38.538196,ETUFOR,2022,EPSG: 31984 (SIRGAS 2000 - UTM 24S); Codificação: UTF-8
vw_PontosdeOnibus.fid-5b41923a_19c3ec54e70_864,1379,POINT (-38.53848 -3.770638),2955,"AVENIDA LUCIANO CARNEIRO, 2470",-3.770638,-38.53848,ETUFOR,2022,EPSG: 31984 (SIRGAS 2000 - UTM 24S); Codificação: UTF-8
vw_PontosdeOnibus.fid-5b41923a_19c3ec54e70_865,1380,POINT (-38.538706 -3.77165),2956,"AVENIDA LUCIANO CARNEIRO, 2655",-3.77165,-38.538706,ETUFOR,2022,EPSG: 31984 (SIRGAS 2000 - UTM 24S); Codificação: UTF-8
vw_PontosdeOnibus.fid-5b41923a_19c3ec54e70_866,1381,POINT (-38.541403 -3.771689),2960,"AVENIDA LAURO VIEIRA CHAVES, 1538",-3.771689,-38.541403,ETUFOR,2022,EPSG: 31984 (SIRGAS 2000 - UTM 24S); Codificação: UTF-8
vw_PontosdeOnibus.fid-5b41923a_19c3ec54e70_867,1382,POINT (-38.542681 -3.76996),2961,"AVENIDA EXPEDICIONARIOS, 5677",-3.76996,-38.542681,ETUFOR,2022,EPSG: 31984 (SIRGAS 2000 - UTM 24S); Codificação: UTF-8
vw_PontosdeOnibus.fid-5b41923a_19c3ec54e70_868,1383,POINT (-38.542949 -3.771028),2962,"AVENIDA LAURO VIEIRA CHAVES, 1731",-3.771028,-38.542949,ETUFOR,2022,EPSG: 31984 (SIRGAS 2000 - UTM 24S); Codificação: UTF-8
vw_PontosdeOnibus.fid-5b41923a_19c3ec54e70_869,1384,POINT (-38.542513 -3.769163),2963,"AVENIDA DOS EXPEDICIONARIOS, 5612",-3.769163,-38.542513,ETUFOR,2022,EPSG: 31984 (SIRGAS 2000 - UTM 24S); Codificação: UTF-8
vw_PontosdeOnibus.fid-5b41923a_19c3ec54e70_86a,1385,POINT (-38.543748 -3.769239),2964,"RUA RAUL CABRAL, 580",-3.769239,-38.543748,ETUFOR,2022,EPSG: 31984 (SIRGAS 2000 - UTM 24S); Codificação: UTF-8
vw_PontosdeOnibus.fid-5b41923a_19c3ec54e70_86b,1386,POINT (-38.545874 -3.769471),2965,"RUA SAUDADE, 415",-3.769471,-38.545874,ETUFOR,2022,EPSG: 31984 (SIRGAS 2000 - UTM 24S); Codificação: UTF-8
vw_PontosdeOnibus.fid-5b41923a_19c3ec54e70_86c,1387,POINT (-38.503228 -3.798603),2966,"AVENIDA OLIVEIRA PAIVA, 233",-3.798603,-38.503228,ETUFOR,2022,EPSG: 31984 (SIRGAS 2000 - UTM 24S); Codificação: UTF-8
vw_PontosdeOnibus.fid-5b41923a_19c3ec54e70_86d,1388,POINT (-38.507633 -3.799445),2968,"RUA DOM MARCOS TEIXEIRA, 236",-3.799445,-38.507633,ETUFOR,2022,EPSG: 31984 (SIRGAS 2000 - UTM 24S); Codificação: UTF-8
vw_PontosdeOnibus.fid-5b41923a_19c3ec54e70_86e,1389,POINT (-38.546849 -3.783717),297,"AVENIDA BERNARDO MANOEL, 7410",-3.783717,-38.546849,ETUFOR,2022,EPSG: 31984 (SIRGAS 2000 - UTM 24S); Codificação: UTF-8
vw_PontosdeOnibus.fid-5b41923a_19c3ec54e70_86f,1390,POINT (-38.50886 -3.798061),2970,"RUA PDE PAULINO, 330",-3.798061,-38.50886,ETUFOR,2022,EPSG: 31984 (SIRGAS 2000 - UTM 24S); Codificação: UTF-8
vw_PontosdeOnibus.fid-5b41923a_19c3ec54e70_870,1391,POINT (-38.508576 -3.796759),2971,"RUA TIBURCIO PEREIRA, 340",-3.796759,-38.508576,ETUFOR,2022,EPSG: 31984 (SIRGAS 2000 - UTM 24S); Codificação: UTF-8
vw_PontosdeOnibus.fid-5b41923a_19c3ec54e70_871,1392,POINT (-38.510508 -3.796947),2972,"RUA MARGARIDA DE QUEIROZ, 406",-3.796947,-38.510508,ETUFOR,2022,EPSG: 31984 (SIRGAS 2000 - UTM 24S); Codificação: UTF-8
vw_PontosdeOnibus.fid-5b41923a_19c3ec54e70_872,1393,POINT (-38.529733 -3.773533),2973,"AVENIDA LAURO VIEIRA CHAVES, 225",-3.773533,-38.529733,ETUFOR,2022,EPSG: 31984 (SIRGAS 2000 - UTM 24S); Codificação: UTF-8
vw_PontosdeOnibus.fid-5b41923a_19c3ec54e70_873,1394,POINT (-38.533578 -3.772203),2981,"AVENIDA LAURO VIEIRA CHAVES, 840",-3.772203,-38.533578,ETUFOR,2022,EPSG: 31984 (SIRGAS 2000 - UTM 24S); Codificação: UTF-8
vw_PontosdeOnibus.fid-5b41923a_19c3ec54e70_874,1395,POINT (-38.533416 -3.772238),2982,"AVENIDA LAURO VIEIRA CHAVES, 811",-3.772238,-38.533416,ETUFOR,2022,EPSG: 31984 (SIRGAS 2000 - UTM 24S); Codificação: UTF-8
vw_PontosdeOnibus.fid-5b41923a_19c3ec54e70_875,1396,POINT (-38.530947 -3.764516),2988,"RUA PDE AMBROSIO MACHADO, 650",-3.764516,-38.530947,ETUFOR,2022,EPSG: 31984 (SIRGAS 2000 - UTM 24S); Codificação: UTF-8
vw_PontosdeOnibus.fid-5b41923a_19c3ec54e70_876,1397,POINT (-38.511689 -3.766692),2994,"RUA TEN BARBOSA    (D46), 400",-3.766692,-38.511689,ETUFOR,2022,EPSG: 31984 (SIRGAS 2000 - UTM 24S); Codificação: UTF-8
vw_PontosdeOnibus.fid-5b41923a_19c3ec54e70_877,1398,POINT (-38.511558 -3.767443),2995,"RUA TEN BARBOSA    (D46), 525",-3.767443,-38.511558,ETUFOR,2022,EPSG: 31984 (SIRGAS 2000 - UTM 24S); Codificação: UTF-8
vw_PontosdeOnibus.fid-5b41923a_19c3ec54e70_878,1399,POINT (-38.512282 -3.768208),2996,"RUA CAP CLOVIS MAIA, 611",-3.768208,-38.512282,ETUFOR,2022,EPSG: 31984 (SIRGAS 2000 - UTM 24S); Codificação: UTF-8
vw_PontosdeOnibus.fid-5b41923a_19c3ec54e70_879,1400,POINT (-38.511856 -3.765751),2997,"RUA TEN BARBOSA    (D46), 341",-3.765751,-38.511856,ETUFOR,2022,EPSG: 31984 (SIRGAS 2000 - UTM 24S); Codificação: UTF-8
vw_PontosdeOnibus.fid-5b41923a_19c3ec54e70_87a,1401,POINT (-38.51249 -3.764806),2998,"RUA CAP ARAGAO, 600",-3.764806,-38.51249,ETUFOR,2022,EPSG: 31984 (SIRGAS 2000 - UTM 24S); Codificação: UTF-8
vw_PontosdeOnibus.fid-5b41923a_19c3ec54e70_87b,1402,POINT (-38.512382 -3.764781),2999,"RUA CAP ARAGAO, 670",-3.764781,-38.512382,ETUFOR,2022,EPSG: 31984 (SIRGAS 2000 - UTM 24S); Codificação: UTF-8
vw_PontosdeOnibus.fid-5b41923a_19c3ec54e70_87c,1403,POINT (-38.58693 -3.697854),3,"AVENIDA RAD JOSE LIMA VERDE, 590",-3.697854,-38.58693,ETUFOR,2022,EPSG: 31984 (SIRGAS 2000 - UTM 24S); Codificação: UTF-8
vw_PontosdeOnibus.fid-5b41923a_19c3ec54e70_87d,1404,POINT (-38.582524 -3.702494),30,"AVENIDA PRESIDENTE CASTELO BRANCO, 5818",-3.702494,-38.582524,ETUFOR,2022,EPSG: 31984 (SIRGAS 2000 - UTM 24S); Codificação: UTF-8
vw_PontosdeOnibus.fid-5b41923a_19c3ec54e70_87e,1405,POINT (-38.547557 -3.7878),300,"AVENIDA DEDÉ BRASIL, 2939",-3.7878,-38.547557,ETUFOR,2022,EPSG: 31984 (SIRGAS 2000 - UTM 24S); Codificação: UTF-8
vw_PontosdeOnibus.fid-5b41923a_19c3ec54e70_87f,1406,POINT (-38.510287 -3.764362),3000,"RUA CAP ARAGAO, 882",-3.764362,-38.510287,ETUFOR,2022,EPSG: 31984 (SIRGAS 2000 - UTM 24S); Codificação: UTF-8
vw_PontosdeOnibus.fid-5b41923a_19c3ec54e70_880,1407,POINT (-38.510152 -3.764334),3001,"RUA CAP ARAGAO, 882",-3.764334,-38.510152,ETUFOR,2022,EPSG: 31984 (SIRGAS 2000 - UTM 24S); Codificação: UTF-8
vw_PontosdeOnibus.fid-5b41923a_19c3ec54e70_881,1408,POINT (-38.50869 -3.763337),3002,"AVENIDA DOR RAUL BARBOSA, 5270",-3.763337,-38.50869,ETUFOR,2022,EPSG: 31984 (SIRGAS 2000 - UTM 24S); Codificação: UTF-8
vw_PontosdeOnibus.fid-5b41923a_19c3ec54e70_882,1409,POINT (-38.509412 -3.76744),3007,"AVENIDA DOR RAUL BARBOSA, 5482",-3.76744,-38.509412,ETUFOR,2022,EPSG: 31984 (SIRGAS 2000 - UTM 24S); Codificação: UTF-8
vw_PontosdeOnibus.fid-5b41923a_19c3ec54e70_883,1410,POINT (-38.547596 -3.787686),301,"AVENIDA DEDE BRASIL, 2919",-3.787686,-38.547596,ETUFOR,2022,EPSG: 31984 (SIRGAS 2000 - UTM 24S); Codificação: UTF-8
vw_PontosdeOnibus.fid-5b41923a_19c3ec54e70_884,1411,POINT (-38.513455 -3.77117),3010,"RUA TEN JAIME ANDRADE, 371",-3.77117,-38.513455,ETUFOR,2022,EPSG: 31984 (SIRGAS 2000 - UTM 24S); Codificação: UTF-8
vw_PontosdeOnibus.fid-5b41923a_19c3ec54e70_885,1412,POINT (-38.513648 -3.771869),3013,"RUA ASP MENDES, 1070",-3.771869,-38.513648,ETUFOR,2022,EPSG: 31984 (SIRGAS 2000 - UTM 24S); Codificação: UTF-8
vw_PontosdeOnibus.fid-5b41923a_19c3ec54e70_886,1413,POINT (-38.512194 -3.772304),3014,"AVENIDA DOR RAUL BARBOSA, 6620",-3.772304,-38.512194,ETUFOR,2022,EPSG: 31984 (SIRGAS 2000 - UTM 24S); Codificação: UTF-8
vw_PontosdeOnibus.fid-5b41923a_19c3ec54e70_887,1414,POINT (-38.510506 -3.769703),3017,"AVENIDA DOR RAUL BARBOSA, 5970",-3.769703,-38.510506,ETUFOR,2022,EPSG: 31984 (SIRGAS 2000 - UTM 24S); Codificação: UTF-8
vw_PontosdeOnibus.fid-5b41923a_19c3ec54e70_888,1415,POINT (-38.497413 -3.767585),3018,"AVENIDA MURILO BORGES, SN",-3.767585,-38.497413,ETUFOR,2022,EPSG: 31984 (SIRGAS 2000 - UTM 24S); Codificação: UTF-8
vw_PontosdeOnibus.fid-5b41923a_19c3ec54e70_889,1416,POINT (-38.548438 -3.789163),302,"AVENIDA BERNARDO MANOEL, 7963",-3.789163,-38.548438,ETUFOR,2022,EPSG: 31984 (SIRGAS 2000 - UTM 24S); Codificação: UTF-8
vw_PontosdeOnibus.fid-5b41923a_19c3ec54e70_88a,1417,POINT (-38.496645 -3.767949),3020,"RUA DOR THOMPSON BULCAO, 853",-3.767949,-38.496645,ETUFOR,2022,EPSG: 31984 (SIRGAS 2000 - UTM 24S); Codificação: UTF-8
vw_PontosdeOnibus.fid-5b41923a_19c3ec54e70_88b,1418,POINT (-38.497071 -3.768095),3022,"AVENIDA ROGACIANO LEITE, 2001",-3.768095,-38.497071,ETUFOR,2022,EPSG: 31984 (SIRGAS 2000 - UTM 24S); Codificação: UTF-8
vw_PontosdeOnibus.fid-5b41923a_19c3ec54e70_88c,1419,POINT (-38.49737 -3.768503),3023,"AVENIDA ROGACIANO LEITE, 1140",-3.768503,-38.49737,ETUFOR,2022,EPSG: 31984 (SIRGAS 2000 - UTM 24S); Codificação: UTF-8
vw_PontosdeOnibus.fid-5b41923a_19c3ec54e70_88d,1420,POINT (-38.495873 -3.765323),3024,"AVENIDA ROGACIANO LEITE, 986",-3.765323,-38.495873,ETUFOR,2022,EPSG: 31984 (SIRGAS 2000 - UTM 24S); Codificação: UTF-8
vw_PontosdeOnibus.fid-5b41923a_19c3ec54e70_88e,1421,POINT (-38.495804 -3.765427),3025,"AVENIDA ROGACIANO LEITE, 970",-3.765427,-38.495804,ETUFOR,2022,EPSG: 31984 (SIRGAS 2000 - UTM 24S); Codificação: UTF-8
vw_PontosdeOnibus.fid-5b41923a_19c3ec54e70_88f,1422,POINT (-38.496613 -3.769796),3026,"RUA DOURALICE COSTA, 650",-3.769796,-38.496613,ETUFOR,2022,EPSG: 31984 (SIRGAS 2000 - UTM 24S); Codificação: UTF-8
vw_PontosdeOnibus.fid-5b41923a_19c3ec54e70_890,1423,POINT (-38.498025 -3.770754),3027,"AVENIDA ROGACIANO LEITE, 1815",-3.770754,-38.498025,ETUFOR,2022,EPSG: 31984 (SIRGAS 2000 - UTM 24S); Codificação: UTF-8
vw_PontosdeOnibus.fid-5b41923a_19c3ec54e70_891,1424,POINT (-38.498595 -3.772557),3028,"AVENIDA ROGACIANO LEITE, 2027",-3.772557,-38.498595,ETUFOR,2022,EPSG: 31984 (SIRGAS 2000 - UTM 24S); Codificação: UTF-8
vw_PontosdeOnibus.fid-5b41923a_19c3ec54e70_892,1425,POINT (-38.498845 -3.772982),3029,"AVENIDA ROGACIANO LEITE, 2120",-3.772982,-38.498845,ETUFOR,2022,EPSG: 31984 (SIRGAS 2000 - UTM 24S); Codificação: UTF-8
vw_PontosdeOnibus.fid-5b41923a_19c3ec54e70_893,1426,POINT (-38.548438 -3.78874),303,"AVENIDA BERNARDO MANOEL, 7940",-3.78874,-38.548438,ETUFOR,2022,EPSG: 31984 (SIRGAS 2000 - UTM 24S); Codificação: UTF-8
vw_PontosdeOnibus.fid-5b41923a_19c3ec54e70_894,1427,POINT (-38.494944 -3.770342),3030,"RUA J CJ SANTA LUZIA, 99",-3.770342,-38.494944,ETUFOR,2022,EPSG: 31984 (SIRGAS 2000 - UTM 24S); Codificação: UTF-8
vw_PontosdeOnibus.fid-5b41923a_19c3ec54e70_895,1428,POINT (-38.494961 -3.7687),3032,"RUA DOR THOMPSON BULCAO, 703",-3.7687,-38.494961,ETUFOR,2022,EPSG: 31984 (SIRGAS 2000 - UTM 24S); Codificação: UTF-8
vw_PontosdeOnibus.fid-5b41923a_19c3ec54e70_896,1429,POINT (-38.493239 -3.769465),3034,"RUA THAMPON BULCÃO, 584",-3.769465,-38.493239,ETUFOR,2022,EPSG: 31984 (SIRGAS 2000 - UTM 24S); Codificação: UTF-8
vw_PontosdeOnibus.fid-5b41923a_19c3ec54e70_897,1430,POINT (-38.493233 -3.77092),3035,"RUA DORALICE COSTA, 280",-3.77092,-38.493233,ETUFOR,2022,EPSG: 31984 (SIRGAS 2000 - UTM 24S); Codificação: UTF-8
vw_PontosdeOnibus.fid-5b41923a_19c3ec54e70_898,1431,POINT (-38.492431 -3.771104),3036,"RUA REV BOLIVAR P BANDEIRA, 119",-3.771104,-38.492431,ETUFOR,2022,EPSG: 31984 (SIRGAS 2000 - UTM 24S); Codificação: UTF-8
vw_PontosdeOnibus.fid-5b41923a_19c3ec54e70_899,1432,POINT (-38.567711 -3.800211),3037,"RUA LEON GRADVOHL, 697",-3.800211,-38.567711,ETUFOR,2022,EPSG: 31984 (SIRGAS 2000 - UTM 24S); Codificação: UTF-8
vw_PontosdeOnibus.fid-5b41923a_19c3ec54e70_89a,1433,POINT (-38.567691 -3.80017),3038,"RUA LEON GRADVOHL, 697",-3.80017,-38.567691,ETUFOR,2022,EPSG: 31984 (SIRGAS 2000 - UTM 24S); Codificação: UTF-8
vw_PontosdeOnibus.fid-5b41923a_19c3ec54e70_89b,1434,POINT (-38.565231 -3.800056),3039,"RUA VIDAL DE NEGREIROS, 437",-3.800056,-38.565231,ETUFOR,2022,EPSG: 31984 (SIRGAS 2000 - UTM 24S); Codificação: UTF-8
vw_PontosdeOnibus.fid-5b41923a_19c3ec54e70_89c,1435,POINT (-38.565312 -3.800115),3040,"RUA VIDAL DE NEGREIROS, 412",-3.800115,-38.565312,ETUFOR,2022,EPSG: 31984 (SIRGAS 2000 - UTM 24S); Codificação: UTF-8
vw_PontosdeOnibus.fid-5b41923a_19c3ec54e70_89d,1436,POINT (-38.56571 -3.801177),3041,"RUA 1 CAMPO DOS INGLESES, 71",-3.801177,-38.56571,ETUFOR,2022,EPSG: 31984 (SIRGAS 2000 - UTM 24S); Codificação: UTF-8
vw_PontosdeOnibus.fid-5b41923a_19c3ec54e70_89e,1437,POINT (-38.565757 -3.801109),3042,"RUA 1 CAMPO DOS INGLESES, 52",-3.801109,-38.565757,ETUFOR,2022,EPSG: 31984 (SIRGAS 2000 - UTM 24S); Codificação: UTF-8
vw_PontosdeOnibus.fid-5b41923a_19c3ec54e70_89f,1438,POINT (-38.564511 -3.802896),3043,"RUA 1 CAMPO DOS INGLESES, 300",-3.802896,-38.564511,ETUFOR,2022,EPSG: 31984 (SIRGAS 2000 - UTM 24S); Codificação: UTF-8
vw_PontosdeOnibus.fid-5b41923a_19c3ec54e70_8a0,1439,POINT (-38.564593 -3.80278),3044,"RUA 1 CAMPO DOS INGLESES, 211",-3.80278,-38.564593,ETUFOR,2022,EPSG: 31984 (SIRGAS 2000 - UTM 24S); Codificação: UTF-8
vw_PontosdeOnibus.fid-5b41923a_19c3ec54e70_8a1,1440,POINT (-38.563828 -3.8003),3045,"RUA 10 CAMPO DOS INGLESES, 270",-3.8003,-38.563828,ETUFOR,2022,EPSG: 31984 (SIRGAS 2000 - UTM 24S); Codificação: UTF-8
vw_PontosdeOnibus.fid-5b41923a_19c3ec54e70_8a2,1441,POINT (-38.563734 -3.800282),3046,"RUA 10 CAMPO DOS INGLESES, 272",-3.800282,-38.563734,ETUFOR,2022,EPSG: 31984 (SIRGAS 2000 - UTM 24S); Codificação: UTF-8
vw_PontosdeOnibus.fid-5b41923a_19c3ec54e70_8a3,1442,POINT (-38.563063 -3.801463),3047,"RUA 5 CAMPO DOS INGLESES, 156",-3.801463,-38.563063,ETUFOR,2022,EPSG: 31984 (SIRGAS 2000 - UTM 24S); Codificação: UTF-8
vw_PontosdeOnibus.fid-5b41923a_19c3ec54e70_8a4,1443,POINT (-38.563015 -3.80153),3048,"RUA 5 CAMPO DOS INGLESES, 175",-3.80153,-38.563015,ETUFOR,2022,EPSG: 31984 (SIRGAS 2000 - UTM 24S); Codificação: UTF-8
vw_PontosdeOnibus.fid-5b41923a_19c3ec54e70_8a5,1444,POINT (-38.563273 -3.803318),3049,"RUA CEL JAIME ROLEMBERG, 334",-3.803318,-38.563273,ETUFOR,2022,EPSG: 31984 (SIRGAS 2000 - UTM 24S); Codificação: UTF-8
vw_PontosdeOnibus.fid-5b41923a_19c3ec54e70_8a6,1445,POINT (-38.563238 -3.803293),3050,"RUA CEL JAIME ROLEMBERG, 431",-3.803293,-38.563238,ETUFOR,2022,EPSG: 31984 (SIRGAS 2000 - UTM 24S); Codificação: UTF-8
vw_PontosdeOnibus.fid-5b41923a_19c3ec54e70_8a7,1446,POINT (-38.560177 -3.802271),3051,"AVENIDA HOLANDA, 1648",-3.802271,-38.560177,ETUFOR,2022,EPSG: 31984 (SIRGAS 2000 - UTM 24S); Codificação: UTF-8
vw_PontosdeOnibus.fid-5b41923a_19c3ec54e70_8a8,1447,POINT (-38.56013 -3.802407),3052,"AVENIDA HOLANDA, 1574",-3.802407,-38.56013,ETUFOR,2022,EPSG: 31984 (SIRGAS 2000 - UTM 24S); Codificação: UTF-8
vw_PontosdeOnibus.fid-5b41923a_19c3ec54e70_8a9,1448,POINT (-38.559577 -3.803532),3053,"AVENIDA HOLANDA, 1670",-3.803532,-38.559577,ETUFOR,2022,EPSG: 31984 (SIRGAS 2000 - UTM 24S); Codificação: UTF-8
vw_PontosdeOnibus.fid-5b41923a_19c3ec54e70_8aa,1449,POINT (-38.559913 -3.803947),3054,"RUA ANTONIO DIVINO, 101",-3.803947,-38.559913,ETUFOR,2022,EPSG: 31984 (SIRGAS 2000 - UTM 24S); Codificação: UTF-8
vw_PontosdeOnibus.fid-5b41923a_19c3ec54e70_8ab,1450,POINT (-38.560368 -3.80424),3055,"RUA ANTONIO DIVINO, 108",-3.80424,-38.560368,ETUFOR,2022,EPSG: 31984 (SIRGAS 2000 - UTM 24S); Codificação: UTF-8
vw_PontosdeOnibus.fid-5b41923a_19c3ec54e70_8ac,1451,POINT (-38.563838 -3.805816),3056,"RUA BENJAMIM BRASIL, 1273",-3.805816,-38.563838,ETUFOR,2022,EPSG: 31984 (SIRGAS 2000 - UTM 24S); Codificação: UTF-8
vw_PontosdeOnibus.fid-5b41923a_19c3ec54e70_8ad,1452,POINT (-38.561955 -3.805247),3057,"RUA ANTONIO DIVINO, 285",-3.805247,-38.561955,ETUFOR,2022,EPSG: 31984 (SIRGAS 2000 - UTM 24S); Codificação: UTF-8
vw_PontosdeOnibus.fid-5b41923a_19c3ec54e70_8ae,1453,POINT (-38.546015 -3.783629),306,"RUA LEAO TREZE, 509",-3.783629,-38.546015,ETUFOR,2022,EPSG: 31984 (SIRGAS 2000 - UTM 24S); Codificação: UTF-8
vw_PontosdeOnibus.fid-5b41923a_19c3ec54e70_8af,1454,POINT (-38.567322 -3.804679),3060,"RUA BENJAMIM BRASIL, 714",-3.804679,-38.567322,ETUFOR,2022,EPSG: 31984 (SIRGAS 2000 - UTM 24S); Codificação: UTF-8
vw_PontosdeOnibus.fid-5b41923a_19c3ec54e70_8b0,1455,POINT (-38.567967 -3.805631),3061,"RUA 26 BATALHAO, 123",-3.805631,-38.567967,ETUFOR,2022,EPSG: 31984 (SIRGAS 2000 - UTM 24S); Codificação: UTF-8
vw_PontosdeOnibus.fid-5b41923a_19c3ec54e70_8b1,1456,POINT (-38.553423 -3.80504),3062,"AVENIDA BERNARDO MANOEL, 9970",-3.80504,-38.553423,ETUFOR,2022,EPSG: 31984 (SIRGAS 2000 - UTM 24S); Codificação: UTF-8
vw_PontosdeOnibus.fid-5b41923a_19c3ec54e70_8b2,1457,POINT (-38.553311 -3.805079),3063,"AVENIDA BERNARDO MANOEL, 9966",-3.805079,-38.553311,ETUFOR,2022,EPSG: 31984 (SIRGAS 2000 - UTM 24S); Codificação: UTF-8
vw_PontosdeOnibus.fid-5b41923a_19c3ec54e70_8b3,1458,POINT (-38.552118 -3.801122),3066,"RUA ÁLVARES CABRAL, 9287",-3.801122,-38.552118,ETUFOR,2022,EPSG: 31984 (SIRGAS 2000 - UTM 24S); Codificação: UTF-8
vw_PontosdeOnibus.fid-5b41923a_19c3ec54e70_8b4,1459,POINT (-38.552281 -3.801251),3067,"AVENIDA BERNARDO MANOEL, 9000",-3.801251,-38.552281,ETUFOR,2022,EPSG: 31984 (SIRGAS 2000 - UTM 24S); Codificação: UTF-8
vw_PontosdeOnibus.fid-5b41923a_19c3ec54e70_8b5,1460,POINT (-38.544953 -3.783988),307,"RUA LEAO TREZE, 386",-3.783988,-38.544953,ETUFOR,2022,EPSG: 31984 (SIRGAS 2000 - UTM 24S); Codificação: UTF-8
vw_PontosdeOnibus.fid-5b41923a_19c3ec54e70_8b6,1461,POINT (-38.549667 -3.801434),3070,"RUA 136 CJ TUPAN MIRIM, 489",-3.801434,-38.549667,ETUFOR,2022,EPSG: 31984 (SIRGAS 2000 - UTM 24S); Codificação: UTF-8
vw_PontosdeOnibus.fid-5b41923a_19c3ec54e70_8b7,1462,POINT (-38.548107 -3.800023),3074,"RUA 136, S/N",-3.800023,-38.548107,ETUFOR,2022,EPSG: 31984 (SIRGAS 2000 - UTM 24S); Codificação: UTF-8
vw_PontosdeOnibus.fid-5b41923a_19c3ec54e70_8b8,1463,POINT (-38.543745 -3.784776),309,"RUA FRE ALEMAO, 192",-3.784776,-38.543745,ETUFOR,2022,EPSG: 31984 (SIRGAS 2000 - UTM 24S); Codificação: UTF-8
vw_PontosdeOnibus.fid-5b41923a_19c3ec54e70_8b9,1464,POINT (-38.55389 -3.807068),3091,"AVENIDA BERNARDO MANOEL, 10151",-3.807068,-38.55389,ETUFOR,2022,EPSG: 31984 (SIRGAS 2000 - UTM 24S); Codificação: UTF-8
vw_PontosdeOnibus.fid-5b41923a_19c3ec54e70_8ba,1465,POINT (-38.554128 -3.807394),3092,"AVENIDA BERNARDO MANOEL, 10141",-3.807394,-38.554128,ETUFOR,2022,EPSG: 31984 (SIRGAS 2000 - UTM 24S); Codificação: UTF-8
vw_PontosdeOnibus.fid-5b41923a_19c3ec54e70_8bb,1466,POINT (-38.545078 -3.80088),3094,"RUA COLETORA NORTE/SUL, S/N",-3.80088,-38.545078,ETUFOR,2022,EPSG: 31984 (SIRGAS 2000 - UTM 24S); Codificação: UTF-8
vw_PontosdeOnibus.fid-5b41923a_19c3ec54e70_8bc,1467,POINT (-38.544685 -3.800507),3096,"RUA 122 CJ TUPAN MIRIM, 130",-3.800507,-38.544685,ETUFOR,2022,EPSG: 31984 (SIRGAS 2000 - UTM 24S); Codificação: UTF-8
vw_PontosdeOnibus.fid-5b41923a_19c3ec54e70_8bd,1468,POINT (-38.543486 -3.800218),3097,"RUA 122 CJ TUPAN MIRIM, 21",-3.800218,-38.543486,ETUFOR,2022,EPSG: 31984 (SIRGAS 2000 - UTM 24S); Codificação: UTF-8
vw_PontosdeOnibus.fid-5b41923a_19c3ec54e70_8be,1469,POINT (-38.545982 -3.80183),3098,"RUA 112 CJ TUPAN MIRIM, 151",-3.80183,-38.545982,ETUFOR,2022,EPSG: 31984 (SIRGAS 2000 - UTM 24S); Codificação: UTF-8
vw_PontosdeOnibus.fid-5b41923a_19c3ec54e70_8bf,1470,POINT (-38.587929 -3.705231),31,"AVENIDA FRANCISCO SA, 7785",-3.705231,-38.587929,ETUFOR,2022,EPSG: 31984 (SIRGAS 2000 - UTM 24S); Codificação: UTF-8
vw_PontosdeOnibus.fid-5b41923a_19c3ec54e70_8c0,1471,POINT (-38.546312 -3.8023),3100,"RUA 107 CJ TUPAN MIRIM, 230",-3.8023,-38.546312,ETUFOR,2022,EPSG: 31984 (SIRGAS 2000 - UTM 24S); Codificação: UTF-8
vw_PontosdeOnibus.fid-5b41923a_19c3ec54e70_8c1,1472,POINT (-38.535957 -3.802233),3102,"RUA PRO ODILIO FILHO, 104",-3.802233,-38.535957,ETUFOR,2022,EPSG: 31984 (SIRGAS 2000 - UTM 24S); Codificação: UTF-8
vw_PontosdeOnibus.fid-5b41923a_19c3ec54e70_8c2,1473,POINT (-38.536801 -3.802263),3103,"RUA PRO ODILIO FILHO, 239",-3.802263,-38.536801,ETUFOR,2022,EPSG: 31984 (SIRGAS 2000 - UTM 24S); Codificação: UTF-8
vw_PontosdeOnibus.fid-5b41923a_19c3ec54e70_8c3,1474,POINT (-38.537385 -3.801387),3104,"RUA ARMANDO LOUZADA, 238",-3.801387,-38.537385,ETUFOR,2022,EPSG: 31984 (SIRGAS 2000 - UTM 24S); Codificação: UTF-8
vw_PontosdeOnibus.fid-5b41923a_19c3ec54e70_8c4,1475,POINT (-38.537406 -3.80148),3105,"RUA ARMANDO LOUZADA, 239",-3.80148,-38.537406,ETUFOR,2022,EPSG: 31984 (SIRGAS 2000 - UTM 24S); Codificação: UTF-8
vw_PontosdeOnibus.fid-5b41923a_19c3ec54e70_8c5,1476,POINT (-38.536977 -3.800147),3107,"RUA DES OTACILIO PEIXOTO, 681",-3.800147,-38.536977,ETUFOR,2022,EPSG: 31984 (SIRGAS 2000 - UTM 24S); Codificação: UTF-8
vw_PontosdeOnibus.fid-5b41923a_19c3ec54e70_8c6,1477,POINT (-38.536351 -3.800175),3108,"RUA DES OTACILIO PEIXOTO, 655",-3.800175,-38.536351,ETUFOR,2022,EPSG: 31984 (SIRGAS 2000 - UTM 24S); Codificação: UTF-8
vw_PontosdeOnibus.fid-5b41923a_19c3ec54e70_8c7,1478,POINT (-38.543298 -3.786104),311,"RUA MAD ELISA BALDA, 289",-3.786104,-38.543298,ETUFOR,2022,EPSG: 31984 (SIRGAS 2000 - UTM 24S); Codificação: UTF-8
vw_PontosdeOnibus.fid-5b41923a_19c3ec54e70_8c8,1479,POINT (-38.536373 -3.805954),3110,"AVENIDA PALESTINA    (D68), 1225",-3.805954,-38.536373,ETUFOR,2022,EPSG: 31984 (SIRGAS 2000 - UTM 24S); Codificação: UTF-8
vw_PontosdeOnibus.fid-5b41923a_19c3ec54e70_8c9,1480,POINT (-38.53859 -3.805565),3112,"RUA SABIAS, 251",-3.805565,-38.53859,ETUFOR,2022,EPSG: 31984 (SIRGAS 2000 - UTM 24S); Codificação: UTF-8
vw_PontosdeOnibus.fid-5b41923a_19c3ec54e70_8ca,1481,POINT (-38.538546 -3.805454),3113,"RUA SABIAS, 251",-3.805454,-38.538546,ETUFOR,2022,EPSG: 31984 (SIRGAS 2000 - UTM 24S); Codificação: UTF-8
vw_PontosdeOnibus.fid-5b41923a_19c3ec54e70_8cb,1482,POINT (-38.539011 -3.806723),3114,"RUA SABIAS, 505",-3.806723,-38.539011,ETUFOR,2022,EPSG: 31984 (SIRGAS 2000 - UTM 24S); Codificação: UTF-8
vw_PontosdeOnibus.fid-5b41923a_19c3ec54e70_8cc,1483,POINT (-38.539037 -3.806805),3115,"RUA SABIAS, 486",-3.806805,-38.539037,ETUFOR,2022,EPSG: 31984 (SIRGAS 2000 - UTM 24S); Codificação: UTF-8
vw_PontosdeOnibus.fid-5b41923a_19c3ec54e70_8cd,1484,POINT (-38.538276 -3.807844),3116,"RUA MANDACARUS,(D68), 438",-3.807844,-38.538276,ETUFOR,2022,EPSG: 31984 (SIRGAS 2000 - UTM 24S); Codificação: UTF-8
vw_PontosdeOnibus.fid-5b41923a_19c3ec54e70_8ce,1485,POINT (-38.538135 -3.807891),3117,"RUA MANDACARUS,(D68), 438",-3.807891,-38.538135,ETUFOR,2022,EPSG: 31984 (SIRGAS 2000 - UTM 24S); Codificação: UTF-8
vw_PontosdeOnibus.fid-5b41923a_19c3ec54e70_8cf,1486,POINT (-38.536933 -3.808703),3119,"RUA OITICICAS, 659",-3.808703,-38.536933,ETUFOR,2022,EPSG: 31984 (SIRGAS 2000 - UTM 24S); Codificação: UTF-8
vw_PontosdeOnibus.fid-5b41923a_19c3ec54e70_8d0,1487,POINT (-38.54293 -3.786229),312,"RUA EDUARDO MOTA, 380",-3.786229,-38.54293,ETUFOR,2022,EPSG: 31984 (SIRGAS 2000 - UTM 24S); Codificação: UTF-8
vw_PontosdeOnibus.fid-5b41923a_19c3ec54e70_8d1,1488,POINT (-38.532489 -3.803987),3122,"RUA PRUDENTE BRASIL, 146",-3.803987,-38.532489,ETUFOR,2022,EPSG: 31984 (SIRGAS 2000 - UTM 24S); Codificação: UTF-8
vw_PontosdeOnibus.fid-5b41923a_19c3ec54e70_8d2,1489,POINT (-38.532445 -3.803858),3123,"RUA PRUDENTE BRASIL, 150",-3.803858,-38.532445,ETUFOR,2022,EPSG: 31984 (SIRGAS 2000 - UTM 24S); Codificação: UTF-8
vw_PontosdeOnibus.fid-5b41923a_19c3ec54e70_8d3,1490,POINT (-38.534004 -3.800273),3124,"RUA DES OTACILIO PEIXOTO, 370",-3.800273,-38.534004,ETUFOR,2022,EPSG: 31984 (SIRGAS 2000 - UTM 24S); Codificação: UTF-8
vw_PontosdeOnibus.fid-5b41923a_19c3ec54e70_8d4,1491,POINT (-38.533174 -3.800309),3125,"RUA DES OTACILIO PEIXOTO, 310",-3.800309,-38.533174,ETUFOR,2022,EPSG: 31984 (SIRGAS 2000 - UTM 24S); Codificação: UTF-8
vw_PontosdeOnibus.fid-5b41923a_19c3ec54e70_8d5,1492,POINT (-38.529022 -3.802485),3127,"AVENIDA SILAS MUNGUBA, 3044",-3.802485,-38.529022,ETUFOR,2022,EPSG: 31984 (SIRGAS 2000 - UTM 24S); Codificação: UTF-8
vw_PontosdeOnibus.fid-5b41923a_19c3ec54e70_8d6,1493,POINT (-38.528978 -3.802641),3128,"AVENIDA DEDÉ BRASIL, 5697",-3.802641,-38.528978,ETUFOR,2022,EPSG: 31984 (SIRGAS 2000 - UTM 24S); Codificação: UTF-8
vw_PontosdeOnibus.fid-5b41923a_19c3ec54e70_8d7,1494,POINT (-38.539304 -3.786122),313,"RUA PARAGUAÇU, 1356",-3.786122,-38.539304,ETUFOR,2022,EPSG: 31984 (SIRGAS 2000 - UTM 24S); Codificação: UTF-8
vw_PontosdeOnibus.fid-5b41923a_19c3ec54e70_8d8,1495,POINT (-38.530387 -3.80308),3130,"AVENIDA HEROIS DO ACRE, 152A",-3.80308,-38.530387,ETUFOR,2022,EPSG: 31984 (SIRGAS 2000 - UTM 24S); Codificação: UTF-8
vw_PontosdeOnibus.fid-5b41923a_19c3ec54e70_8d9,1496,POINT (-38.53133 -3.80308),3131,"AVENIDA HEROIS DO ACRE, 172",-3.80308,-38.53133,ETUFOR,2022,EPSG: 31984 (SIRGAS 2000 - UTM 24S); Codificação: UTF-8
vw_PontosdeOnibus.fid-5b41923a_19c3ec54e70_8da,1497,POINT (-38.526599 -3.805395),3132,"AVENIDA SILAS MUNGUBA, 5900",-3.805395,-38.526599,ETUFOR,2022,EPSG: 31984 (SIRGAS 2000 - UTM 24S); Codificação: UTF-8
vw_PontosdeOnibus.fid-5b41923a_19c3ec54e70_8db,1498,POINT (-38.526834 -3.804996),3133,"AVENIDA DEDE BRASIL, S/N",-3.804996,-38.526834,ETUFOR,2022,EPSG: 31984 (SIRGAS 2000 - UTM 24S); Codificação: UTF-8
vw_PontosdeOnibus.fid-5b41923a_19c3ec54e70_8dc,1499,POINT (-38.525874 -3.808591),3134,"AVENIDA JUSCELINO KUBITSCHECK, 3300",-3.808591,-38.525874,ETUFOR,2022,EPSG: 31984 (SIRGAS 2000 - UTM 24S); Codificação: UTF-8
vw_PontosdeOnibus.fid-5b41923a_19c3ec54e70_8dd,1500,POINT (-38.526056 -3.808549),3135,"AVENIDA JUSCELINO KUBITSCHECK, 3300",-3.808549,-38.526056,ETUFOR,2022,EPSG: 31984 (SIRGAS 2000 - UTM 24S); Codificação: UTF-8
vw_PontosdeOnibus.fid-5b41923a_19c3ec54e70_8de,1501,POINT (-38.533764 -3.807695),3136,"AVENIDA PRUDENTE BRASIL, 535",-3.807695,-38.533764,ETUFOR,2022,EPSG: 31984 (SIRGAS 2000 - UTM 24S); Codificação: UTF-8
vw_PontosdeOnibus.fid-5b41923a_19c3ec54e70_8df,1502,POINT (-38.53857 -3.786212),314,"RUA BRUNO VALENTE, 526",-3.786212,-38.53857,ETUFOR,2022,EPSG: 31984 (SIRGAS 2000 - UTM 24S); Codificação: UTF-8
vw_PontosdeOnibus.fid-5b41923a_19c3ec54e70_8e0,1503,POINT (-38.538507 -3.786019),315,"RUA BRUNO VALENTE, 475",-3.786019,-38.538507,ETUFOR,2022,EPSG: 31984 (SIRGAS 2000 - UTM 24S); Codificação: UTF-8
vw_PontosdeOnibus.fid-5b41923a_19c3ec54e70_8e1,1504,POINT (-38.516992 -3.805145),3150,"RUA ADELIA FEIJO, 470",-3.805145,-38.516992,ETUFOR,2022,EPSG: 31984 (SIRGAS 2000 - UTM 24S); Codificação: UTF-8
vw_PontosdeOnibus.fid-5b41923a_19c3ec54e70_8e2,1505,POINT (-38.517147 -3.805019),3151,"RUA ADELIA FEIJO, 455",-3.805019,-38.517147,ETUFOR,2022,EPSG: 31984 (SIRGAS 2000 - UTM 24S); Codificação: UTF-8
vw_PontosdeOnibus.fid-5b41923a_19c3ec54e70_8e3,1506,POINT (-38.518003 -3.806603),3152,"RUA JOSÉ DA FRANÇA CABRAL, 647",-3.806603,-38.518003,ETUFOR,2022,EPSG: 31984 (SIRGAS 2000 - UTM 24S); Codificação: UTF-8
vw_PontosdeOnibus.fid-5b41923a_19c3ec54e70_8e4,1507,POINT (-38.517929 -3.806509),3153,"RUA JOSÉ DA FRANÇA CABRAL, 574",-3.806509,-38.517929,ETUFOR,2022,EPSG: 31984 (SIRGAS 2000 - UTM 24S); Codificação: UTF-8
vw_PontosdeOnibus.fid-5b41923a_19c3ec54e70_8e5,1508,POINT (-38.521928 -3.809578),3157,"AVENIDA DEP PAULINO ROCHA, 2835",-3.809578,-38.521928,ETUFOR,2022,EPSG: 31984 (SIRGAS 2000 - UTM 24S); Codificação: UTF-8
vw_PontosdeOnibus.fid-5b41923a_19c3ec54e70_8e6,1509,POINT (-38.538148 -3.784937),316,"RUA BRUNO VALENTE, 382",-3.784937,-38.538148,ETUFOR,2022,EPSG: 31984 (SIRGAS 2000 - UTM 24S); Codificação: UTF-8
vw_PontosdeOnibus.fid-5b41923a_19c3ec54e70_8e7,1510,POINT (-38.488462 -3.803158),3161,"AVENIDA PEDRO LAZAR, 890",-3.803158,-38.488462,ETUFOR,2022,EPSG: 31984 (SIRGAS 2000 - UTM 24S); Codificação: UTF-8
vw_PontosdeOnibus.fid-5b41923a_19c3ec54e70_8e8,1511,POINT (-38.488474 -3.803061),3162,"AVENIDA PEDRO LAZAR, 890",-3.803061,-38.488474,ETUFOR,2022,EPSG: 31984 (SIRGAS 2000 - UTM 24S); Codificação: UTF-8
vw_PontosdeOnibus.fid-5b41923a_19c3ec54e70_8e9,1512,POINT (-38.488474 -3.805134),3164,"AVENIDA PEDRO LAZAR, 1303",-3.805134,-38.488474,ETUFOR,2022,EPSG: 31984 (SIRGAS 2000 - UTM 24S); Codificação: UTF-8
vw_PontosdeOnibus.fid-5b41923a_19c3ec54e70_8ea,1513,POINT (-38.479463 -3.802428),3166,"AVENIDA WASHINGTON SOARES, S/R",-3.802428,-38.479463,ETUFOR,2022,EPSG: 31984 (SIRGAS 2000 - UTM 24S); Codificação: UTF-8
vw_PontosdeOnibus.fid-5b41923a_19c3ec54e70_8eb,1514,POINT (-38.479313 -3.802419),3167,"AVENIDA WASHINGTON SOARES, 5049",-3.802419,-38.479313,ETUFOR,2022,EPSG: 31984 (SIRGAS 2000 - UTM 24S); Codificação: UTF-8
vw_PontosdeOnibus.fid-5b41923a_19c3ec54e70_8ec,1515,POINT (-38.479051 -3.805469),3168,"AVENIDA WASHINGTON SOARES, 5295",-3.805469,-38.479051,ETUFOR,2022,EPSG: 31984 (SIRGAS 2000 - UTM 24S); Codificação: UTF-8
vw_PontosdeOnibus.fid-5b41923a_19c3ec54e70_8ed,1516,POINT (-38.479203 -3.805478),3169,"AVENIDA WASHINGTON SOARES, 5300",-3.805478,-38.479203,ETUFOR,2022,EPSG: 31984 (SIRGAS 2000 - UTM 24S); Codificação: UTF-8
vw_PontosdeOnibus.fid-5b41923a_19c3ec54e70_8ee,1517,POINT (-38.538014 -3.784534),317,"RUA BRUNO VALENTE, 307",-3.784534,-38.538014,ETUFOR,2022,EPSG: 31984 (SIRGAS 2000 - UTM 24S); Codificação: UTF-8
vw_PontosdeOnibus.fid-5b41923a_19c3ec54e70_8ef,1518,POINT (-38.479091 -3.807154),3170,"AVENIDA WASHINGTON SOARES, 5461",-3.807154,-38.479091,ETUFOR,2022,EPSG: 31984 (SIRGAS 2000 - UTM 24S); Codificação: UTF-8
vw_PontosdeOnibus.fid-5b41923a_19c3ec54e70_8f0,1519,POINT (-38.470811 -3.807618),3172,"AVENIDA MAE LISBOA, 1011",-3.807618,-38.470811,ETUFOR,2022,EPSG: 31984 (SIRGAS 2000 - UTM 24S); Codificação: UTF-8
vw_PontosdeOnibus.fid-5b41923a_19c3ec54e70_8f1,1520,POINT (-38.468899 -3.80792),3174,"AVENIDA PRS ARTUR BERNARDES, S/N",-3.80792,-38.468899,ETUFOR,2022,EPSG: 31984 (SIRGAS 2000 - UTM 24S); Codificação: UTF-8
vw_PontosdeOnibus.fid-5b41923a_19c3ec54e70_8f2,1521,POINT (-38.4603 -3.806535),3178,"RUA MAE LISBOA, 70",-3.806535,-38.4603,ETUFOR,2022,EPSG: 31984 (SIRGAS 2000 - UTM 24S); Codificação: UTF-8
vw_PontosdeOnibus.fid-5b41923a_19c3ec54e70_8f3,1522,POINT (-38.459911 -3.805017),3179,"RUA FRANCISCA BEZERRA, 417",-3.805017,-38.459911,ETUFOR,2022,EPSG: 31984 (SIRGAS 2000 - UTM 24S); Codificação: UTF-8
vw_PontosdeOnibus.fid-5b41923a_19c3ec54e70_8f4,1523,POINT (-38.53847 -3.783739),318,"RUA PARAGUAÇU, 1065",-3.783739,-38.53847,ETUFOR,2022,EPSG: 31984 (SIRGAS 2000 - UTM 24S); Codificação: UTF-8
vw_PontosdeOnibus.fid-5b41923a_19c3ec54e70_8f5,1524,POINT (-38.458184 -3.803336),3180,"RUA JOSE JULIO FEITOSA, 420",-3.803336,-38.458184,ETUFOR,2022,EPSG: 31984 (SIRGAS 2000 - UTM 24S); Codificação: UTF-8
vw_PontosdeOnibus.fid-5b41923a_19c3ec54e70_8f6,1525,POINT (-38.459451 -3.803607),3181,"RUA FRANCISCA BEZERRA, 275",-3.803607,-38.459451,ETUFOR,2022,EPSG: 31984 (SIRGAS 2000 - UTM 24S); Codificação: UTF-8
vw_PontosdeOnibus.fid-5b41923a_19c3ec54e70_8f7,1526,POINT (-38.45855 -3.802481),3182,"RUA BENEDITO DE SOUSA, S/N",-3.802481,-38.45855,ETUFOR,2022,EPSG: 31984 (SIRGAS 2000 - UTM 24S); Codificação: UTF-8
vw_PontosdeOnibus.fid-5b41923a_19c3ec54e70_8f8,1527,POINT (-38.459219 -3.80646),3183,"RUA JOSE JULIO FEITOSA, 70",-3.80646,-38.459219,ETUFOR,2022,EPSG: 31984 (SIRGAS 2000 - UTM 24S); Codificação: UTF-8
vw_PontosdeOnibus.fid-5b41923a_19c3ec54e70_8f9,1528,POINT (-38.455309 -3.806365),3185,"AVENIDA MAE LISBOA, 5860",-3.806365,-38.455309,ETUFOR,2022,EPSG: 31984 (SIRGAS 2000 - UTM 24S); Codificação: UTF-8
vw_PontosdeOnibus.fid-5b41923a_19c3ec54e70_8fa,1529,POINT (-38.451477 -3.805235),3188,"RUA ANSELMO NOGUEIRA, 445",-3.805235,-38.451477,ETUFOR,2022,EPSG: 31984 (SIRGAS 2000 - UTM 24S); Codificação: UTF-8
vw_PontosdeOnibus.fid-5b41923a_19c3ec54e70_8fb,1530,POINT (-38.538429 -3.78362),319,"RUA PARAGUAÇU, 231",-3.78362,-38.538429,ETUFOR,2022,EPSG: 31984 (SIRGAS 2000 - UTM 24S); Codificação: UTF-8
vw_PontosdeOnibus.fid-5b41923a_19c3ec54e70_8fc,1531,POINT (-38.451554 -3.803832),3190,"RUA ANSELMO NOGUEIRA, 299",-3.803832,-38.451554,ETUFOR,2022,EPSG: 31984 (SIRGAS 2000 - UTM 24S); Codificação: UTF-8
vw_PontosdeOnibus.fid-5b41923a_19c3ec54e70_8fd,1532,POINT (-38.451559 -3.803738),3191,"RUA ANSELMO NOGUEIRA, 299",-3.803738,-38.451559,ETUFOR,2022,EPSG: 31984 (SIRGAS 2000 - UTM 24S); Codificação: UTF-8
vw_PontosdeOnibus.fid-5b41923a_19c3ec54e70_8fe,1533,POINT (-38.451674 -3.801638),3193,"RUA ANSELMO NOGUEIRA, 130",-3.801638,-38.451674,ETUFOR,2022,EPSG: 31984 (SIRGAS 2000 - UTM 24S); Codificação: UTF-8
vw_PontosdeOnibus.fid-5b41923a_19c3ec54e70_8ff,1534,POINT (-38.415074 -3.808943),3196,"AVENIDA MAE MANOEL MAVIGNIER, 7185",-3.808943,-38.415074,ETUFOR,2022,EPSG: 31984 (SIRGAS 2000 - UTM 24S); Codificação: UTF-8
vw_PontosdeOnibus.fid-5b41923a_19c3ec54e70_900,1535,POINT (-38.552787 -3.809509),3197,"RUA 12 PLANALTO ITAPERI, 120",-3.809509,-38.552787,ETUFOR,2022,EPSG: 31984 (SIRGAS 2000 - UTM 24S); Codificação: UTF-8
vw_PontosdeOnibus.fid-5b41923a_19c3ec54e70_901,1536,POINT (-38.553694 -3.810056),3198,"RUA 13 PLANALTO ITAPERI, 85",-3.810056,-38.553694,ETUFOR,2022,EPSG: 31984 (SIRGAS 2000 - UTM 24S); Codificação: UTF-8
vw_PontosdeOnibus.fid-5b41923a_19c3ec54e70_902,1537,POINT (-38.584548 -3.707274),32,"AVENIDA FRANCISCO SA, 7320",-3.707274,-38.584548,ETUFOR,2022,EPSG: 31984 (SIRGAS 2000 - UTM 24S); Codificação: UTF-8
vw_PontosdeOnibus.fid-5b41923a_19c3ec54e70_903,1538,POINT (-38.53801 -3.782477),320,"RUA PARAGUAÇU, 787",-3.782477,-38.53801,ETUFOR,2022,EPSG: 31984 (SIRGAS 2000 - UTM 24S); Codificação: UTF-8
vw_PontosdeOnibus.fid-5b41923a_19c3ec54e70_904,1539,POINT (-38.555382 -3.811592),3200,"AVENIDA BERNARDO MANOEL, 10582",-3.811592,-38.555382,ETUFOR,2022,EPSG: 31984 (SIRGAS 2000 - UTM 24S); Codificação: UTF-8
vw_PontosdeOnibus.fid-5b41923a_19c3ec54e70_905,1540,POINT (-38.556408 -3.814892),3201,"AVENIDA BERNARDO MANOEL, 10921",-3.814892,-38.556408,ETUFOR,2022,EPSG: 31984 (SIRGAS 2000 - UTM 24S); Codificação: UTF-8
vw_PontosdeOnibus.fid-5b41923a_19c3ec54e70_906,1541,POINT (-38.556319 -3.815023),3202,"AVENIDA BERNARDO MANOEL, 10919",-3.815023,-38.556319,ETUFOR,2022,EPSG: 31984 (SIRGAS 2000 - UTM 24S); Codificação: UTF-8
vw_PontosdeOnibus.fid-5b41923a_19c3ec54e70_907,1542,POINT (-38.546009 -3.780905),3204,"AVENIDA BERNARDO MANOEL, 7154",-3.780905,-38.546009,ETUFOR,2022,EPSG: 31984 (SIRGAS 2000 - UTM 24S); Codificação: UTF-8
vw_PontosdeOnibus.fid-5b41923a_19c3ec54e70_908,1543,POINT (-38.546046 -3.78144),3205,"AVENIDA BERNARDO MANOEL, 7211",-3.78144,-38.546046,ETUFOR,2022,EPSG: 31984 (SIRGAS 2000 - UTM 24S); Codificação: UTF-8
vw_PontosdeOnibus.fid-5b41923a_19c3ec54e70_909,1544,POINT (-38.540364 -3.778988),3208,"AVENIDA EMBARQUE DESEMBARQUE AERO, SN",-3.778988,-38.540364,ETUFOR,2022,EPSG: 31984 (SIRGAS 2000 - UTM 24S); Codificação: UTF-8
vw_PontosdeOnibus.fid-5b41923a_19c3ec54e70_90a,1545,POINT (-38.538328 -3.781311),3209,"AVENIDA CARLOS JEREISSATI, 1550",-3.781311,-38.538328,ETUFOR,2022,EPSG: 31984 (SIRGAS 2000 - UTM 24S); Codificação: UTF-8
vw_PontosdeOnibus.fid-5b41923a_19c3ec54e70_90b,1546,POINT (-38.537968 -3.782353),321,"RUA PARAGUAÇU, 740",-3.782353,-38.537968,ETUFOR,2022,EPSG: 31984 (SIRGAS 2000 - UTM 24S); Codificação: UTF-8
vw_PontosdeOnibus.fid-5b41923a_19c3ec54e70_90c,1547,POINT (-38.529573 -3.773302),3210,"AVENIDA LAURO VIEIRA CHAVES, 275",-3.773302,-38.529573,ETUFOR,2022,EPSG: 31984 (SIRGAS 2000 - UTM 24S); Codificação: UTF-8
vw_PontosdeOnibus.fid-5b41923a_19c3ec54e70_90d,1548,POINT (-38.53143 -3.773468),3211,"AVENIDA LAURO VIEIRA CHAVES, 605",-3.773468,-38.53143,ETUFOR,2022,EPSG: 31984 (SIRGAS 2000 - UTM 24S); Codificação: UTF-8
vw_PontosdeOnibus.fid-5b41923a_19c3ec54e70_90e,1549,POINT (-38.515934 -3.773805),3212,"AVENIDA BR 116, 6005",-3.773805,-38.515934,ETUFOR,2022,EPSG: 31984 (SIRGAS 2000 - UTM 24S); Codificação: UTF-8
vw_PontosdeOnibus.fid-5b41923a_19c3ec54e70_90f,1550,POINT (-38.515374 -3.77577),3214,"AVENIDA BR 116, 6243",-3.77577,-38.515374,ETUFOR,2022,EPSG: 31984 (SIRGAS 2000 - UTM 24S); Codificação: UTF-8
vw_PontosdeOnibus.fid-5b41923a_19c3ec54e70_910,1551,POINT (-38.515311 -3.77695),3215,"RODOVIA BR 116, 6306",-3.77695,-38.515311,ETUFOR,2022,EPSG: 31984 (SIRGAS 2000 - UTM 24S); Codificação: UTF-8
vw_PontosdeOnibus.fid-5b41923a_19c3ec54e70_911,1552,POINT (-38.514855 -3.777778),3216,"AVENIDA BR 116, 6395",-3.777778,-38.514855,ETUFOR,2022,EPSG: 31984 (SIRGAS 2000 - UTM 24S); Codificação: UTF-8
vw_PontosdeOnibus.fid-5b41923a_19c3ec54e70_912,1553,POINT (-38.512942 -3.774526),3218,"AVENIDA DOR RAUL BARBOSA, 6932",-3.774526,-38.512942,ETUFOR,2022,EPSG: 31984 (SIRGAS 2000 - UTM 24S); Codificação: UTF-8
vw_PontosdeOnibus.fid-5b41923a_19c3ec54e70_913,1554,POINT (-38.5128 -3.774232),3219,"AVENIDA RAUL BARBOSA, 6979",-3.774232,-38.5128,ETUFOR,2022,EPSG: 31984 (SIRGAS 2000 - UTM 24S); Codificação: UTF-8
vw_PontosdeOnibus.fid-5b41923a_19c3ec54e70_914,1555,POINT (-38.53734 -3.78256),322,"RUA BRUNO VALENTE, 155",-3.78256,-38.53734,ETUFOR,2022,EPSG: 31984 (SIRGAS 2000 - UTM 24S); Codificação: UTF-8
vw_PontosdeOnibus.fid-5b41923a_19c3ec54e70_915,1556,POINT (-38.50554 -3.776134),3220,"RUA 2 CJ T JEREISSATI, 459",-3.776134,-38.50554,ETUFOR,2022,EPSG: 31984 (SIRGAS 2000 - UTM 24S); Codificação: UTF-8
vw_PontosdeOnibus.fid-5b41923a_19c3ec54e70_916,1557,POINT (-38.503343 -3.780499),3225,"RUA PDE FRANCISCO PITA, 214",-3.780499,-38.503343,ETUFOR,2022,EPSG: 31984 (SIRGAS 2000 - UTM 24S); Codificação: UTF-8
vw_PontosdeOnibus.fid-5b41923a_19c3ec54e70_917,1558,POINT (-38.503451 -3.780467),3226,"RUA PDE FRANCISCO PITA, 263",-3.780467,-38.503451,ETUFOR,2022,EPSG: 31984 (SIRGAS 2000 - UTM 24S); Codificação: UTF-8
vw_PontosdeOnibus.fid-5b41923a_19c3ec54e70_918,1559,POINT (-38.513643 -3.781442),3227,"RODOVIA BR 116, 6701",-3.781442,-38.513643,ETUFOR,2022,EPSG: 31984 (SIRGAS 2000 - UTM 24S); Codificação: UTF-8
vw_PontosdeOnibus.fid-5b41923a_19c3ec54e70_919,1560,POINT (-38.501426 -3.779217),3229,"RUA ROGACIANO LEITE, 2514",-3.779217,-38.501426,ETUFOR,2022,EPSG: 31984 (SIRGAS 2000 - UTM 24S); Codificação: UTF-8
vw_PontosdeOnibus.fid-5b41923a_19c3ec54e70_91a,1561,POINT (-38.537384 -3.782686),323,"RUA BRUNO VALENTE, 178",-3.782686,-38.537384,ETUFOR,2022,EPSG: 31984 (SIRGAS 2000 - UTM 24S); Codificação: UTF-8
vw_PontosdeOnibus.fid-5b41923a_19c3ec54e70_91b,1562,POINT (-38.501069 -3.775908),3231,"RUA FRANCISCO CHAGAS MENDES, 241",-3.775908,-38.501069,ETUFOR,2022,EPSG: 31984 (SIRGAS 2000 - UTM 24S); Codificação: UTF-8
vw_PontosdeOnibus.fid-5b41923a_19c3ec54e70_91c,1563,POINT (-38.500974 -3.775941),3232,"RUA FRANCISCO CHAGAS MENDES, 241",-3.775941,-38.500974,ETUFOR,2022,EPSG: 31984 (SIRGAS 2000 - UTM 24S); Codificação: UTF-8
vw_PontosdeOnibus.fid-5b41923a_19c3ec54e70_91d,1564,POINT (-38.501069 -3.775266),3233,"RUA ESMERINDA MENDES, 869",-3.775266,-38.501069,ETUFOR,2022,EPSG: 31984 (SIRGAS 2000 - UTM 24S); Codificação: UTF-8
vw_PontosdeOnibus.fid-5b41923a_19c3ec54e70_91e,1565,POINT (-38.501002 -3.775054),3234,"RUA ESMERINDA MENDES, 886",-3.775054,-38.501002,ETUFOR,2022,EPSG: 31984 (SIRGAS 2000 - UTM 24S); Codificação: UTF-8
vw_PontosdeOnibus.fid-5b41923a_19c3ec54e70_91f,1566,POINT (-38.500426 -3.773277),3235,"RUA ESMERINDA MENDES, 689",-3.773277,-38.500426,ETUFOR,2022,EPSG: 31984 (SIRGAS 2000 - UTM 24S); Codificação: UTF-8
vw_PontosdeOnibus.fid-5b41923a_19c3ec54e70_920,1567,POINT (-38.49918 -3.778152),3236,"RUA ANTONIO ROCHA, 648",-3.778152,-38.49918,ETUFOR,2022,EPSG: 31984 (SIRGAS 2000 - UTM 24S); Codificação: UTF-8
vw_PontosdeOnibus.fid-5b41923a_19c3ec54e70_921,1568,POINT (-38.499205 -3.777966),3237,"RUA ANTONIO ROCHA, 652",-3.777966,-38.499205,ETUFOR,2022,EPSG: 31984 (SIRGAS 2000 - UTM 24S); Codificação: UTF-8
vw_PontosdeOnibus.fid-5b41923a_19c3ec54e70_922,1569,POINT (-38.490703 -3.773916),3238,"RUA LUIZA MIRANDA COELHO, 660",-3.773916,-38.490703,ETUFOR,2022,EPSG: 31984 (SIRGAS 2000 - UTM 24S); Codificação: UTF-8
vw_PontosdeOnibus.fid-5b41923a_19c3ec54e70_923,1570,POINT (-38.490805 -3.773885),3239,"RUA LUIZA MIRANDA COELHO, 670",-3.773885,-38.490805,ETUFOR,2022,EPSG: 31984 (SIRGAS 2000 - UTM 24S); Codificação: UTF-8
vw_PontosdeOnibus.fid-5b41923a_19c3ec54e70_924,1571,POINT (-38.539046 -3.787679),324,"RUA BRUNO VALENTE, 647",-3.787679,-38.539046,ETUFOR,2022,EPSG: 31984 (SIRGAS 2000 - UTM 24S); Codificação: UTF-8
vw_PontosdeOnibus.fid-5b41923a_19c3ec54e70_925,1572,POINT (-38.488074 -3.774688),3240,"RUA LUIZA MIRANDA COELHO, 990",-3.774688,-38.488074,ETUFOR,2022,EPSG: 31984 (SIRGAS 2000 - UTM 24S); Codificação: UTF-8
vw_PontosdeOnibus.fid-5b41923a_19c3ec54e70_926,1573,POINT (-38.488643 -3.774529),3241,"RUA LUIZA MIRANDA COELHO, 955",-3.774529,-38.488643,ETUFOR,2022,EPSG: 31984 (SIRGAS 2000 - UTM 24S); Codificação: UTF-8
vw_PontosdeOnibus.fid-5b41923a_19c3ec54e70_927,1574,POINT (-38.486688 -3.775104),3242,"RUA LUIZA MIRANDA COELHO, 1135",-3.775104,-38.486688,ETUFOR,2022,EPSG: 31984 (SIRGAS 2000 - UTM 24S); Codificação: UTF-8
vw_PontosdeOnibus.fid-5b41923a_19c3ec54e70_928,1575,POINT (-38.481506 -3.776288),3243,"AVENIDA WASHINGTON SOARES, SN",-3.776288,-38.481506,ETUFOR,2022,EPSG: 31984 (SIRGAS 2000 - UTM 24S); Codificação: UTF-8
vw_PontosdeOnibus.fid-5b41923a_19c3ec54e70_929,1576,POINT (-38.481778 -3.775036),3244,"AVENIDA WASHINGTON SOARES, SN",-3.775036,-38.481778,ETUFOR,2022,EPSG: 31984 (SIRGAS 2000 - UTM 24S); Codificação: UTF-8
vw_PontosdeOnibus.fid-5b41923a_19c3ec54e70_92a,1577,POINT (-38.480443 -3.774344),3246,"RUA DOR CARLOS R PAMPLONA, 100",-3.774344,-38.480443,ETUFOR,2022,EPSG: 31984 (SIRGAS 2000 - UTM 24S); Codificação: UTF-8
vw_PontosdeOnibus.fid-5b41923a_19c3ec54e70_92b,1578,POINT (-38.478105 -3.774544),3247,"RUA HILL DE MORAES, SN",-3.774544,-38.478105,ETUFOR,2022,EPSG: 31984 (SIRGAS 2000 - UTM 24S); Codificação: UTF-8
vw_PontosdeOnibus.fid-5b41923a_19c3ec54e70_92c,1579,POINT (-38.478083 -3.774807),3248,"RUA FRANCISCO SEGUNDO DA COSTA, 210",-3.774807,-38.478083,ETUFOR,2022,EPSG: 31984 (SIRGAS 2000 - UTM 24S); Codificação: UTF-8
vw_PontosdeOnibus.fid-5b41923a_19c3ec54e70_92d,1580,POINT (-38.477846 -3.774106),3249,"RUA DOR CARLOS R PAMPLONA, 433",-3.774106,-38.477846,ETUFOR,2022,EPSG: 31984 (SIRGAS 2000 - UTM 24S); Codificação: UTF-8
vw_PontosdeOnibus.fid-5b41923a_19c3ec54e70_92e,1581,POINT (-38.539139 -3.787957),325,"RUA BRUNO VALENTE, 688",-3.787957,-38.539139,ETUFOR,2022,EPSG: 31984 (SIRGAS 2000 - UTM 24S); Codificação: UTF-8
vw_PontosdeOnibus.fid-5b41923a_19c3ec54e70_92f,1582,POINT (-38.47594 -3.775212),3251,"RUA HILL DE MORAES, 215",-3.775212,-38.47594,ETUFOR,2022,EPSG: 31984 (SIRGAS 2000 - UTM 24S); Codificação: UTF-8
vw_PontosdeOnibus.fid-5b41923a_19c3ec54e70_930,1583,POINT (-38.475667 -3.775117),3252,"RUA HILL DE MORAES, 322",-3.775117,-38.475667,ETUFOR,2022,EPSG: 31984 (SIRGAS 2000 - UTM 24S); Codificação: UTF-8
vw_PontosdeOnibus.fid-5b41923a_19c3ec54e70_931,1584,POINT (-38.475041 -3.773881),3253,"RUA HILL DE MORAES, 410",-3.773881,-38.475041,ETUFOR,2022,EPSG: 31984 (SIRGAS 2000 - UTM 24S); Codificação: UTF-8
vw_PontosdeOnibus.fid-5b41923a_19c3ec54e70_932,1585,POINT (-38.474999 -3.773628),3254,"RUA HILL DE MORAES, 442",-3.773628,-38.474999,ETUFOR,2022,EPSG: 31984 (SIRGAS 2000 - UTM 24S); Codificação: UTF-8
vw_PontosdeOnibus.fid-5b41923a_19c3ec54e70_933,1586,POINT (-38.47262 -3.775313),3255,"RUA G CJ VILAGE ÁGUA FRIA, 244-A",-3.775313,-38.47262,ETUFOR,2022,EPSG: 31984 (SIRGAS 2000 - UTM 24S); Codificação: UTF-8
vw_PontosdeOnibus.fid-5b41923a_19c3ec54e70_934,1587,POINT (-38.472512 -3.775358),3256,"RUA G CJ VILAGE ÁGUA FRIA, SN",-3.775358,-38.472512,ETUFOR,2022,EPSG: 31984 (SIRGAS 2000 - UTM 24S); Codificação: UTF-8
vw_PontosdeOnibus.fid-5b41923a_19c3ec54e70_935,1588,POINT (-38.472049 -3.773825),3257,"RUA ESIO LIMA VERDE, 74",-3.773825,-38.472049,ETUFOR,2022,EPSG: 31984 (SIRGAS 2000 - UTM 24S); Codificação: UTF-8
vw_PontosdeOnibus.fid-5b41923a_19c3ec54e70_936,1589,POINT (-38.471521 -3.773893),3258,"RUA DOR GUIDO FURTADO PINTO, 75",-3.773893,-38.471521,ETUFOR,2022,EPSG: 31984 (SIRGAS 2000 - UTM 24S); Codificação: UTF-8
vw_PontosdeOnibus.fid-5b41923a_19c3ec54e70_937,1590,POINT (-38.471567 -3.774016),3259,"RUA DOR GUIDO FURTADO PINTO, 75",-3.774016,-38.471567,ETUFOR,2022,EPSG: 31984 (SIRGAS 2000 - UTM 24S); Codificação: UTF-8
vw_PontosdeOnibus.fid-5b41923a_19c3ec54e70_938,1591,POINT (-38.537218 -3.788923),326,"RUA ANITA GARIBALDI, 298",-3.788923,-38.537218,ETUFOR,2022,EPSG: 31984 (SIRGAS 2000 - UTM 24S); Codificação: UTF-8
vw_PontosdeOnibus.fid-5b41923a_19c3ec54e70_939,1592,POINT (-38.469275 -3.773062),3260,"RUA CIDADE ECOLOGICA, 121",-3.773062,-38.469275,ETUFOR,2022,EPSG: 31984 (SIRGAS 2000 - UTM 24S); Codificação: UTF-8
vw_PontosdeOnibus.fid-5b41923a_19c3ec54e70_93a,1593,POINT (-38.469721 -3.772916),3261,"RUA CIDADE ECOLOGICA, 80",-3.772916,-38.469721,ETUFOR,2022,EPSG: 31984 (SIRGAS 2000 - UTM 24S); Codificação: UTF-8
vw_PontosdeOnibus.fid-5b41923a_19c3ec54e70_93b,1594,POINT (-38.465806 -3.77379),3262,"RUA CIDADE ECOLOGICA, 420",-3.77379,-38.465806,ETUFOR,2022,EPSG: 31984 (SIRGAS 2000 - UTM 24S); Codificação: UTF-8
vw_PontosdeOnibus.fid-5b41923a_19c3ec54e70_93c,1595,POINT (-38.466213 -3.773654),3263,"RUA CIDADE ECOLOGICA, 420",-3.773654,-38.466213,ETUFOR,2022,EPSG: 31984 (SIRGAS 2000 - UTM 24S); Codificação: UTF-8
vw_PontosdeOnibus.fid-5b41923a_19c3ec54e70_93d,1596,POINT (-38.463169 -3.773984),3264,"RUA CIDADE ECOLOGICA, 748",-3.773984,-38.463169,ETUFOR,2022,EPSG: 31984 (SIRGAS 2000 - UTM 24S); Codificação: UTF-8
vw_PontosdeOnibus.fid-5b41923a_19c3ec54e70_93e,1597,POINT (-38.519974 -3.75617),3266,"AVENIDA VIS RIO BRANCO, 4000",-3.75617,-38.519974,ETUFOR,2022,EPSG: 31984 (SIRGAS 2000 - UTM 24S); Codificação: UTF-8
vw_PontosdeOnibus.fid-5b41923a_19c3ec54e70_93f,1598,POINT (-38.5195 -3.756665),3267,"RUA MON SALAZAR, 19",-3.756665,-38.5195,ETUFOR,2022,EPSG: 31984 (SIRGAS 2000 - UTM 24S); Codificação: UTF-8
vw_PontosdeOnibus.fid-5b41923a_19c3ec54e70_940,1599,POINT (-38.51776 -3.755735),3268,"RUA FRE VIDAL, 1814",-3.755735,-38.51776,ETUFOR,2022,EPSG: 31984 (SIRGAS 2000 - UTM 24S); Codificação: UTF-8
vw_PontosdeOnibus.fid-5b41923a_19c3ec54e70_941,1600,POINT (-38.517184 -3.756435),3269,"RUA MON SALAZAR, 279",-3.756435,-38.517184,ETUFOR,2022,EPSG: 31984 (SIRGAS 2000 - UTM 24S); Codificação: UTF-8
vw_PontosdeOnibus.fid-5b41923a_19c3ec54e70_942,1601,POINT (-38.537148 -3.788949),327,"RUA ANITA GARIBALDI, 295",-3.788949,-38.537148,ETUFOR,2022,EPSG: 31984 (SIRGAS 2000 - UTM 24S); Codificação: UTF-8
vw_PontosdeOnibus.fid-5b41923a_19c3ec54e70_943,1602,POINT (-38.514371 -3.756152),3270,"RUA MON SALAZAR, 563",-3.756152,-38.514371,ETUFOR,2022,EPSG: 31984 (SIRGAS 2000 - UTM 24S); Codificação: UTF-8
vw_PontosdeOnibus.fid-5b41923a_19c3ec54e70_944,1603,POINT (-38.515535 -3.757372),3271,"RUA PAULO FIRMEZA, 60",-3.757372,-38.515535,ETUFOR,2022,EPSG: 31984 (SIRGAS 2000 - UTM 24S); Codificação: UTF-8
vw_PontosdeOnibus.fid-5b41923a_19c3ec54e70_945,1604,POINT (-38.514076 -3.759661),3273,"RUA ANA GONCALVES, 244",-3.759661,-38.514076,ETUFOR,2022,EPSG: 31984 (SIRGAS 2000 - UTM 24S); Codificação: UTF-8
vw_PontosdeOnibus.fid-5b41923a_19c3ec54e70_946,1605,POINT (-38.516188 -3.763754),3274,"RUA CAP OLAVO, 173",-3.763754,-38.516188,ETUFOR,2022,EPSG: 31984 (SIRGAS 2000 - UTM 24S); Codificação: UTF-8
vw_PontosdeOnibus.fid-5b41923a_19c3ec54e70_947,1606,POINT (-38.517966 -3.761588),3276,"AVENIDA BORGES DE MELO, 60",-3.761588,-38.517966,ETUFOR,2022,EPSG: 31984 (SIRGAS 2000 - UTM 24S); Codificação: UTF-8
vw_PontosdeOnibus.fid-5b41923a_19c3ec54e70_948,1607,POINT (-38.519733 -3.761411),3277,"AVENIDA BORGES DE MELO, SN",-3.761411,-38.519733,ETUFOR,2022,EPSG: 31984 (SIRGAS 2000 - UTM 24S); Codificação: UTF-8
vw_PontosdeOnibus.fid-5b41923a_19c3ec54e70_949,1608,POINT (-38.521038 -3.76114),3278,"AVENIDA BORGES DE MELO, SN",-3.76114,-38.521038,ETUFOR,2022,EPSG: 31984 (SIRGAS 2000 - UTM 24S); Codificação: UTF-8
vw_PontosdeOnibus.fid-5b41923a_19c3ec54e70_94a,1609,POINT (-38.535934 -3.789378),328,"RUA ANITA GARIBALDI, 64",-3.789378,-38.535934,ETUFOR,2022,EPSG: 31984 (SIRGAS 2000 - UTM 24S); Codificação: UTF-8
vw_PontosdeOnibus.fid-5b41923a_19c3ec54e70_94b,1610,POINT (-38.523826 -3.759435),3280,"AVENIDA AGUANAMBI, 2479",-3.759435,-38.523826,ETUFOR,2022,EPSG: 31984 (SIRGAS 2000 - UTM 24S); Codificação: UTF-8
vw_PontosdeOnibus.fid-5b41923a_19c3ec54e70_94c,1611,POINT (-38.51266 -3.755976),3282,"RUA MONS SALAZAR, 765",-3.755976,-38.51266,ETUFOR,2022,EPSG: 31984 (SIRGAS 2000 - UTM 24S); Codificação: UTF-8
vw_PontosdeOnibus.fid-5b41923a_19c3ec54e70_94d,1612,POINT (-38.511435 -3.759433),3283,"RUA SABINO MONTE, 3283",-3.759433,-38.511435,ETUFOR,2022,EPSG: 31984 (SIRGAS 2000 - UTM 24S); Codificação: UTF-8
vw_PontosdeOnibus.fid-5b41923a_19c3ec54e70_94e,1613,POINT (-38.510121 -3.755743),3284,"RUA MON SALAZAR, 1070",-3.755743,-38.510121,ETUFOR,2022,EPSG: 31984 (SIRGAS 2000 - UTM 24S); Codificação: UTF-8
vw_PontosdeOnibus.fid-5b41923a_19c3ec54e70_94f,1614,POINT (-38.508122 -3.755557),3285,"RUA MON SALAZAR, 1295",-3.755557,-38.508122,ETUFOR,2022,EPSG: 31984 (SIRGAS 2000 - UTM 24S); Codificação: UTF-8
vw_PontosdeOnibus.fid-5b41923a_19c3ec54e70_950,1615,POINT (-38.507376 -3.757471),3286,"RUA CRUZ ABREU, 958",-3.757471,-38.507376,ETUFOR,2022,EPSG: 31984 (SIRGAS 2000 - UTM 24S); Codificação: UTF-8
vw_PontosdeOnibus.fid-5b41923a_19c3ec54e70_951,1616,POINT (-38.508922 -3.759215),3287,"RUA ANA GONCALVES, 846",-3.759215,-38.508922,ETUFOR,2022,EPSG: 31984 (SIRGAS 2000 - UTM 24S); Codificação: UTF-8
vw_PontosdeOnibus.fid-5b41923a_19c3ec54e70_952,1617,POINT (-38.509815 -3.759299),3288,"RUA ANA GONCALVES, 666",-3.759299,-38.509815,ETUFOR,2022,EPSG: 31984 (SIRGAS 2000 - UTM 24S); Codificação: UTF-8
vw_PontosdeOnibus.fid-5b41923a_19c3ec54e70_953,1618,POINT (-38.50458 -3.756784),3289,"AVENIDA ALM HENRIQUE SABOIA, S/N",-3.756784,-38.50458,ETUFOR,2022,EPSG: 31984 (SIRGAS 2000 - UTM 24S); Codificação: UTF-8
vw_PontosdeOnibus.fid-5b41923a_19c3ec54e70_954,1619,POINT (-38.54041 -3.787005),329,"RUA MAD ELIZA BALDA, 68",-3.787005,-38.54041,ETUFOR,2022,EPSG: 31984 (SIRGAS 2000 - UTM 24S); Codificação: UTF-8
vw_PontosdeOnibus.fid-5b41923a_19c3ec54e70_955,1620,POINT (-38.504442 -3.756023),3290,"AVENIDA ENG RAUL BARBOSA, SN",-3.756023,-38.504442,ETUFOR,2022,EPSG: 31984 (SIRGAS 2000 - UTM 24S); Codificação: UTF-8
vw_PontosdeOnibus.fid-5b41923a_19c3ec54e70_956,1621,POINT (-38.504618 -3.759367),3291,"AVENIDA DOR RAUL BARBOSA, 900",-3.759367,-38.504618,ETUFOR,2022,EPSG: 31984 (SIRGAS 2000 - UTM 24S); Codificação: UTF-8
vw_PontosdeOnibus.fid-5b41923a_19c3ec54e70_957,1622,POINT (-38.504446 -3.759373),3292,"AVENIDA RAUL BARBOSA, 900",-3.759373,-38.504446,ETUFOR,2022,EPSG: 31984 (SIRGAS 2000 - UTM 24S); Codificação: UTF-8
vw_PontosdeOnibus.fid-5b41923a_19c3ec54e70_958,1623,POINT (-38.508053 -3.761784),3293,"AVENIDA DOR RAUL BARBOSA, 4180",-3.761784,-38.508053,ETUFOR,2022,EPSG: 31984 (SIRGAS 2000 - UTM 24S); Codificação: UTF-8
vw_PontosdeOnibus.fid-5b41923a_19c3ec54e70_959,1624,POINT (-38.506439 -3.76144),3294,"AVENIDA RAUL BARBOSA, 1100",-3.76144,-38.506439,ETUFOR,2022,EPSG: 31984 (SIRGAS 2000 - UTM 24S); Codificação: UTF-8
vw_PontosdeOnibus.fid-5b41923a_19c3ec54e70_95a,1625,POINT (-38.492056 -3.759117),3295,"AVENIDA ROGACIANO LEITE, 200",-3.759117,-38.492056,ETUFOR,2022,EPSG: 31984 (SIRGAS 2000 - UTM 24S); Codificação: UTF-8
vw_PontosdeOnibus.fid-5b41923a_19c3ec54e70_95b,1626,POINT (-38.494167 -3.763144),3296,"AVENIDA ROGACIANO LEITE, 502",-3.763144,-38.494167,ETUFOR,2022,EPSG: 31984 (SIRGAS 2000 - UTM 24S); Codificação: UTF-8
vw_PontosdeOnibus.fid-5b41923a_19c3ec54e70_95c,1627,POINT (-38.494594 -3.763533),3297,"AVENIDA ROGACIANO LEITE, 524",-3.763533,-38.494594,ETUFOR,2022,EPSG: 31984 (SIRGAS 2000 - UTM 24S); Codificação: UTF-8
vw_PontosdeOnibus.fid-5b41923a_19c3ec54e70_95d,1628,POINT (-38.584658 -3.707209),33,"AVENIDA FRANCISCO SA, 7330",-3.707209,-38.584658,ETUFOR,2022,EPSG: 31984 (SIRGAS 2000 - UTM 24S); Codificação: UTF-8
vw_PontosdeOnibus.fid-5b41923a_19c3ec54e70_95e,1629,POINT (-38.540223 -3.787068),330,"RUA MAD ELISA BALDA, 59",-3.787068,-38.540223,ETUFOR,2022,EPSG: 31984 (SIRGAS 2000 - UTM 24S); Codificação: UTF-8
vw_PontosdeOnibus.fid-5b41923a_19c3ec54e70_95f,1630,POINT (-38.488818 -3.757659),3300,"AVENIDA WASHINGTON SOARES, 300",-3.757659,-38.488818,ETUFOR,2022,EPSG: 31984 (SIRGAS 2000 - UTM 24S); Codificação: UTF-8
vw_PontosdeOnibus.fid-5b41923a_19c3ec54e70_960,1631,POINT (-38.48669 -3.758195),3301,"AVENIDA WASHINGTON SOARES, SN",-3.758195,-38.48669,ETUFOR,2022,EPSG: 31984 (SIRGAS 2000 - UTM 24S); Codificação: UTF-8
vw_PontosdeOnibus.fid-5b41923a_19c3ec54e70_961,1632,POINT (-38.485048 -3.758526),3302,"AVENIDA WASHINGTON SOARES, 665",-3.758526,-38.485048,ETUFOR,2022,EPSG: 31984 (SIRGAS 2000 - UTM 24S); Codificação: UTF-8
vw_PontosdeOnibus.fid-5b41923a_19c3ec54e70_962,1633,POINT (-38.482599 -3.763823),3303,"AVENIDA WASHINGTON SOARES, SN",-3.763823,-38.482599,ETUFOR,2022,EPSG: 31984 (SIRGAS 2000 - UTM 24S); Codificação: UTF-8
vw_PontosdeOnibus.fid-5b41923a_19c3ec54e70_963,1634,POINT (-38.482996 -3.762661),3304,"AVENIDA WASHINGTON SOARES, 909",-3.762661,-38.482996,ETUFOR,2022,EPSG: 31984 (SIRGAS 2000 - UTM 24S); Codificação: UTF-8
vw_PontosdeOnibus.fid-5b41923a_19c3ec54e70_964,1635,POINT (-38.444117 -3.759684),3306,"AVENIDA DIOGUINHO, S/N",-3.759684,-38.444117,ETUFOR,2022,EPSG: 31984 (SIRGAS 2000 - UTM 24S); Codificação: UTF-8
vw_PontosdeOnibus.fid-5b41923a_19c3ec54e70_965,1636,POINT (-38.44415 -3.759617),3307,"AVENIDA DIOGUINHO, S/N",-3.759617,-38.44415,ETUFOR,2022,EPSG: 31984 (SIRGAS 2000 - UTM 24S); Codificação: UTF-8
vw_PontosdeOnibus.fid-5b41923a_19c3ec54e70_966,1637,POINT (-38.44312 -3.761735),3308,"AVENIDA DIOGUINHO, 5603",-3.761735,-38.44312,ETUFOR,2022,EPSG: 31984 (SIRGAS 2000 - UTM 24S); Codificação: UTF-8
vw_PontosdeOnibus.fid-5b41923a_19c3ec54e70_967,1638,POINT (-38.443092 -3.761794),3309,"AVENIDA DIOGUINHO, 5603",-3.761794,-38.443092,ETUFOR,2022,EPSG: 31984 (SIRGAS 2000 - UTM 24S); Codificação: UTF-8
vw_PontosdeOnibus.fid-5b41923a_19c3ec54e70_968,1639,POINT (-38.539367 -3.7863),331,"RUA PARAGUAÇU, 1341",-3.7863,-38.539367,ETUFOR,2022,EPSG: 31984 (SIRGAS 2000 - UTM 24S); Codificação: UTF-8
vw_PontosdeOnibus.fid-5b41923a_19c3ec54e70_969,1640,POINT (-38.518152 -3.765284),3310,"RODOVIA BR 116, 4555",-3.765284,-38.518152,ETUFOR,2022,EPSG: 31984 (SIRGAS 2000 - UTM 24S); Codificação: UTF-8
vw_PontosdeOnibus.fid-5b41923a_19c3ec54e70_96a,1641,POINT (-38.51792 -3.767513),3311,"RODOVIA BR 116, S/R",-3.767513,-38.51792,ETUFOR,2022,EPSG: 31984 (SIRGAS 2000 - UTM 24S); Codificação: UTF-8
vw_PontosdeOnibus.fid-5b41923a_19c3ec54e70_96b,1642,POINT (-38.517675 -3.767466),3312,"RODOVIA BR 116, 5239",-3.767466,-38.517675,ETUFOR,2022,EPSG: 31984 (SIRGAS 2000 - UTM 24S); Codificação: UTF-8
vw_PontosdeOnibus.fid-5b41923a_19c3ec54e70_96c,1643,POINT (-38.516927 -3.766209),3313,"RUA CAP VASCONCELOS, 420",-3.766209,-38.516927,ETUFOR,2022,EPSG: 31984 (SIRGAS 2000 - UTM 24S); Codificação: UTF-8
vw_PontosdeOnibus.fid-5b41923a_19c3ec54e70_96d,1644,POINT (-38.516508 -3.765447),3314,"RUA CAP ARAGAO, 183",-3.765447,-38.516508,ETUFOR,2022,EPSG: 31984 (SIRGAS 2000 - UTM 24S); Codificação: UTF-8
vw_PontosdeOnibus.fid-5b41923a_19c3ec54e70_96e,1645,POINT (-38.515434 -3.766127),3316,"RUA DJALMA PETIT, 352",-3.766127,-38.515434,ETUFOR,2022,EPSG: 31984 (SIRGAS 2000 - UTM 24S); Codificação: UTF-8
vw_PontosdeOnibus.fid-5b41923a_19c3ec54e70_96f,1646,POINT (-38.514693 -3.765153),3317,"RUA CAP ARAGAO, 361",-3.765153,-38.514693,ETUFOR,2022,EPSG: 31984 (SIRGAS 2000 - UTM 24S); Codificação: UTF-8
vw_PontosdeOnibus.fid-5b41923a_19c3ec54e70_970,1647,POINT (-38.514361 -3.765106),3318,"RUA CAP ARAGAO, 367",-3.765106,-38.514361,ETUFOR,2022,EPSG: 31984 (SIRGAS 2000 - UTM 24S); Codificação: UTF-8
vw_PontosdeOnibus.fid-5b41923a_19c3ec54e70_971,1648,POINT (-38.540554 -3.790261),332,"AVENIDA DEDE BRASIL, 3770",-3.790261,-38.540554,ETUFOR,2022,EPSG: 31984 (SIRGAS 2000 - UTM 24S); Codificação: UTF-8
vw_PontosdeOnibus.fid-5b41923a_19c3ec54e70_972,1649,POINT (-38.515127 -3.769968),3323,"RUA CAP OLAVO, 870",-3.769968,-38.515127,ETUFOR,2022,EPSG: 31984 (SIRGAS 2000 - UTM 24S); Codificação: UTF-8
vw_PontosdeOnibus.fid-5b41923a_19c3ec54e70_973,1650,POINT (-38.514906 -3.771164),3326,"RUA CAP OLAVO, 1019",-3.771164,-38.514906,ETUFOR,2022,EPSG: 31984 (SIRGAS 2000 - UTM 24S); Codificação: UTF-8
vw_PontosdeOnibus.fid-5b41923a_19c3ec54e70_974,1651,POINT (-38.514601 -3.772897),3327,"RUA CAP OLAVO, 1233",-3.772897,-38.514601,ETUFOR,2022,EPSG: 31984 (SIRGAS 2000 - UTM 24S); Codificação: UTF-8
vw_PontosdeOnibus.fid-5b41923a_19c3ec54e70_975,1652,POINT (-38.482435 -3.76856),3329,"AVENIDA WASHINGTON SOARES, SN",-3.76856,-38.482435,ETUFOR,2022,EPSG: 31984 (SIRGAS 2000 - UTM 24S); Codificação: UTF-8
vw_PontosdeOnibus.fid-5b41923a_19c3ec54e70_976,1653,POINT (-38.481903 -3.770655),3330,"AVENIDA WASHINGTON SOARES, SN",-3.770655,-38.481903,ETUFOR,2022,EPSG: 31984 (SIRGAS 2000 - UTM 24S); Codificação: UTF-8
vw_PontosdeOnibus.fid-5b41923a_19c3ec54e70_977,1654,POINT (-38.481648 -3.773444),3331,"AVENIDA WASHINGTON SOARES, SN",-3.773444,-38.481648,ETUFOR,2022,EPSG: 31984 (SIRGAS 2000 - UTM 24S); Codificação: UTF-8
vw_PontosdeOnibus.fid-5b41923a_19c3ec54e70_978,1655,POINT (-38.483382 -3.771596),3332,"RUA DOR MAXIMIANO DA FONSECA, 1395",-3.771596,-38.483382,ETUFOR,2022,EPSG: 31984 (SIRGAS 2000 - UTM 24S); Codificação: UTF-8
vw_PontosdeOnibus.fid-5b41923a_19c3ec54e70_979,1656,POINT (-38.482734 -3.771531),3333,"RUA DOR MAXIMIANO DA FONSECA, 1395",-3.771531,-38.482734,ETUFOR,2022,EPSG: 31984 (SIRGAS 2000 - UTM 24S); Codificação: UTF-8
vw_PontosdeOnibus.fid-5b41923a_19c3ec54e70_97a,1657,POINT (-38.484462 -3.771491),3334,"RUA MAXIMIANO DA FONSECA, 1190",-3.771491,-38.484462,ETUFOR,2022,EPSG: 31984 (SIRGAS 2000 - UTM 24S); Codificação: UTF-8
vw_PontosdeOnibus.fid-5b41923a_19c3ec54e70_97b,1658,POINT (-38.486264 -3.771013),3335,"RUA DOR THOMPSON BULCAO, 1009",-3.771013,-38.486264,ETUFOR,2022,EPSG: 31984 (SIRGAS 2000 - UTM 24S); Codificação: UTF-8
vw_PontosdeOnibus.fid-5b41923a_19c3ec54e70_97c,1659,POINT (-38.487036 -3.77098),3336,"RUA DOR MAXIMIANO DA FONSECA, 1918",-3.77098,-38.487036,ETUFOR,2022,EPSG: 31984 (SIRGAS 2000 - UTM 24S); Codificação: UTF-8
vw_PontosdeOnibus.fid-5b41923a_19c3ec54e70_97d,1660,POINT (-38.47458 -3.772445),3339,"RUA HILL DE MORAES, SN",-3.772445,-38.47458,ETUFOR,2022,EPSG: 31984 (SIRGAS 2000 - UTM 24S); Codificação: UTF-8
vw_PontosdeOnibus.fid-5b41923a_19c3ec54e70_97e,1661,POINT (-38.473859 -3.772462),3340,"RUA ROBERTO SILVA, 165",-3.772462,-38.473859,ETUFOR,2022,EPSG: 31984 (SIRGAS 2000 - UTM 24S); Codificação: UTF-8
vw_PontosdeOnibus.fid-5b41923a_19c3ec54e70_97f,1662,POINT (-38.472322 -3.771795),3341,"RUA COMERCIO    (D57), 367",-3.771795,-38.472322,ETUFOR,2022,EPSG: 31984 (SIRGAS 2000 - UTM 24S); Codificação: UTF-8
vw_PontosdeOnibus.fid-5b41923a_19c3ec54e70_980,1663,POINT (-38.472426 -3.772267),3342,"RUA ROBERTO SILVA, 318",-3.772267,-38.472426,ETUFOR,2022,EPSG: 31984 (SIRGAS 2000 - UTM 24S); Codificação: UTF-8
vw_PontosdeOnibus.fid-5b41923a_19c3ec54e70_981,1664,POINT (-38.471395 -3.772129),3344,"RUA CIDADE ECOLOGICA, 55",-3.772129,-38.471395,ETUFOR,2022,EPSG: 31984 (SIRGAS 2000 - UTM 24S); Codificação: UTF-8
vw_PontosdeOnibus.fid-5b41923a_19c3ec54e70_982,1665,POINT (-38.512154 -3.785157),3346,"RODOVIA BR 116, 6800",-3.785157,-38.512154,ETUFOR,2022,EPSG: 31984 (SIRGAS 2000 - UTM 24S); Codificação: UTF-8
vw_PontosdeOnibus.fid-5b41923a_19c3ec54e70_983,1666,POINT (-38.511659 -3.785598),3347,"RODOVIA BR 116, 6800",-3.785598,-38.511659,ETUFOR,2022,EPSG: 31984 (SIRGAS 2000 - UTM 24S); Codificação: UTF-8
vw_PontosdeOnibus.fid-5b41923a_19c3ec54e70_984,1667,POINT (-38.510667 -3.784853),3348,"AVENIDA PLACIDO CASTELO, 67",-3.784853,-38.510667,ETUFOR,2022,EPSG: 31984 (SIRGAS 2000 - UTM 24S); Codificação: UTF-8
vw_PontosdeOnibus.fid-5b41923a_19c3ec54e70_985,1668,POINT (-38.509364 -3.784085),3349,"AVENIDA PLACIDO CASTELO, 235",-3.784085,-38.509364,ETUFOR,2022,EPSG: 31984 (SIRGAS 2000 - UTM 24S); Codificação: UTF-8
vw_PontosdeOnibus.fid-5b41923a_19c3ec54e70_986,1669,POINT (-38.539672 -3.790648),335,"AVENIDA DEDÉ BRASIL, 3674",-3.790648,-38.539672,ETUFOR,2022,EPSG: 31984 (SIRGAS 2000 - UTM 24S); Codificação: UTF-8
vw_PontosdeOnibus.fid-5b41923a_19c3ec54e70_987,1670,POINT (-38.507907 -3.783214),3350,"AVENIDA PLACIDO CASTELO, 435",-3.783214,-38.507907,ETUFOR,2022,EPSG: 31984 (SIRGAS 2000 - UTM 24S); Codificação: UTF-8
vw_PontosdeOnibus.fid-5b41923a_19c3ec54e70_988,1671,POINT (-38.506507 -3.7824),3351,"AVENIDA PLACIDO CASTELO, 279 A",-3.7824,-38.506507,ETUFOR,2022,EPSG: 31984 (SIRGAS 2000 - UTM 24S); Codificação: UTF-8
vw_PontosdeOnibus.fid-5b41923a_19c3ec54e70_989,1672,POINT (-38.505329 -3.782422),3352,"RUA DA ARAPIRACA, 44",-3.782422,-38.505329,ETUFOR,2022,EPSG: 31984 (SIRGAS 2000 - UTM 24S); Codificação: UTF-8
vw_PontosdeOnibus.fid-5b41923a_19c3ec54e70_98a,1673,POINT (-38.504198 -3.787666),3354,"AVENIDA DES GONZAGA, 205",-3.787666,-38.504198,ETUFOR,2022,EPSG: 31984 (SIRGAS 2000 - UTM 24S); Codificação: UTF-8
vw_PontosdeOnibus.fid-5b41923a_19c3ec54e70_98b,1674,POINT (-38.505725 -3.786715),3355,"AVENIDA JOSE LEON, 662-A",-3.786715,-38.505725,ETUFOR,2022,EPSG: 31984 (SIRGAS 2000 - UTM 24S); Codificação: UTF-8
vw_PontosdeOnibus.fid-5b41923a_19c3ec54e70_98c,1675,POINT (-38.503377 -3.789448),3357,"AVENIDA DES GONZAGA, 294",-3.789448,-38.503377,ETUFOR,2022,EPSG: 31984 (SIRGAS 2000 - UTM 24S); Codificação: UTF-8
vw_PontosdeOnibus.fid-5b41923a_19c3ec54e70_98d,1676,POINT (-38.507466 -3.786684),3358,"AVENIDA JOSE LEON, 415",-3.786684,-38.507466,ETUFOR,2022,EPSG: 31984 (SIRGAS 2000 - UTM 24S); Codificação: UTF-8
vw_PontosdeOnibus.fid-5b41923a_19c3ec54e70_98e,1677,POINT (-38.509391 -3.786837),3359,"AVENIDA JOSE LEON, 193",-3.786837,-38.509391,ETUFOR,2022,EPSG: 31984 (SIRGAS 2000 - UTM 24S); Codificação: UTF-8
vw_PontosdeOnibus.fid-5b41923a_19c3ec54e70_98f,1678,POINT (-38.542352 -3.789719),336,"AVENIDA DEDÉ BRASIL, 3530",-3.789719,-38.542352,ETUFOR,2022,EPSG: 31984 (SIRGAS 2000 - UTM 24S); Codificação: UTF-8
vw_PontosdeOnibus.fid-5b41923a_19c3ec54e70_990,1679,POINT (-38.510538 -3.788031),3360,"RODOVIA BR 116, 7355",-3.788031,-38.510538,ETUFOR,2022,EPSG: 31984 (SIRGAS 2000 - UTM 24S); Codificação: UTF-8
vw_PontosdeOnibus.fid-5b41923a_19c3ec54e70_991,1680,POINT (-38.509844 -3.790069),3362,"RODOVIA BR 116, S/N",-3.790069,-38.509844,ETUFOR,2022,EPSG: 31984 (SIRGAS 2000 - UTM 24S); Codificação: UTF-8
vw_PontosdeOnibus.fid-5b41923a_19c3ec54e70_992,1681,POINT (-38.511001 -3.787631),3363,"RODOVIA BR 116, SN",-3.787631,-38.511001,ETUFOR,2022,EPSG: 31984 (SIRGAS 2000 - UTM 24S); Codificação: UTF-8
vw_PontosdeOnibus.fid-5b41923a_19c3ec54e70_993,1682,POINT (-38.544518 -3.811412),3364,"RUA MOURA MATOS, 1665",-3.811412,-38.544518,ETUFOR,2022,EPSG: 31984 (SIRGAS 2000 - UTM 24S); Codificação: UTF-8
vw_PontosdeOnibus.fid-5b41923a_19c3ec54e70_994,1683,POINT (-38.543319 -3.812674),3367,"RUA MOURA MATOS, 1513",-3.812674,-38.543319,ETUFOR,2022,EPSG: 31984 (SIRGAS 2000 - UTM 24S); Codificação: UTF-8
vw_PontosdeOnibus.fid-5b41923a_19c3ec54e70_995,1684,POINT (-38.540479 -3.81022),3369,"TRAVESSA MENOR JERONIMO, 3290",-3.81022,-38.540479,ETUFOR,2022,EPSG: 31984 (SIRGAS 2000 - UTM 24S); Codificação: UTF-8
vw_PontosdeOnibus.fid-5b41923a_19c3ec54e70_996,1685,POINT (-38.541886 -3.789792),337,"AVENIDA DEDE BRASIL, 3493",-3.789792,-38.541886,ETUFOR,2022,EPSG: 31984 (SIRGAS 2000 - UTM 24S); Codificação: UTF-8
vw_PontosdeOnibus.fid-5b41923a_19c3ec54e70_997,1686,POINT (-38.537393 -3.810048),3370,"RUA OITICICAS, 775",-3.810048,-38.537393,ETUFOR,2022,EPSG: 31984 (SIRGAS 2000 - UTM 24S); Codificação: UTF-8
vw_PontosdeOnibus.fid-5b41923a_19c3ec54e70_998,1687,POINT (-38.537213 -3.811817),3372,"AVENIDA PAROARAS, 175",-3.811817,-38.537213,ETUFOR,2022,EPSG: 31984 (SIRGAS 2000 - UTM 24S); Codificação: UTF-8
vw_PontosdeOnibus.fid-5b41923a_19c3ec54e70_999,1688,POINT (-38.535934 -3.812697),3374,"AVENIDA PAROARAS, 88",-3.812697,-38.535934,ETUFOR,2022,EPSG: 31984 (SIRGAS 2000 - UTM 24S); Codificação: UTF-8
vw_PontosdeOnibus.fid-5b41923a_19c3ec54e70_99a,1689,POINT (-38.537917 -3.813805),3375,"AVENIDA 02 DE MAIO, 1333",-3.813805,-38.537917,ETUFOR,2022,EPSG: 31984 (SIRGAS 2000 - UTM 24S); Codificação: UTF-8
vw_PontosdeOnibus.fid-5b41923a_19c3ec54e70_99b,1690,POINT (-38.53767 -3.814668),3376,"AVENIDA CENTRAL, 1036",-3.814668,-38.53767,ETUFOR,2022,EPSG: 31984 (SIRGAS 2000 - UTM 24S); Codificação: UTF-8
vw_PontosdeOnibus.fid-5b41923a_19c3ec54e70_99c,1691,POINT (-38.536641 -3.814662),3378,"AVENIDA 02 DE MAIO, 1115/1111",-3.814662,-38.536641,ETUFOR,2022,EPSG: 31984 (SIRGAS 2000 - UTM 24S); Codificação: UTF-8
vw_PontosdeOnibus.fid-5b41923a_19c3ec54e70_99d,1692,POINT (-38.538432 -3.816019),3379,"AVENIDA CENTRAL UI 503, 1222",-3.816019,-38.538432,ETUFOR,2022,EPSG: 31984 (SIRGAS 2000 - UTM 24S); Codificação: UTF-8
vw_PontosdeOnibus.fid-5b41923a_19c3ec54e70_99e,1693,POINT (-38.545204 -3.788637),338,"AVENIDA SILAS MUNGUBA, 3133",-3.788637,-38.545204,ETUFOR,2022,EPSG: 31984 (SIRGAS 2000 - UTM 24S); Codificação: UTF-8
vw_PontosdeOnibus.fid-5b41923a_19c3ec54e70_99f,1694,POINT (-38.539936 -3.815636),3382,"RUA MOURA MATOS, 1263",-3.815636,-38.539936,ETUFOR,2022,EPSG: 31984 (SIRGAS 2000 - UTM 24S); Codificação: UTF-8
vw_PontosdeOnibus.fid-5b41923a_19c3ec54e70_9a0,1695,POINT (-38.541467 -3.814277),3384,"RUA MOURA MATOS, 1420",-3.814277,-38.541467,ETUFOR,2022,EPSG: 31984 (SIRGAS 2000 - UTM 24S); Codificação: UTF-8
vw_PontosdeOnibus.fid-5b41923a_19c3ec54e70_9a1,1696,POINT (-38.529485 -3.813455),3388,"AVENIDA PADARIA ESPIRITUAL, 3605",-3.813455,-38.529485,ETUFOR,2022,EPSG: 31984 (SIRGAS 2000 - UTM 24S); Codificação: UTF-8
vw_PontosdeOnibus.fid-5b41923a_19c3ec54e70_9a2,1697,POINT (-38.529672 -3.813448),3389,"AVENIDA PADRIA ESPIRITUAL, 3605",-3.813448,-38.529672,ETUFOR,2022,EPSG: 31984 (SIRGAS 2000 - UTM 24S); Codificação: UTF-8
vw_PontosdeOnibus.fid-5b41923a_19c3ec54e70_9a3,1698,POINT (-38.544768 -3.78888),339,"AVENIDA SILAS MUNGUBA, 3253",-3.78888,-38.544768,ETUFOR,2022,EPSG: 31984 (SIRGAS 2000 - UTM 24S); Codificação: UTF-8
vw_PontosdeOnibus.fid-5b41923a_19c3ec54e70_9a4,1699,POINT (-38.527558 -3.810572),3391,"AVENIDA PADRIA ESPIRITUAL, 3378",-3.810572,-38.527558,ETUFOR,2022,EPSG: 31984 (SIRGAS 2000 - UTM 24S); Codificação: UTF-8
vw_PontosdeOnibus.fid-5b41923a_19c3ec54e70_9a5,1700,POINT (-38.526537 -3.817652),3392,"RUA CRISTAIS PAULISTA, 1174",-3.817652,-38.526537,ETUFOR,2022,EPSG: 31984 (SIRGAS 2000 - UTM 24S); Codificação: UTF-8
vw_PontosdeOnibus.fid-5b41923a_19c3ec54e70_9a6,1701,POINT (-38.526842 -3.817562),3393,"RUA CRISTAIS PAULISTA, 1155",-3.817562,-38.526842,ETUFOR,2022,EPSG: 31984 (SIRGAS 2000 - UTM 24S); Codificação: UTF-8
vw_PontosdeOnibus.fid-5b41923a_19c3ec54e70_9a7,1702,POINT (-38.52818 -3.817113),3394,"RUA N/BARROSO II, 301",-3.817113,-38.52818,ETUFOR,2022,EPSG: 31984 (SIRGAS 2000 - UTM 24S); Codificação: UTF-8
vw_PontosdeOnibus.fid-5b41923a_19c3ec54e70_9a8,1703,POINT (-38.529242 -3.816695),3395,"RUA REGINA DE FATIMA, 4230",-3.816695,-38.529242,ETUFOR,2022,EPSG: 31984 (SIRGAS 2000 - UTM 24S); Codificação: UTF-8
vw_PontosdeOnibus.fid-5b41923a_19c3ec54e70_9a9,1704,POINT (-38.529481 -3.817008),3396,"RUA REGINA DE FATIMA, 4375",-3.817008,-38.529481,ETUFOR,2022,EPSG: 31984 (SIRGAS 2000 - UTM 24S); Codificação: UTF-8
vw_PontosdeOnibus.fid-5b41923a_19c3ec54e70_9aa,1705,POINT (-38.531476 -3.816187),3397,"AVENIDA PADARIA ESPIRITUAL, 3753",-3.816187,-38.531476,ETUFOR,2022,EPSG: 31984 (SIRGAS 2000 - UTM 24S); Codificação: UTF-8
vw_PontosdeOnibus.fid-5b41923a_19c3ec54e70_9ab,1706,POINT (-38.53423 -3.814615),3398,"RUA ELDORADO, 1191",-3.814615,-38.53423,ETUFOR,2022,EPSG: 31984 (SIRGAS 2000 - UTM 24S); Codificação: UTF-8
vw_PontosdeOnibus.fid-5b41923a_19c3ec54e70_9ac,1707,POINT (-38.534213 -3.814626),3399,"RUA ELDORADO, 1191",-3.814626,-38.534213,ETUFOR,2022,EPSG: 31984 (SIRGAS 2000 - UTM 24S); Codificação: UTF-8
vw_PontosdeOnibus.fid-5b41923a_19c3ec54e70_9ad,1708,POINT (-38.586708 -3.705978),34,"AVENIDA FRANCISCO SÁ, 7700",-3.705978,-38.586708,ETUFOR,2022,EPSG: 31984 (SIRGAS 2000 - UTM 24S); Codificação: UTF-8
vw_PontosdeOnibus.fid-5b41923a_19c3ec54e70_9ae,1709,POINT (-38.535101 -3.814965),3401,"AVENIDA SAUDADE, 3226",-3.814965,-38.535101,ETUFOR,2022,EPSG: 31984 (SIRGAS 2000 - UTM 24S); Codificação: UTF-8
vw_PontosdeOnibus.fid-5b41923a_19c3ec54e70_9af,1710,POINT (-38.521407 -3.809565),3405,"AVENIDA PAULINO ROCHA, 2801",-3.809565,-38.521407,ETUFOR,2022,EPSG: 31984 (SIRGAS 2000 - UTM 24S); Codificação: UTF-8
vw_PontosdeOnibus.fid-5b41923a_19c3ec54e70_9b0,1711,POINT (-38.518347 -3.810463),3407,"AVENIDA DEP PAULINO ROCHA, 2535",-3.810463,-38.518347,ETUFOR,2022,EPSG: 31984 (SIRGAS 2000 - UTM 24S); Codificação: UTF-8
vw_PontosdeOnibus.fid-5b41923a_19c3ec54e70_9b1,1712,POINT (-38.519821 -3.810651),3408,"RUA POMPILIO GOMES, 163",-3.810651,-38.519821,ETUFOR,2022,EPSG: 31984 (SIRGAS 2000 - UTM 24S); Codificação: UTF-8
vw_PontosdeOnibus.fid-5b41923a_19c3ec54e70_9b2,1713,POINT (-38.514442 -3.811423),3413,"AVENIDA DEP PAULINO ROCHA, 1821",-3.811423,-38.514442,ETUFOR,2022,EPSG: 31984 (SIRGAS 2000 - UTM 24S); Codificação: UTF-8
vw_PontosdeOnibus.fid-5b41923a_19c3ec54e70_9b3,1714,POINT (-38.511093 -3.811976),3416,"RUA JOR ANTONIO P TAVARES, 1207",-3.811976,-38.511093,ETUFOR,2022,EPSG: 31984 (SIRGAS 2000 - UTM 24S); Codificação: UTF-8
vw_PontosdeOnibus.fid-5b41923a_19c3ec54e70_9b4,1715,POINT (-38.511127 -3.811733),3417,"AVENIDA DEP PAULINO ROCHA, 1581",-3.811733,-38.511127,ETUFOR,2022,EPSG: 31984 (SIRGAS 2000 - UTM 24S); Codificação: UTF-8
vw_PontosdeOnibus.fid-5b41923a_19c3ec54e70_9b5,1716,POINT (-38.511114 -3.811605),3418,"AVENIDA PAULINO ROCHA, 1660",-3.811605,-38.511114,ETUFOR,2022,EPSG: 31984 (SIRGAS 2000 - UTM 24S); Codificação: UTF-8
vw_PontosdeOnibus.fid-5b41923a_19c3ec54e70_9b6,1717,POINT (-38.508592 -3.808849),3419,"AVENIDA DEP PAULINO ROCHA, 1330",-3.808849,-38.508592,ETUFOR,2022,EPSG: 31984 (SIRGAS 2000 - UTM 24S); Codificação: UTF-8
vw_PontosdeOnibus.fid-5b41923a_19c3ec54e70_9b7,1718,POINT (-38.508722 -3.808896),3420,"AVENIDA PAULINO ROCHA, 1330",-3.808896,-38.508722,ETUFOR,2022,EPSG: 31984 (SIRGAS 2000 - UTM 24S); Codificação: UTF-8
vw_PontosdeOnibus.fid-5b41923a_19c3ec54e70_9b8,1719,POINT (-38.510227 -3.812505),3421,"RUA JOR ANTONIO P TAVARES, 1108",-3.812505,-38.510227,ETUFOR,2022,EPSG: 31984 (SIRGAS 2000 - UTM 24S); Codificação: UTF-8
vw_PontosdeOnibus.fid-5b41923a_19c3ec54e70_9b9,1720,POINT (-38.510255 -3.812492),3422,"RUA JOR ANTONIO P TAVARES, 1107",-3.812492,-38.510255,ETUFOR,2022,EPSG: 31984 (SIRGAS 2000 - UTM 24S); Codificação: UTF-8
vw_PontosdeOnibus.fid-5b41923a_19c3ec54e70_9ba,1721,POINT (-38.507562 -3.816158),3424,"AVENIDA CAP WALDEMAR PAULA LIMA, 364",-3.816158,-38.507562,ETUFOR,2022,EPSG: 31984 (SIRGAS 2000 - UTM 24S); Codificação: UTF-8
vw_PontosdeOnibus.fid-5b41923a_19c3ec54e70_9bb,1722,POINT (-38.500648 -3.809531),3425,"RODOVIA BR 116, 303",-3.809531,-38.500648,ETUFOR,2022,EPSG: 31984 (SIRGAS 2000 - UTM 24S); Codificação: UTF-8
vw_PontosdeOnibus.fid-5b41923a_19c3ec54e70_9bc,1723,POINT (-38.494628 -3.815696),3429,"RUA HOMEM DE MELO, 380",-3.815696,-38.494628,ETUFOR,2022,EPSG: 31984 (SIRGAS 2000 - UTM 24S); Codificação: UTF-8
vw_PontosdeOnibus.fid-5b41923a_19c3ec54e70_9bd,1724,POINT (-38.496402 -3.816484),3430,"RUA HOMEM DE MELO, 182",-3.816484,-38.496402,ETUFOR,2022,EPSG: 31984 (SIRGAS 2000 - UTM 24S); Codificação: UTF-8
vw_PontosdeOnibus.fid-5b41923a_19c3ec54e70_9be,1725,POINT (-38.497466 -3.817253),3431,"AVENIDA FRE CIRILO, 3930",-3.817253,-38.497466,ETUFOR,2022,EPSG: 31984 (SIRGAS 2000 - UTM 24S); Codificação: UTF-8
vw_PontosdeOnibus.fid-5b41923a_19c3ec54e70_9bf,1726,POINT (-38.497806 -3.816246),3432,"AVENIDA FRE CIRILO, 3657",-3.816246,-38.497806,ETUFOR,2022,EPSG: 31984 (SIRGAS 2000 - UTM 24S); Codificação: UTF-8
vw_PontosdeOnibus.fid-5b41923a_19c3ec54e70_9c0,1727,POINT (-38.498253 -3.815467),3433,"AVENIDA FRE CIRILO, 3571",-3.815467,-38.498253,ETUFOR,2022,EPSG: 31984 (SIRGAS 2000 - UTM 24S); Codificação: UTF-8
vw_PontosdeOnibus.fid-5b41923a_19c3ec54e70_9c1,1728,POINT (-38.498747 -3.814079),3434,"AVENIDA FRE CIRILO, 3329",-3.814079,-38.498747,ETUFOR,2022,EPSG: 31984 (SIRGAS 2000 - UTM 24S); Codificação: UTF-8
vw_PontosdeOnibus.fid-5b41923a_19c3ec54e70_9c2,1729,POINT (-38.489733 -3.809624),3437,"AVENIDA GAL AFONSO A LIMA, SN",-3.809624,-38.489733,ETUFOR,2022,EPSG: 31984 (SIRGAS 2000 - UTM 24S); Codificação: UTF-8
vw_PontosdeOnibus.fid-5b41923a_19c3ec54e70_9c3,1730,POINT (-38.489414 -3.809969),3438,"AVENIDA GAL AFONSO A LIMA, SN",-3.809969,-38.489414,ETUFOR,2022,EPSG: 31984 (SIRGAS 2000 - UTM 24S); Codificação: UTF-8
vw_PontosdeOnibus.fid-5b41923a_19c3ec54e70_9c4,1731,POINT (-38.488547 -3.811527),3439,"AVENIDA GAL AFONSO A LIMA, SN",-3.811527,-38.488547,ETUFOR,2022,EPSG: 31984 (SIRGAS 2000 - UTM 24S); Codificação: UTF-8
vw_PontosdeOnibus.fid-5b41923a_19c3ec54e70_9c5,1732,POINT (-38.488071 -3.81152),3440,"AVENIDA GAL AFONSO A LIMA, SN",-3.81152,-38.488071,ETUFOR,2022,EPSG: 31984 (SIRGAS 2000 - UTM 24S); Codificação: UTF-8
vw_PontosdeOnibus.fid-5b41923a_19c3ec54e70_9c6,1733,POINT (-38.48929 -3.817187),3441,"RUA PEDRO A SILVA, 701",-3.817187,-38.48929,ETUFOR,2022,EPSG: 31984 (SIRGAS 2000 - UTM 24S); Codificação: UTF-8
vw_PontosdeOnibus.fid-5b41923a_19c3ec54e70_9c7,1734,POINT (-38.484761 -3.817476),3442,"RUA PEDRO A SILVA, SN",-3.817476,-38.484761,ETUFOR,2022,EPSG: 31984 (SIRGAS 2000 - UTM 24S); Codificação: UTF-8
vw_PontosdeOnibus.fid-5b41923a_19c3ec54e70_9c8,1735,POINT (-38.483328 -3.817929),3443,"AVENIDA WASHINGTON SOARES, 6984",-3.817929,-38.483328,ETUFOR,2022,EPSG: 31984 (SIRGAS 2000 - UTM 24S); Codificação: UTF-8
vw_PontosdeOnibus.fid-5b41923a_19c3ec54e70_9c9,1736,POINT (-38.478614 -3.810379),3445,"AVENIDA WASHINGTON SOARES, 5760",-3.810379,-38.478614,ETUFOR,2022,EPSG: 31984 (SIRGAS 2000 - UTM 24S); Codificação: UTF-8
vw_PontosdeOnibus.fid-5b41923a_19c3ec54e70_9ca,1737,POINT (-38.478781 -3.810746),3446,"AVENIDA WASHINGTON SOARES, 6000",-3.810746,-38.478781,ETUFOR,2022,EPSG: 31984 (SIRGAS 2000 - UTM 24S); Codificação: UTF-8
vw_PontosdeOnibus.fid-5b41923a_19c3ec54e70_9cb,1738,POINT (-38.481192 -3.814645),3447,"AVENIDA WASHINGTON SOARES, 6322",-3.814645,-38.481192,ETUFOR,2022,EPSG: 31984 (SIRGAS 2000 - UTM 24S); Codificação: UTF-8
vw_PontosdeOnibus.fid-5b41923a_19c3ec54e70_9cc,1739,POINT (-38.481073 -3.814741),3448,"AVENIDA WASHINGTON SOARES, 6307",-3.814741,-38.481073,ETUFOR,2022,EPSG: 31984 (SIRGAS 2000 - UTM 24S); Codificação: UTF-8
vw_PontosdeOnibus.fid-5b41923a_19c3ec54e70_9cd,1740,POINT (-38.475643 -3.816741),3449,"RUA OZELIA PONTES, 441",-3.816741,-38.475643,ETUFOR,2022,EPSG: 31984 (SIRGAS 2000 - UTM 24S); Codificação: UTF-8
vw_PontosdeOnibus.fid-5b41923a_19c3ec54e70_9ce,1741,POINT (-38.474293 -3.818414),3452,"AVENIDA ODILON GUIMARAES, 2330",-3.818414,-38.474293,ETUFOR,2022,EPSG: 31984 (SIRGAS 2000 - UTM 24S); Codificação: UTF-8
vw_PontosdeOnibus.fid-5b41923a_19c3ec54e70_9cf,1742,POINT (-38.472064 -3.817037),3453,"AVENIDA ODILON GUIMARAES, 2556",-3.817037,-38.472064,ETUFOR,2022,EPSG: 31984 (SIRGAS 2000 - UTM 24S); Codificação: UTF-8
vw_PontosdeOnibus.fid-5b41923a_19c3ec54e70_9d0,1743,POINT (-38.472343 -3.817179),3454,"AVENIDA ODILON GUIMARAES, 2543",-3.817179,-38.472343,ETUFOR,2022,EPSG: 31984 (SIRGAS 2000 - UTM 24S); Codificação: UTF-8
vw_PontosdeOnibus.fid-5b41923a_19c3ec54e70_9d1,1744,POINT (-38.466302 -3.814203),3455,"AVENIDA ODILON GUIMARAES, 3897",-3.814203,-38.466302,ETUFOR,2022,EPSG: 31984 (SIRGAS 2000 - UTM 24S); Codificação: UTF-8
vw_PontosdeOnibus.fid-5b41923a_19c3ec54e70_9d2,1745,POINT (-38.466151 -3.81413),3456,"AVENIDA ODILON GUIMARAES, 3897",-3.81413,-38.466151,ETUFOR,2022,EPSG: 31984 (SIRGAS 2000 - UTM 24S); Codificação: UTF-8
vw_PontosdeOnibus.fid-5b41923a_19c3ec54e70_9d3,1746,POINT (-38.467604 -3.814827),3457,"AVENIDA ODILON GUIMARAES, 3723",-3.814827,-38.467604,ETUFOR,2022,EPSG: 31984 (SIRGAS 2000 - UTM 24S); Codificação: UTF-8
vw_PontosdeOnibus.fid-5b41923a_19c3ec54e70_9d4,1747,POINT (-38.624023 -3.78953),3458,"RUA MARTINS CARVALHO, 3259",-3.78953,-38.624023,ETUFOR,2022,EPSG: 31984 (SIRGAS 2000 - UTM 24S); Codificação: UTF-8
vw_PontosdeOnibus.fid-5b41923a_19c3ec54e70_9d5,1748,POINT (-38.624654 -3.789519),3459,"RUA SGT JOAO PINHEIRO, 2067",-3.789519,-38.624654,ETUFOR,2022,EPSG: 31984 (SIRGAS 2000 - UTM 24S); Codificação: UTF-8
vw_PontosdeOnibus.fid-5b41923a_19c3ec54e70_9d6,1749,POINT (-38.624199 -3.787863),3460,"RUA SGT JOAO PINHEIRO, 1774",-3.787863,-38.624199,ETUFOR,2022,EPSG: 31984 (SIRGAS 2000 - UTM 24S); Codificação: UTF-8
vw_PontosdeOnibus.fid-5b41923a_19c3ec54e70_9d7,1750,POINT (-38.627671 -3.788508),3461,"RUA MARTINS CARVALHO, 4471",-3.788508,-38.627671,ETUFOR,2022,EPSG: 31984 (SIRGAS 2000 - UTM 24S); Codificação: UTF-8
vw_PontosdeOnibus.fid-5b41923a_19c3ec54e70_9d8,1751,POINT (-38.627805 -3.788469),3462,"RUA MARTINS CARVALHO, 4381",-3.788469,-38.627805,ETUFOR,2022,EPSG: 31984 (SIRGAS 2000 - UTM 24S); Codificação: UTF-8
vw_PontosdeOnibus.fid-5b41923a_19c3ec54e70_9d9,1752,POINT (-38.630047 -3.786673),3463,"RUA DOM LUSTOSA, 490",-3.786673,-38.630047,ETUFOR,2022,EPSG: 31984 (SIRGAS 2000 - UTM 24S); Codificação: UTF-8
vw_PontosdeOnibus.fid-5b41923a_19c3ec54e70_9da,1753,POINT (-38.629242 -3.785834),3464,"RUA BOM JESUS, 3976",-3.785834,-38.629242,ETUFOR,2022,EPSG: 31984 (SIRGAS 2000 - UTM 24S); Codificação: UTF-8
vw_PontosdeOnibus.fid-5b41923a_19c3ec54e70_9db,1754,POINT (-38.627224 -3.786363),3465,"RUA BOM JESUS, 3762",-3.786363,-38.627224,ETUFOR,2022,EPSG: 31984 (SIRGAS 2000 - UTM 24S); Codificação: UTF-8
vw_PontosdeOnibus.fid-5b41923a_19c3ec54e70_9dc,1755,POINT (-38.627049 -3.785717),3466,"RUA FERNANDO AUGUSTO, 3786",-3.785717,-38.627049,ETUFOR,2022,EPSG: 31984 (SIRGAS 2000 - UTM 24S); Codificação: UTF-8
vw_PontosdeOnibus.fid-5b41923a_19c3ec54e70_9dd,1756,POINT (-38.622794 -3.782829),3467,"RUA SGT JOAO PINHEIRO, 815",-3.782829,-38.622794,ETUFOR,2022,EPSG: 31984 (SIRGAS 2000 - UTM 24S); Codificação: UTF-8
vw_PontosdeOnibus.fid-5b41923a_19c3ec54e70_9de,1757,POINT (-38.623608 -3.785744),3468,"RUA SGT JOAO PINHEIRO, 1450",-3.785744,-38.623608,ETUFOR,2022,EPSG: 31984 (SIRGAS 2000 - UTM 24S); Codificação: UTF-8
vw_PontosdeOnibus.fid-5b41923a_19c3ec54e70_9df,1758,POINT (-38.626053 -3.783308),3469,"RUA A/CJ DOM LUSTOSA, S688A",-3.783308,-38.626053,ETUFOR,2022,EPSG: 31984 (SIRGAS 2000 - UTM 24S); Codificação: UTF-8
vw_PontosdeOnibus.fid-5b41923a_19c3ec54e70_9e0,1759,POINT (-38.528816 -3.788662),347,"RUA AMSTERDA, 1312",-3.788662,-38.528816,ETUFOR,2022,EPSG: 31984 (SIRGAS 2000 - UTM 24S); Codificação: UTF-8
vw_PontosdeOnibus.fid-5b41923a_19c3ec54e70_9e1,1760,POINT (-38.622657 -3.798707),3470,"RUA URUCUTUBA, 2501",-3.798707,-38.622657,ETUFOR,2022,EPSG: 31984 (SIRGAS 2000 - UTM 24S); Codificação: UTF-8
vw_PontosdeOnibus.fid-5b41923a_19c3ec54e70_9e2,1761,POINT (-38.622567 -3.79881),3471,"RUA URUCUTUBA, 2458",-3.79881,-38.622567,ETUFOR,2022,EPSG: 31984 (SIRGAS 2000 - UTM 24S); Codificação: UTF-8
vw_PontosdeOnibus.fid-5b41923a_19c3ec54e70_9e3,1762,POINT (-38.625333 -3.798398),3472,"RUA URUCUTUBA, 3050",-3.798398,-38.625333,ETUFOR,2022,EPSG: 31984 (SIRGAS 2000 - UTM 24S); Codificação: UTF-8
vw_PontosdeOnibus.fid-5b41923a_19c3ec54e70_9e4,1763,POINT (-38.626281 -3.798287),3473,"RUA URUCUTUBA, 3050",-3.798287,-38.626281,ETUFOR,2022,EPSG: 31984 (SIRGAS 2000 - UTM 24S); Codificação: UTF-8
vw_PontosdeOnibus.fid-5b41923a_19c3ec54e70_9e5,1764,POINT (-38.627918 -3.79819),3474,"RUA URUCUTUBA, 1969",-3.79819,-38.627918,ETUFOR,2022,EPSG: 31984 (SIRGAS 2000 - UTM 24S); Codificação: UTF-8
vw_PontosdeOnibus.fid-5b41923a_19c3ec54e70_9e6,1765,POINT (-38.627699 -3.798121),3475,"RUA URUCUTUBA, 1991",-3.798121,-38.627699,ETUFOR,2022,EPSG: 31984 (SIRGAS 2000 - UTM 24S); Codificação: UTF-8
vw_PontosdeOnibus.fid-5b41923a_19c3ec54e70_9e7,1766,POINT (-38.628982 -3.797598),3476,"RUA JARDIM DO EDEN, 1120",-3.797598,-38.628982,ETUFOR,2022,EPSG: 31984 (SIRGAS 2000 - UTM 24S); Codificação: UTF-8
vw_PontosdeOnibus.fid-5b41923a_19c3ec54e70_9e8,1767,POINT (-38.526627 -3.789298),348,"RUA AMSTERDÃ, 1041",-3.789298,-38.526627,ETUFOR,2022,EPSG: 31984 (SIRGAS 2000 - UTM 24S); Codificação: UTF-8
vw_PontosdeOnibus.fid-5b41923a_19c3ec54e70_9e9,1768,POINT (-38.626733 -3.796346),3480,"RUA DO JATOBA, 2673",-3.796346,-38.626733,ETUFOR,2022,EPSG: 31984 (SIRGAS 2000 - UTM 24S); Codificação: UTF-8
vw_PontosdeOnibus.fid-5b41923a_19c3ec54e70_9ea,1769,POINT (-38.626551 -3.794723),3482,"RUA DO JATOBA, 2485",-3.794723,-38.626551,ETUFOR,2022,EPSG: 31984 (SIRGAS 2000 - UTM 24S); Codificação: UTF-8
vw_PontosdeOnibus.fid-5b41923a_19c3ec54e70_9eb,1770,POINT (-38.626315 -3.792681),3483,"RUA DO JATOBA, 2265",-3.792681,-38.626315,ETUFOR,2022,EPSG: 31984 (SIRGAS 2000 - UTM 24S); Codificação: UTF-8
vw_PontosdeOnibus.fid-5b41923a_19c3ec54e70_9ec,1771,POINT (-38.625862 -3.79109),3485,"AVENIDA JOAO GENTIL, 2975",-3.79109,-38.625862,ETUFOR,2022,EPSG: 31984 (SIRGAS 2000 - UTM 24S); Codificação: UTF-8
vw_PontosdeOnibus.fid-5b41923a_19c3ec54e70_9ed,1772,POINT (-38.458893 -3.79207),3486,"RUA DOR CORREIA LIMA, 2240",-3.79207,-38.458893,ETUFOR,2022,EPSG: 31984 (SIRGAS 2000 - UTM 24S); Codificação: UTF-8
vw_PontosdeOnibus.fid-5b41923a_19c3ec54e70_9ee,1773,POINT (-38.450785 -3.797639),3487,"RUA SABIAGUABA, 1321",-3.797639,-38.450785,ETUFOR,2022,EPSG: 31984 (SIRGAS 2000 - UTM 24S); Codificação: UTF-8
vw_PontosdeOnibus.fid-5b41923a_19c3ec54e70_9ef,1774,POINT (-38.450858 -3.797779),3488,"RUA SABIAGUABA, 1286",-3.797779,-38.450858,ETUFOR,2022,EPSG: 31984 (SIRGAS 2000 - UTM 24S); Codificação: UTF-8
vw_PontosdeOnibus.fid-5b41923a_19c3ec54e70_9f0,1775,POINT (-38.526664 -3.789287),349,"RUA AMSTERDÃ, 1041",-3.789287,-38.526664,ETUFOR,2022,EPSG: 31984 (SIRGAS 2000 - UTM 24S); Codificação: UTF-8
vw_PontosdeOnibus.fid-5b41923a_19c3ec54e70_9f1,1776,POINT (-38.628209 -3.804305),3493,"RUA DO JATOBA, 3622",-3.804305,-38.628209,ETUFOR,2022,EPSG: 31984 (SIRGAS 2000 - UTM 24S); Codificação: UTF-8
vw_PontosdeOnibus.fid-5b41923a_19c3ec54e70_9f2,1777,POINT (-38.586333 -3.706211),35,"AVENIDA FRANCISCO SA, 7620",-3.706211,-38.586333,ETUFOR,2022,EPSG: 31984 (SIRGAS 2000 - UTM 24S); Codificação: UTF-8
vw_PontosdeOnibus.fid-5b41923a_19c3ec54e70_9f3,1778,POINT (-38.52549 -3.788569),350,"RUA CAPRICHO, 960",-3.788569,-38.52549,ETUFOR,2022,EPSG: 31984 (SIRGAS 2000 - UTM 24S); Codificação: UTF-8
vw_PontosdeOnibus.fid-5b41923a_19c3ec54e70_9f4,1779,POINT (-38.525438 -3.788288),351,"RUA CAPRICHO, 680",-3.788288,-38.525438,ETUFOR,2022,EPSG: 31984 (SIRGAS 2000 - UTM 24S); Codificação: UTF-8
vw_PontosdeOnibus.fid-5b41923a_19c3ec54e70_9f5,1780,POINT (-38.629975 -3.807473),3517,"AVENIDA MACIEL BEZERRA, 1784",-3.807473,-38.629975,ETUFOR,2022,EPSG: 31984 (SIRGAS 2000 - UTM 24S); Codificação: UTF-8
vw_PontosdeOnibus.fid-5b41923a_19c3ec54e70_9f6,1781,POINT (-38.507559 -3.802169),3524,"AVENIDA DEP PAULINO ROCHA, 55",-3.802169,-38.507559,ETUFOR,2022,EPSG: 31984 (SIRGAS 2000 - UTM 24S); Codificação: UTF-8
vw_PontosdeOnibus.fid-5b41923a_19c3ec54e70_9f7,1782,POINT (-38.507699 -3.802277),3525,"AVENIDA PAULINO ROCHA, 50",-3.802277,-38.507699,ETUFOR,2022,EPSG: 31984 (SIRGAS 2000 - UTM 24S); Codificação: UTF-8
vw_PontosdeOnibus.fid-5b41923a_19c3ec54e70_9f8,1783,POINT (-38.507873 -3.804229),3526,"AVENIDA DEP PAULINO ROCHA, 551",-3.804229,-38.507873,ETUFOR,2022,EPSG: 31984 (SIRGAS 2000 - UTM 24S); Codificação: UTF-8
vw_PontosdeOnibus.fid-5b41923a_19c3ec54e70_9f9,1784,POINT (-38.504044 -3.802504),3528,"RODOVIA BR 116, 1990",-3.802504,-38.504044,ETUFOR,2022,EPSG: 31984 (SIRGAS 2000 - UTM 24S); Codificação: UTF-8
vw_PontosdeOnibus.fid-5b41923a_19c3ec54e70_9fa,1785,POINT (-38.503578 -3.802978),3529,"RODOVIA BR 116, 1551",-3.802978,-38.503578,ETUFOR,2022,EPSG: 31984 (SIRGAS 2000 - UTM 24S); Codificação: UTF-8
vw_PontosdeOnibus.fid-5b41923a_19c3ec54e70_9fb,1786,POINT (-38.524139 -3.785517),353,"RUA PEDRO DANTAS, 731",-3.785517,-38.524139,ETUFOR,2022,EPSG: 31984 (SIRGAS 2000 - UTM 24S); Codificação: UTF-8
vw_PontosdeOnibus.fid-5b41923a_19c3ec54e70_9fc,1787,POINT (-38.508184 -3.806314),3530,"AVENIDA DEP PAULINO ROCHA, 1001",-3.806314,-38.508184,ETUFOR,2022,EPSG: 31984 (SIRGAS 2000 - UTM 24S); Codificação: UTF-8
vw_PontosdeOnibus.fid-5b41923a_19c3ec54e70_9fd,1788,POINT (-38.508336 -3.806504),3531,"AVENIDA PAULINO ROCHA, 101",-3.806504,-38.508336,ETUFOR,2022,EPSG: 31984 (SIRGAS 2000 - UTM 24S); Codificação: UTF-8
vw_PontosdeOnibus.fid-5b41923a_19c3ec54e70_9fe,1789,POINT (-38.443012 -3.789005),3534,"RUA SABIAGUABA, 1907",-3.789005,-38.443012,ETUFOR,2022,EPSG: 31984 (SIRGAS 2000 - UTM 24S); Codificação: UTF-8
vw_PontosdeOnibus.fid-5b41923a_19c3ec54e70_9ff,1790,POINT (-38.441889 -3.787479),3535,"RUA SABIAGUABA, 2179",-3.787479,-38.441889,ETUFOR,2022,EPSG: 31984 (SIRGAS 2000 - UTM 24S); Codificação: UTF-8
vw_PontosdeOnibus.fid-5b41923a_19c3ec54e70_a00,1791,POINT (-38.507062 -3.796027),3540,"RODOVIA BR 116, 1288",-3.796027,-38.507062,ETUFOR,2022,EPSG: 31984 (SIRGAS 2000 - UTM 24S); Codificação: UTF-8
vw_PontosdeOnibus.fid-5b41923a_19c3ec54e70_a01,1792,POINT (-38.505326 -3.799181),3541,"RODOVIA BR 116, SN",-3.799181,-38.505326,ETUFOR,2022,EPSG: 31984 (SIRGAS 2000 - UTM 24S); Codificação: UTF-8
vw_PontosdeOnibus.fid-5b41923a_19c3ec54e70_a02,1793,POINT (-38.508943 -3.791997),3542,"RODOVIA BR 116, 484",-3.791997,-38.508943,ETUFOR,2022,EPSG: 31984 (SIRGAS 2000 - UTM 24S); Codificação: UTF-8
vw_PontosdeOnibus.fid-5b41923a_19c3ec54e70_a03,1794,POINT (-38.50816 -3.793663),3543,"RODOVIA BR 116, 845",-3.793663,-38.50816,ETUFOR,2022,EPSG: 31984 (SIRGAS 2000 - UTM 24S); Codificação: UTF-8
vw_PontosdeOnibus.fid-5b41923a_19c3ec54e70_a04,1795,POINT (-38.498009 -3.800169),3544,"RUA TEOFREDO GOIANA, 1672",-3.800169,-38.498009,ETUFOR,2022,EPSG: 31984 (SIRGAS 2000 - UTM 24S); Codificação: UTF-8
vw_PontosdeOnibus.fid-5b41923a_19c3ec54e70_a05,1796,POINT (-38.497857 -3.80014),3545,"AVENIDA DES GONZAGA, 1566",-3.80014,-38.497857,ETUFOR,2022,EPSG: 31984 (SIRGAS 2000 - UTM 24S); Codificação: UTF-8
vw_PontosdeOnibus.fid-5b41923a_19c3ec54e70_a06,1797,POINT (-38.493643 -3.799986),3546,"AVENIDA MANOEL R MONTEIRO, 102",-3.799986,-38.493643,ETUFOR,2022,EPSG: 31984 (SIRGAS 2000 - UTM 24S); Codificação: UTF-8
vw_PontosdeOnibus.fid-5b41923a_19c3ec54e70_a07,1798,POINT (-38.502685 -3.805496),3548,"RODOVIA BR 116, 2332",-3.805496,-38.502685,ETUFOR,2022,EPSG: 31984 (SIRGAS 2000 - UTM 24S); Codificação: UTF-8
vw_PontosdeOnibus.fid-5b41923a_19c3ec54e70_a08,1799,POINT (-38.502389 -3.805545),3549,"RODOVIA BR 116, SN",-3.805545,-38.502389,ETUFOR,2022,EPSG: 31984 (SIRGAS 2000 - UTM 24S); Codificação: UTF-8
vw_PontosdeOnibus.fid-5b41923a_19c3ec54e70_a09,1800,POINT (-38.522248 -3.785849),355,"RUA PEDRO DANTAS, 519",-3.785849,-38.522248,ETUFOR,2022,EPSG: 31984 (SIRGAS 2000 - UTM 24S); Codificação: UTF-8
vw_PontosdeOnibus.fid-5b41923a_19c3ec54e70_a0a,1801,POINT (-38.50142 -3.807716),3550,"RODOVIA BR 116, SN",-3.807716,-38.50142,ETUFOR,2022,EPSG: 31984 (SIRGAS 2000 - UTM 24S); Codificação: UTF-8
vw_PontosdeOnibus.fid-5b41923a_19c3ec54e70_a0b,1802,POINT (-38.449723 -3.813773),3551,"AVENIDA RECREIO, 970",-3.813773,-38.449723,ETUFOR,2022,EPSG: 31984 (SIRGAS 2000 - UTM 24S); Codificação: UTF-8
vw_PontosdeOnibus.fid-5b41923a_19c3ec54e70_a0c,1803,POINT (-38.449193 -3.81121),3554,"AVENIDA RECREIO, 108",-3.81121,-38.449193,ETUFOR,2022,EPSG: 31984 (SIRGAS 2000 - UTM 24S); Codificação: UTF-8
vw_PontosdeOnibus.fid-5b41923a_19c3ec54e70_a0d,1804,POINT (-38.450127 -3.81571),3555,"AVENIDA JOAO FERREIRA, 950",-3.81571,-38.450127,ETUFOR,2022,EPSG: 31984 (SIRGAS 2000 - UTM 24S); Codificação: UTF-8
vw_PontosdeOnibus.fid-5b41923a_19c3ec54e70_a0e,1805,POINT (-38.450154 -3.815844),3558,"AVENIDA RECREIO, 1141",-3.815844,-38.450154,ETUFOR,2022,EPSG: 31984 (SIRGAS 2000 - UTM 24S); Codificação: UTF-8
vw_PontosdeOnibus.fid-5b41923a_19c3ec54e70_a0f,1806,POINT (-38.521635 -3.785962),356,"RUA PEDRO DANTAS, 451",-3.785962,-38.521635,ETUFOR,2022,EPSG: 31984 (SIRGAS 2000 - UTM 24S); Codificação: UTF-8
vw_PontosdeOnibus.fid-5b41923a_19c3ec54e70_a10,1807,POINT (-38.433151 -3.809942),3563,"AVENIDA MAE MANOEL MAVIGNIER, 5512",-3.809942,-38.433151,ETUFOR,2022,EPSG: 31984 (SIRGAS 2000 - UTM 24S); Codificação: UTF-8
vw_PontosdeOnibus.fid-5b41923a_19c3ec54e70_a11,1808,POINT (-38.431054 -3.810424),3564,"AVENIDA MAE MANOEL MAVIGNIER, 5785",-3.810424,-38.431054,ETUFOR,2022,EPSG: 31984 (SIRGAS 2000 - UTM 24S); Codificação: UTF-8
vw_PontosdeOnibus.fid-5b41923a_19c3ec54e70_a12,1809,POINT (-38.598149 -3.813271),3567,"RUA CON CASTRO, 5677",-3.813271,-38.598149,ETUFOR,2022,EPSG: 31984 (SIRGAS 2000 - UTM 24S); Codificação: UTF-8
vw_PontosdeOnibus.fid-5b41923a_19c3ec54e70_a13,1810,POINT (-38.588446 -3.813116),3569,"AVENIDA CONTORNO NORTE (D71), 1260",-3.813116,-38.588446,ETUFOR,2022,EPSG: 31984 (SIRGAS 2000 - UTM 24S); Codificação: UTF-8
vw_PontosdeOnibus.fid-5b41923a_19c3ec54e70_a14,1811,POINT (-38.521442 -3.783749),357,"AVENIDA SEN CARLOS JEREISSATI, 535",-3.783749,-38.521442,ETUFOR,2022,EPSG: 31984 (SIRGAS 2000 - UTM 24S); Codificação: UTF-8
vw_PontosdeOnibus.fid-5b41923a_19c3ec54e70_a15,1812,POINT (-38.544097 -3.824503),3570,"AVENIDA SAUDADE, 4007",-3.824503,-38.544097,ETUFOR,2022,EPSG: 31984 (SIRGAS 2000 - UTM 24S); Codificação: UTF-8
vw_PontosdeOnibus.fid-5b41923a_19c3ec54e70_a16,1813,POINT (-38.541021 -3.825259),3573,"AVENIDA PRS COSTA E SILVA, 4305",-3.825259,-38.541021,ETUFOR,2022,EPSG: 31984 (SIRGAS 2000 - UTM 24S); Codificação: UTF-8
vw_PontosdeOnibus.fid-5b41923a_19c3ec54e70_a17,1814,POINT (-38.541657 -3.825232),3574,"AVENIDA PRS COSTA E SILVA, 4289",-3.825232,-38.541657,ETUFOR,2022,EPSG: 31984 (SIRGAS 2000 - UTM 24S); Codificação: UTF-8
vw_PontosdeOnibus.fid-5b41923a_19c3ec54e70_a18,1815,POINT (-38.537797 -3.826335),3575,"AVENIDA COSTA E SILVA, 4677",-3.826335,-38.537797,ETUFOR,2022,EPSG: 31984 (SIRGAS 2000 - UTM 24S); Codificação: UTF-8
vw_PontosdeOnibus.fid-5b41923a_19c3ec54e70_a19,1816,POINT (-38.53843 -3.825865),3576,"AVENIDA COSTA E SILVA, 4655",-3.825865,-38.53843,ETUFOR,2022,EPSG: 31984 (SIRGAS 2000 - UTM 24S); Codificação: UTF-8
vw_PontosdeOnibus.fid-5b41923a_19c3ec54e70_a1a,1817,POINT (-38.413454 -3.809806),3579,"AVENIDA MAE MANOEL MAVIGNIER, 7326",-3.809806,-38.413454,ETUFOR,2022,EPSG: 31984 (SIRGAS 2000 - UTM 24S); Codificação: UTF-8
vw_PontosdeOnibus.fid-5b41923a_19c3ec54e70_a1b,1818,POINT (-38.523462 -3.783197),358,"AVENIDA CARLOS JEREISSATI, 691",-3.783197,-38.523462,ETUFOR,2022,EPSG: 31984 (SIRGAS 2000 - UTM 24S); Codificação: UTF-8
vw_PontosdeOnibus.fid-5b41923a_19c3ec54e70_a1c,1819,POINT (-38.411989 -3.810602),3581,"AVENIDA MAE MANOEL MAVIGNIER, 7506",-3.810602,-38.411989,ETUFOR,2022,EPSG: 31984 (SIRGAS 2000 - UTM 24S); Codificação: UTF-8
vw_PontosdeOnibus.fid-5b41923a_19c3ec54e70_a1d,1820,POINT (-38.410797 -3.811556),3582,"AVENIDA MAE MANOEL MAVIGNIER, 7715",-3.811556,-38.410797,ETUFOR,2022,EPSG: 31984 (SIRGAS 2000 - UTM 24S); Codificação: UTF-8
vw_PontosdeOnibus.fid-5b41923a_19c3ec54e70_a1e,1821,POINT (-38.524413 -3.783323),359,"AVENIDA CARLOS JEREISSATI, SN",-3.783323,-38.524413,ETUFOR,2022,EPSG: 31984 (SIRGAS 2000 - UTM 24S); Codificação: UTF-8
vw_PontosdeOnibus.fid-5b41923a_19c3ec54e70_a1f,1822,POINT (-38.620183 -3.813245),3594,"RUA TEBAS, 21",-3.813245,-38.620183,ETUFOR,2022,EPSG: 31984 (SIRGAS 2000 - UTM 24S); Codificação: UTF-8
vw_PontosdeOnibus.fid-5b41923a_19c3ec54e70_a20,1823,POINT (-38.621069 -3.814691),3595,"RUA TEBAS, 400",-3.814691,-38.621069,ETUFOR,2022,EPSG: 31984 (SIRGAS 2000 - UTM 24S); Codificação: UTF-8
vw_PontosdeOnibus.fid-5b41923a_19c3ec54e70_a21,1824,POINT (-38.614324 -3.817427),3596,"AVENIDA OSORIO DE PAIVA, 7475",-3.817427,-38.614324,ETUFOR,2022,EPSG: 31984 (SIRGAS 2000 - UTM 24S); Codificação: UTF-8
vw_PontosdeOnibus.fid-5b41923a_19c3ec54e70_a22,1825,POINT (-38.6143 -3.817109),3597,"AVENIDA OSORIO DE PAIVA, 7480",-3.817109,-38.6143,ETUFOR,2022,EPSG: 31984 (SIRGAS 2000 - UTM 24S); Codificação: UTF-8
vw_PontosdeOnibus.fid-5b41923a_19c3ec54e70_a23,1826,POINT (-38.612772 -3.815584),3598,"AVENIDA GAL OSORIO DE PAIVA, 7020",-3.815584,-38.612772,ETUFOR,2022,EPSG: 31984 (SIRGAS 2000 - UTM 24S); Codificação: UTF-8
vw_PontosdeOnibus.fid-5b41923a_19c3ec54e70_a24,1827,POINT (-38.611635 -3.814681),3599,"AVENIDA OSORIO DE PAIVA, 6853",-3.814681,-38.611635,ETUFOR,2022,EPSG: 31984 (SIRGAS 2000 - UTM 24S); Codificação: UTF-8
vw_PontosdeOnibus.fid-5b41923a_19c3ec54e70_a25,1828,POINT (-38.580628 -3.709426),36,"AVENIDA FRANCISCO SA, 6223",-3.709426,-38.580628,ETUFOR,2022,EPSG: 31984 (SIRGAS 2000 - UTM 24S); Codificação: UTF-8
vw_PontosdeOnibus.fid-5b41923a_19c3ec54e70_a26,1829,POINT (-38.520416 -3.786181),360,"RUA PEDRO DANTAS, 307",-3.786181,-38.520416,ETUFOR,2022,EPSG: 31984 (SIRGAS 2000 - UTM 24S); Codificação: UTF-8
vw_PontosdeOnibus.fid-5b41923a_19c3ec54e70_a27,1830,POINT (-38.535146 -3.821326),3600,"AVENIDA JUSCELINO KUBITSCHECK, S/N",-3.821326,-38.535146,ETUFOR,2022,EPSG: 31984 (SIRGAS 2000 - UTM 24S); Codificação: UTF-8
vw_PontosdeOnibus.fid-5b41923a_19c3ec54e70_a28,1831,POINT (-38.530734 -3.81927),3601,"RUA 10 JD CASTELAO, 309",-3.81927,-38.530734,ETUFOR,2022,EPSG: 31984 (SIRGAS 2000 - UTM 24S); Codificação: UTF-8
vw_PontosdeOnibus.fid-5b41923a_19c3ec54e70_a29,1832,POINT (-38.531343 -3.821153),3603,"RUA 10 JD CASTELAO, 628",-3.821153,-38.531343,ETUFOR,2022,EPSG: 31984 (SIRGAS 2000 - UTM 24S); Codificação: UTF-8
vw_PontosdeOnibus.fid-5b41923a_19c3ec54e70_a2a,1833,POINT (-38.531779 -3.822422),3604,"RUA 10 JD CASTELAO, 830",-3.822422,-38.531779,ETUFOR,2022,EPSG: 31984 (SIRGAS 2000 - UTM 24S); Codificação: UTF-8
vw_PontosdeOnibus.fid-5b41923a_19c3ec54e70_a2b,1834,POINT (-38.523872 -3.818485),3607,"RUA AMÂNCIO PEREIRA, 1147",-3.818485,-38.523872,ETUFOR,2022,EPSG: 31984 (SIRGAS 2000 - UTM 24S); Codificação: UTF-8
vw_PontosdeOnibus.fid-5b41923a_19c3ec54e70_a2c,1835,POINT (-38.517099 -3.785996),361,"AVENIDA ALBERTO CRAVEIRO, 900",-3.785996,-38.517099,ETUFOR,2022,EPSG: 31984 (SIRGAS 2000 - UTM 24S); Codificação: UTF-8
vw_PontosdeOnibus.fid-5b41923a_19c3ec54e70_a2d,1836,POINT (-38.521308 -3.825993),3610,"AVENIDA POMPILHO GOMES, 1656",-3.825993,-38.521308,ETUFOR,2022,EPSG: 31984 (SIRGAS 2000 - UTM 24S); Codificação: UTF-8
vw_PontosdeOnibus.fid-5b41923a_19c3ec54e70_a2e,1837,POINT (-38.521225 -3.824553),3611,"RUA POMPILIO GOMES, 1544",-3.824553,-38.521225,ETUFOR,2022,EPSG: 31984 (SIRGAS 2000 - UTM 24S); Codificação: UTF-8
vw_PontosdeOnibus.fid-5b41923a_19c3ec54e70_a2f,1838,POINT (-38.521084 -3.821836),3612,"RUA POMPILIO GOMES, 1125",-3.821836,-38.521084,ETUFOR,2022,EPSG: 31984 (SIRGAS 2000 - UTM 24S); Codificação: UTF-8
vw_PontosdeOnibus.fid-5b41923a_19c3ec54e70_a30,1839,POINT (-38.521201 -3.823165),3613,"RUA POMPILIO GOMES, 1178",-3.823165,-38.521201,ETUFOR,2022,EPSG: 31984 (SIRGAS 2000 - UTM 24S); Codificação: UTF-8
vw_PontosdeOnibus.fid-5b41923a_19c3ec54e70_a31,1840,POINT (-38.519728 -3.824751),3614,"RUA 13 CJ NOVA ASSUNCAO, 219",-3.824751,-38.519728,ETUFOR,2022,EPSG: 31984 (SIRGAS 2000 - UTM 24S); Codificação: UTF-8
vw_PontosdeOnibus.fid-5b41923a_19c3ec54e70_a32,1841,POINT (-38.518818 -3.824783),3615,"RUA J CJ NOVA ASSUNCAO, 69",-3.824783,-38.518818,ETUFOR,2022,EPSG: 31984 (SIRGAS 2000 - UTM 24S); Codificação: UTF-8
vw_PontosdeOnibus.fid-5b41923a_19c3ec54e70_a33,1842,POINT (-38.517113 -3.826586),3618,"RUA M ESPLANADA CASTELAO, SN",-3.826586,-38.517113,ETUFOR,2022,EPSG: 31984 (SIRGAS 2000 - UTM 24S); Codificação: UTF-8
vw_PontosdeOnibus.fid-5b41923a_19c3ec54e70_a34,1843,POINT (-38.516413 -3.82479),3619,"RUA 5 RESD NOVA ASSUNCAO, 153",-3.82479,-38.516413,ETUFOR,2022,EPSG: 31984 (SIRGAS 2000 - UTM 24S); Codificação: UTF-8
vw_PontosdeOnibus.fid-5b41923a_19c3ec54e70_a35,1844,POINT (-38.517236 -3.785951),362,"AVENIDA ALBERTO CRAVEIRO, 900",-3.785951,-38.517236,ETUFOR,2022,EPSG: 31984 (SIRGAS 2000 - UTM 24S); Codificação: UTF-8
vw_PontosdeOnibus.fid-5b41923a_19c3ec54e70_a36,1845,POINT (-38.510923 -3.819916),3620,"RUA PARAISO, 557",-3.819916,-38.510923,ETUFOR,2022,EPSG: 31984 (SIRGAS 2000 - UTM 24S); Codificação: UTF-8
vw_PontosdeOnibus.fid-5b41923a_19c3ec54e70_a37,1846,POINT (-38.511411 -3.819214),3621,"AVENIDA OITO/CJ 1º DE MARÇO, 480",-3.819214,-38.511411,ETUFOR,2022,EPSG: 31984 (SIRGAS 2000 - UTM 24S); Codificação: UTF-8
vw_PontosdeOnibus.fid-5b41923a_19c3ec54e70_a38,1847,POINT (-38.509892 -3.822568),3624,"RUA DAURA, 769",-3.822568,-38.509892,ETUFOR,2022,EPSG: 31984 (SIRGAS 2000 - UTM 24S); Codificação: UTF-8
vw_PontosdeOnibus.fid-5b41923a_19c3ec54e70_a39,1848,POINT (-38.509949 -3.822563),3625,"RUA DAURA, 768",-3.822563,-38.509949,ETUFOR,2022,EPSG: 31984 (SIRGAS 2000 - UTM 24S); Codificação: UTF-8
vw_PontosdeOnibus.fid-5b41923a_19c3ec54e70_a3a,1849,POINT (-38.509906 -3.820705),3626,"RUA CAP HUGO BEZERRA, 741",-3.820705,-38.509906,ETUFOR,2022,EPSG: 31984 (SIRGAS 2000 - UTM 24S); Codificação: UTF-8
vw_PontosdeOnibus.fid-5b41923a_19c3ec54e70_a3b,1850,POINT (-38.510039 -3.820694),3627,"RUA CAP HUGO BEZERRA, 760",-3.820694,-38.510039,ETUFOR,2022,EPSG: 31984 (SIRGAS 2000 - UTM 24S); Codificação: UTF-8
vw_PontosdeOnibus.fid-5b41923a_19c3ec54e70_a3c,1851,POINT (-38.508513 -3.822698),3629,"RUA DAURA, 520",-3.822698,-38.508513,ETUFOR,2022,EPSG: 31984 (SIRGAS 2000 - UTM 24S); Codificação: UTF-8
vw_PontosdeOnibus.fid-5b41923a_19c3ec54e70_a3d,1852,POINT (-38.516132 -3.781606),363,"AVENIDA ALBERTO CRAVEIRO, 430",-3.781606,-38.516132,ETUFOR,2022,EPSG: 31984 (SIRGAS 2000 - UTM 24S); Codificação: UTF-8
vw_PontosdeOnibus.fid-5b41923a_19c3ec54e70_a3e,1853,POINT (-38.50813 -3.82369),3630,"RUA MARIA PERDIGAO, 385",-3.82369,-38.50813,ETUFOR,2022,EPSG: 31984 (SIRGAS 2000 - UTM 24S); Codificação: UTF-8
vw_PontosdeOnibus.fid-5b41923a_19c3ec54e70_a3f,1854,POINT (-38.508026 -3.825483),3631,"RUA GERALDO SOARES, 531",-3.825483,-38.508026,ETUFOR,2022,EPSG: 31984 (SIRGAS 2000 - UTM 24S); Codificação: UTF-8
vw_PontosdeOnibus.fid-5b41923a_19c3ec54e70_a40,1855,POINT (-38.508005 -3.825417),3632,"RUA GERALDO SOARES, 331",-3.825417,-38.508005,ETUFOR,2022,EPSG: 31984 (SIRGAS 2000 - UTM 24S); Codificação: UTF-8
vw_PontosdeOnibus.fid-5b41923a_19c3ec54e70_a41,1856,POINT (-38.507865 -3.827045),3633,"RUA AUGUSTO CALHEIROS, 997",-3.827045,-38.507865,ETUFOR,2022,EPSG: 31984 (SIRGAS 2000 - UTM 24S); Codificação: UTF-8
vw_PontosdeOnibus.fid-5b41923a_19c3ec54e70_a42,1857,POINT (-38.507811 -3.827057),3634,"RUA AUGUSTO CALHEIROS, 997",-3.827057,-38.507811,ETUFOR,2022,EPSG: 31984 (SIRGAS 2000 - UTM 24S); Codificação: UTF-8
vw_PontosdeOnibus.fid-5b41923a_19c3ec54e70_a43,1858,POINT (-38.516097 -3.78189),364,"AVENIDA ALBERTO CRAVEIRO, 430",-3.78189,-38.516097,ETUFOR,2022,EPSG: 31984 (SIRGAS 2000 - UTM 24S); Codificação: UTF-8
vw_PontosdeOnibus.fid-5b41923a_19c3ec54e70_a44,1859,POINT (-38.452335 -3.821486),3640,"AVENIDA CURIO, 1800",-3.821486,-38.452335,ETUFOR,2022,EPSG: 31984 (SIRGAS 2000 - UTM 24S); Codificação: UTF-8
vw_PontosdeOnibus.fid-5b41923a_19c3ec54e70_a45,1860,POINT (-38.452279 -3.821378),3641,"AVENIDA PROF ARTUR DE CARVALHO, 1800",-3.821378,-38.452279,ETUFOR,2022,EPSG: 31984 (SIRGAS 2000 - UTM 24S); Codificação: UTF-8
vw_PontosdeOnibus.fid-5b41923a_19c3ec54e70_a46,1861,POINT (-38.451621 -3.820124),3642,"AVENIDA CURIO, 1540",-3.820124,-38.451621,ETUFOR,2022,EPSG: 31984 (SIRGAS 2000 - UTM 24S); Codificação: UTF-8
vw_PontosdeOnibus.fid-5b41923a_19c3ec54e70_a47,1862,POINT (-38.451654 -3.820187),3643,"AVENIDA CURIO, 1560",-3.820187,-38.451654,ETUFOR,2022,EPSG: 31984 (SIRGAS 2000 - UTM 24S); Codificação: UTF-8
vw_PontosdeOnibus.fid-5b41923a_19c3ec54e70_a48,1863,POINT (-38.450619 -3.818136),3644,"AVENIDA PROF ARTUR DE CARVALHO, 1365",-3.818136,-38.450619,ETUFOR,2022,EPSG: 31984 (SIRGAS 2000 - UTM 24S); Codificação: UTF-8
vw_PontosdeOnibus.fid-5b41923a_19c3ec54e70_a49,1864,POINT (-38.450638 -3.818228),3645,"AVENIDA PROF ARTUR DE CARVALHO, 1386",-3.818228,-38.450638,ETUFOR,2022,EPSG: 31984 (SIRGAS 2000 - UTM 24S); Codificação: UTF-8
vw_PontosdeOnibus.fid-5b41923a_19c3ec54e70_a4a,1865,POINT (-38.459112 -3.824501),3646,"AVENIDA PROF AUTHUR DE CARVALHO, 2311",-3.824501,-38.459112,ETUFOR,2022,EPSG: 31984 (SIRGAS 2000 - UTM 24S); Codificação: UTF-8
vw_PontosdeOnibus.fid-5b41923a_19c3ec54e70_a4b,1866,POINT (-38.459086 -3.824497),3647,"AVENIDA CURIO, 2706",-3.824497,-38.459086,ETUFOR,2022,EPSG: 31984 (SIRGAS 2000 - UTM 24S); Codificação: UTF-8
vw_PontosdeOnibus.fid-5b41923a_19c3ec54e70_a4c,1867,POINT (-38.45793 -3.824351),3648,"AVENIDA PROF AUTHUR DE CARVALHO, 2560",-3.824351,-38.45793,ETUFOR,2022,EPSG: 31984 (SIRGAS 2000 - UTM 24S); Codificação: UTF-8
vw_PontosdeOnibus.fid-5b41923a_19c3ec54e70_a4d,1868,POINT (-38.457428 -3.82428),3649,"AVENIDA CURIO, SN",-3.82428,-38.457428,ETUFOR,2022,EPSG: 31984 (SIRGAS 2000 - UTM 24S); Codificação: UTF-8
vw_PontosdeOnibus.fid-5b41923a_19c3ec54e70_a4e,1869,POINT (-38.518434 -3.786536),365,"RUA PEDRO DANTAS, 110",-3.786536,-38.518434,ETUFOR,2022,EPSG: 31984 (SIRGAS 2000 - UTM 24S); Codificação: UTF-8
vw_PontosdeOnibus.fid-5b41923a_19c3ec54e70_a4f,1870,POINT (-38.455612 -3.823807),3650,"AVENIDA PROF ARTUR DE CARVALHO, 2706",-3.823807,-38.455612,ETUFOR,2022,EPSG: 31984 (SIRGAS 2000 - UTM 24S); Codificação: UTF-8
vw_PontosdeOnibus.fid-5b41923a_19c3ec54e70_a50,1871,POINT (-38.455482 -3.823764),3651,"AVENIDA PROF ARTUR DE CARVALHO, 2707",-3.823764,-38.455482,ETUFOR,2022,EPSG: 31984 (SIRGAS 2000 - UTM 24S); Codificação: UTF-8
vw_PontosdeOnibus.fid-5b41923a_19c3ec54e70_a51,1872,POINT (-38.453712 -3.823176),3652,"AVENIDA PROF ARTUR DE CARVALHO, 2799",-3.823176,-38.453712,ETUFOR,2022,EPSG: 31984 (SIRGAS 2000 - UTM 24S); Codificação: UTF-8
vw_PontosdeOnibus.fid-5b41923a_19c3ec54e70_a52,1873,POINT (-38.586681 -3.765349),3654,"RUA PRO HERIBALDO COSTA, 1360",-3.765349,-38.586681,ETUFOR,2022,EPSG: 31984 (SIRGAS 2000 - UTM 24S); Codificação: UTF-8
vw_PontosdeOnibus.fid-5b41923a_19c3ec54e70_a53,1874,POINT (-38.587652 -3.767213),3655,"RUA PRO HERIBALDO COSTA, 1761",-3.767213,-38.587652,ETUFOR,2022,EPSG: 31984 (SIRGAS 2000 - UTM 24S); Codificação: UTF-8
vw_PontosdeOnibus.fid-5b41923a_19c3ec54e70_a54,1875,POINT (-38.589658 -3.767257),3658,"RUA VITORIA, 1706",-3.767257,-38.589658,ETUFOR,2022,EPSG: 31984 (SIRGAS 2000 - UTM 24S); Codificação: UTF-8
vw_PontosdeOnibus.fid-5b41923a_19c3ec54e70_a55,1876,POINT (-38.588817 -3.765703),3659,"RUA VITORIA, 1511",-3.765703,-38.588817,ETUFOR,2022,EPSG: 31984 (SIRGAS 2000 - UTM 24S); Codificação: UTF-8
vw_PontosdeOnibus.fid-5b41923a_19c3ec54e70_a56,1877,POINT (-38.518213 -3.786576),366,"RUA PEDRO DANTAS, 81",-3.786576,-38.518213,ETUFOR,2022,EPSG: 31984 (SIRGAS 2000 - UTM 24S); Codificação: UTF-8
vw_PontosdeOnibus.fid-5b41923a_19c3ec54e70_a57,1878,POINT (-38.58519 -3.766938),3660,"RUA PORTO VELHO, 470",-3.766938,-38.58519,ETUFOR,2022,EPSG: 31984 (SIRGAS 2000 - UTM 24S); Codificação: UTF-8
vw_PontosdeOnibus.fid-5b41923a_19c3ec54e70_a58,1879,POINT (-38.584451 -3.767333),3661,"RUA PORTO VELHO, 400",-3.767333,-38.584451,ETUFOR,2022,EPSG: 31984 (SIRGAS 2000 - UTM 24S); Codificação: UTF-8
vw_PontosdeOnibus.fid-5b41923a_19c3ec54e70_a59,1880,POINT (-38.586294 -3.768902),3662,"RUA BOA VISTA, 651",-3.768902,-38.586294,ETUFOR,2022,EPSG: 31984 (SIRGAS 2000 - UTM 24S); Codificação: UTF-8
vw_PontosdeOnibus.fid-5b41923a_19c3ec54e70_a5a,1881,POINT (-38.583861 -3.770211),3663,"RUA BOA VISTA, 325",-3.770211,-38.583861,ETUFOR,2022,EPSG: 31984 (SIRGAS 2000 - UTM 24S); Codificação: UTF-8
vw_PontosdeOnibus.fid-5b41923a_19c3ec54e70_a5b,1882,POINT (-38.582475 -3.770546),3664,"RUA BRIGADEIRO TORRES, 1438A",-3.770546,-38.582475,ETUFOR,2022,EPSG: 31984 (SIRGAS 2000 - UTM 24S); Codificação: UTF-8
vw_PontosdeOnibus.fid-5b41923a_19c3ec54e70_a5c,1883,POINT (-38.579518 -3.770913),3665,"AVENIDA LINEU MACHADO, 1265",-3.770913,-38.579518,ETUFOR,2022,EPSG: 31984 (SIRGAS 2000 - UTM 24S); Codificação: UTF-8
vw_PontosdeOnibus.fid-5b41923a_19c3ec54e70_a5d,1884,POINT (-38.578989 -3.769855),3666,"AVENIDA LINEU MACHADO, 1140",-3.769855,-38.578989,ETUFOR,2022,EPSG: 31984 (SIRGAS 2000 - UTM 24S); Codificação: UTF-8
vw_PontosdeOnibus.fid-5b41923a_19c3ec54e70_a5e,1885,POINT (-38.579814 -3.769876),3667,"RUA PORTO VELHO, 833",-3.769876,-38.579814,ETUFOR,2022,EPSG: 31984 (SIRGAS 2000 - UTM 24S); Codificação: UTF-8
vw_PontosdeOnibus.fid-5b41923a_19c3ec54e70_a5f,1886,POINT (-38.581272 -3.769052),3668,"RUA PORTO VELHO, 44",-3.769052,-38.581272,ETUFOR,2022,EPSG: 31984 (SIRGAS 2000 - UTM 24S); Codificação: UTF-8
vw_PontosdeOnibus.fid-5b41923a_19c3ec54e70_a60,1887,POINT (-38.517016 -3.789835),367,"AVENIDA ALBERTO CRAVEIRO, 900",-3.789835,-38.517016,ETUFOR,2022,EPSG: 31984 (SIRGAS 2000 - UTM 24S); Codificação: UTF-8
vw_PontosdeOnibus.fid-5b41923a_19c3ec54e70_a61,1888,POINT (-38.589818 -3.831307),3671,"RUA MIGUEL ARAGAO, S/N",-3.831307,-38.589818,ETUFOR,2022,EPSG: 31984 (SIRGAS 2000 - UTM 24S); Codificação: UTF-8
vw_PontosdeOnibus.fid-5b41923a_19c3ec54e70_a62,1889,POINT (-38.533279 -3.828055),3672,"AVENIDA COSTA E SILVA, 5295",-3.828055,-38.533279,ETUFOR,2022,EPSG: 31984 (SIRGAS 2000 - UTM 24S); Codificação: UTF-8
vw_PontosdeOnibus.fid-5b41923a_19c3ec54e70_a63,1890,POINT (-38.530603 -3.828565),3673,"AVENIDA COSTA E SILVA, 5559",-3.828565,-38.530603,ETUFOR,2022,EPSG: 31984 (SIRGAS 2000 - UTM 24S); Codificação: UTF-8
vw_PontosdeOnibus.fid-5b41923a_19c3ec54e70_a64,1891,POINT (-38.529809 -3.829003),3674,"AVENIDA COSTA E SILVA, 5621",-3.829003,-38.529809,ETUFOR,2022,EPSG: 31984 (SIRGAS 2000 - UTM 24S); Codificação: UTF-8
vw_PontosdeOnibus.fid-5b41923a_19c3ec54e70_a65,1892,POINT (-38.529063 -3.828921),3675,"AVENIDA COSTA E SILVA, 5581",-3.828921,-38.529063,ETUFOR,2022,EPSG: 31984 (SIRGAS 2000 - UTM 24S); Codificação: UTF-8
vw_PontosdeOnibus.fid-5b41923a_19c3ec54e70_a66,1893,POINT (-38.525815 -3.829406),3676,"AVENIDA PRS COSTA E SILVA, 3341",-3.829406,-38.525815,ETUFOR,2022,EPSG: 31984 (SIRGAS 2000 - UTM 24S); Codificação: UTF-8
vw_PontosdeOnibus.fid-5b41923a_19c3ec54e70_a67,1894,POINT (-38.526057 -3.829305),3677,"AVENIDA PRS COSTA E SILVA, 3370",-3.829305,-38.526057,ETUFOR,2022,EPSG: 31984 (SIRGAS 2000 - UTM 24S); Codificação: UTF-8
vw_PontosdeOnibus.fid-5b41923a_19c3ec54e70_a68,1895,POINT (-38.524843 -3.835559),3678,"AVENIDA MON AMARILIO RODRIGUES, 708",-3.835559,-38.524843,ETUFOR,2022,EPSG: 31984 (SIRGAS 2000 - UTM 24S); Codificação: UTF-8
vw_PontosdeOnibus.fid-5b41923a_19c3ec54e70_a69,1896,POINT (-38.522703 -3.829032),3679,"AVENIDA PRS COSTA E SILVA, 85",-3.829032,-38.522703,ETUFOR,2022,EPSG: 31984 (SIRGAS 2000 - UTM 24S); Codificação: UTF-8
vw_PontosdeOnibus.fid-5b41923a_19c3ec54e70_a6a,1897,POINT (-38.517331 -3.789195),368,"AVENIDA ALBERTO CRAVEIRO, 1411",-3.789195,-38.517331,ETUFOR,2022,EPSG: 31984 (SIRGAS 2000 - UTM 24S); Codificação: UTF-8
vw_PontosdeOnibus.fid-5b41923a_19c3ec54e70_a6b,1898,POINT (-38.523414 -3.82898),3680,"AVENIDA PRS COSTA E SILVA, 3130",-3.82898,-38.523414,ETUFOR,2022,EPSG: 31984 (SIRGAS 2000 - UTM 24S); Codificação: UTF-8
vw_PontosdeOnibus.fid-5b41923a_19c3ec54e70_a6c,1899,POINT (-38.521977 -3.83172),3681,"AVENIDA 103 CJ SAO CRISTOVAO, 508",-3.83172,-38.521977,ETUFOR,2022,EPSG: 31984 (SIRGAS 2000 - UTM 24S); Codificação: UTF-8
vw_PontosdeOnibus.fid-5b41923a_19c3ec54e70_a6d,1900,POINT (-38.521402 -3.830283),3682,"AVENIDA CASTELO DE CASTRO, 164",-3.830283,-38.521402,ETUFOR,2022,EPSG: 31984 (SIRGAS 2000 - UTM 24S); Codificação: UTF-8
vw_PontosdeOnibus.fid-5b41923a_19c3ec54e70_a6e,1901,POINT (-38.521245 -3.828079),3683,"RUA POMPÍLIO GOMES, 1886",-3.828079,-38.521245,ETUFOR,2022,EPSG: 31984 (SIRGAS 2000 - UTM 24S); Codificação: UTF-8
vw_PontosdeOnibus.fid-5b41923a_19c3ec54e70_a6f,1902,POINT (-38.521216 -3.826977),3684,"RUA A UI 412, 1761",-3.826977,-38.521216,ETUFOR,2022,EPSG: 31984 (SIRGAS 2000 - UTM 24S); Codificação: UTF-8
vw_PontosdeOnibus.fid-5b41923a_19c3ec54e70_a70,1903,POINT (-38.523398 -3.831673),3685,"AVENIDA CONTORNO NORTE, 646",-3.831673,-38.523398,ETUFOR,2022,EPSG: 31984 (SIRGAS 2000 - UTM 24S); Codificação: UTF-8
vw_PontosdeOnibus.fid-5b41923a_19c3ec54e70_a71,1904,POINT (-38.520221 -3.82844),3686,"AVENIDA PRS COSTA E SILVA, 2854",-3.82844,-38.520221,ETUFOR,2022,EPSG: 31984 (SIRGAS 2000 - UTM 24S); Codificação: UTF-8
vw_PontosdeOnibus.fid-5b41923a_19c3ec54e70_a72,1905,POINT (-38.518894 -3.828394),3687,"AVENIDA PRS COSTA E SILVA, 2706",-3.828394,-38.518894,ETUFOR,2022,EPSG: 31984 (SIRGAS 2000 - UTM 24S); Codificação: UTF-8
vw_PontosdeOnibus.fid-5b41923a_19c3ec54e70_a73,1906,POINT (-38.513892 -3.828345),3688,"AVENIDA COSTA E SILVA, 2540",-3.828345,-38.513892,ETUFOR,2022,EPSG: 31984 (SIRGAS 2000 - UTM 24S); Codificação: UTF-8
vw_PontosdeOnibus.fid-5b41923a_19c3ec54e70_a74,1907,POINT (-38.521672 -3.835546),3689,"AVENIDA CASTELO DE CASTRO, 698",-3.835546,-38.521672,ETUFOR,2022,EPSG: 31984 (SIRGAS 2000 - UTM 24S); Codificação: UTF-8
vw_PontosdeOnibus.fid-5b41923a_19c3ec54e70_a75,1908,POINT (-38.521578 -3.835317),3690,"AVENIDA CASTELO DE CASTRO, 675",-3.835317,-38.521578,ETUFOR,2022,EPSG: 31984 (SIRGAS 2000 - UTM 24S); Codificação: UTF-8
vw_PontosdeOnibus.fid-5b41923a_19c3ec54e70_a76,1909,POINT (-38.52162 -3.833903),3691,"AVENIDA CASTELO DE CASTRO, 538",-3.833903,-38.52162,ETUFOR,2022,EPSG: 31984 (SIRGAS 2000 - UTM 24S); Codificação: UTF-8
vw_PontosdeOnibus.fid-5b41923a_19c3ec54e70_a77,1910,POINT (-38.521507 -3.833289),3692,"AVENIDA CASTELO DE CASTRO, 487",-3.833289,-38.521507,ETUFOR,2022,EPSG: 31984 (SIRGAS 2000 - UTM 24S); Codificação: UTF-8
vw_PontosdeOnibus.fid-5b41923a_19c3ec54e70_a78,1911,POINT (-38.521468 -3.832132),3693,"AVENIDA CASTELO DE CASTRO, 342",-3.832132,-38.521468,ETUFOR,2022,EPSG: 31984 (SIRGAS 2000 - UTM 24S); Codificação: UTF-8
vw_PontosdeOnibus.fid-5b41923a_19c3ec54e70_a79,1912,POINT (-38.521557 -3.832168),3694,"AVENIDA 202 CJ SAO CRISTOVAO, 342",-3.832168,-38.521557,ETUFOR,2022,EPSG: 31984 (SIRGAS 2000 - UTM 24S); Codificação: UTF-8
vw_PontosdeOnibus.fid-5b41923a_19c3ec54e70_a7a,1913,POINT (-38.523603 -3.83279),3695,"RUA 212 CJ SAO CRISTOVAO, 118",-3.83279,-38.523603,ETUFOR,2022,EPSG: 31984 (SIRGAS 2000 - UTM 24S); Codificação: UTF-8
vw_PontosdeOnibus.fid-5b41923a_19c3ec54e70_a7b,1914,POINT (-38.523677 -3.835137),3696,"AVENIDA MON AMARILIO RODRIGUES, 618",-3.835137,-38.523677,ETUFOR,2022,EPSG: 31984 (SIRGAS 2000 - UTM 24S); Codificação: UTF-8
vw_PontosdeOnibus.fid-5b41923a_19c3ec54e70_a7c,1915,POINT (-38.518118 -3.835331),3698,"AVENIDA BULEVAR III, 436",-3.835331,-38.518118,ETUFOR,2022,EPSG: 31984 (SIRGAS 2000 - UTM 24S); Codificação: UTF-8
vw_PontosdeOnibus.fid-5b41923a_19c3ec54e70_a7d,1916,POINT (-38.580662 -3.709413),37,"AVENIDA FRANCISCO SA, 6366",-3.709413,-38.580662,ETUFOR,2022,EPSG: 31984 (SIRGAS 2000 - UTM 24S); Codificação: UTF-8
vw_PontosdeOnibus.fid-5b41923a_19c3ec54e70_a7e,1917,POINT (-38.498203 -3.782009),370,"RUA PDE FRANCISCO PITA, 860",-3.782009,-38.498203,ETUFOR,2022,EPSG: 31984 (SIRGAS 2000 - UTM 24S); Codificação: UTF-8
vw_PontosdeOnibus.fid-5b41923a_19c3ec54e70_a7f,1918,POINT (-38.511664 -3.829218),3703,"AVENIDA PRS COSTA E SILVA, 1861",-3.829218,-38.511664,ETUFOR,2022,EPSG: 31984 (SIRGAS 2000 - UTM 24S); Codificação: UTF-8
vw_PontosdeOnibus.fid-5b41923a_19c3ec54e70_a80,1919,POINT (-38.510617 -3.829473),3704,"AVENIDA PRS COSTA E SILVA, 1680",-3.829473,-38.510617,ETUFOR,2022,EPSG: 31984 (SIRGAS 2000 - UTM 24S); Codificação: UTF-8
vw_PontosdeOnibus.fid-5b41923a_19c3ec54e70_a81,1920,POINT (-38.513209 -3.828449),3705,"AVENIDA PRS COSTA E SILVA, 2000",-3.828449,-38.513209,ETUFOR,2022,EPSG: 31984 (SIRGAS 2000 - UTM 24S); Codificação: UTF-8
vw_PontosdeOnibus.fid-5b41923a_19c3ec54e70_a82,1921,POINT (-38.507166 -3.830135),3707,"RUA MOCAMBINHO, 400",-3.830135,-38.507166,ETUFOR,2022,EPSG: 31984 (SIRGAS 2000 - UTM 24S); Codificação: UTF-8
vw_PontosdeOnibus.fid-5b41923a_19c3ec54e70_a83,1922,POINT (-38.509143 -3.829866),3709,"AVENIDA PRS COSTA E SILVA, SN",-3.829866,-38.509143,ETUFOR,2022,EPSG: 31984 (SIRGAS 2000 - UTM 24S); Codificação: UTF-8
vw_PontosdeOnibus.fid-5b41923a_19c3ec54e70_a84,1923,POINT (-38.497918 -3.782095),371,"RUA PDE FRANCISCO PITA, 853",-3.782095,-38.497918,ETUFOR,2022,EPSG: 31984 (SIRGAS 2000 - UTM 24S); Codificação: UTF-8
vw_PontosdeOnibus.fid-5b41923a_19c3ec54e70_a85,1924,POINT (-38.509426 -3.829934),3710,"AVENIDA PRS COSTA E SILVA, SN",-3.829934,-38.509426,ETUFOR,2022,EPSG: 31984 (SIRGAS 2000 - UTM 24S); Codificação: UTF-8
vw_PontosdeOnibus.fid-5b41923a_19c3ec54e70_a86,1925,POINT (-38.504343 -3.832658),3711,"RODOVIA BR 116, SN",-3.832658,-38.504343,ETUFOR,2022,EPSG: 31984 (SIRGAS 2000 - UTM 24S); Codificação: UTF-8
vw_PontosdeOnibus.fid-5b41923a_19c3ec54e70_a87,1926,POINT (-38.503645 -3.834096),3714,"RODOVIA BR 116, 10.000",-3.834096,-38.503645,ETUFOR,2022,EPSG: 31984 (SIRGAS 2000 - UTM 24S); Codificação: UTF-8
vw_PontosdeOnibus.fid-5b41923a_19c3ec54e70_a88,1927,POINT (-38.466187 -3.826685),3716,"AVENIDA PRO JOSÉ ARTHUR DE CARVALHO, 1399",-3.826685,-38.466187,ETUFOR,2022,EPSG: 31984 (SIRGAS 2000 - UTM 24S); Codificação: UTF-8
vw_PontosdeOnibus.fid-5b41923a_19c3ec54e70_a89,1928,POINT (-38.465739 -3.826528),3717,"AVENIDA PRO JOSÉ ARTHUR DE CARVALHO, 1551",-3.826528,-38.465739,ETUFOR,2022,EPSG: 31984 (SIRGAS 2000 - UTM 24S); Codificação: UTF-8
vw_PontosdeOnibus.fid-5b41923a_19c3ec54e70_a8a,1929,POINT (-38.464322 -3.826837),3718,"RUA NELSON COELHO, 68",-3.826837,-38.464322,ETUFOR,2022,EPSG: 31984 (SIRGAS 2000 - UTM 24S); Codificação: UTF-8
vw_PontosdeOnibus.fid-5b41923a_19c3ec54e70_a8b,1930,POINT (-38.464199 -3.825997),3719,"AVENIDA PROF AUTHUR DE CARVALHO, 2200",-3.825997,-38.464199,ETUFOR,2022,EPSG: 31984 (SIRGAS 2000 - UTM 24S); Codificação: UTF-8
vw_PontosdeOnibus.fid-5b41923a_19c3ec54e70_a8c,1931,POINT (-38.496366 -3.782566),372,"RUA PDE FRANCISCO PITA, 1011 B",-3.782566,-38.496366,ETUFOR,2022,EPSG: 31984 (SIRGAS 2000 - UTM 24S); Codificação: UTF-8
vw_PontosdeOnibus.fid-5b41923a_19c3ec54e70_a8d,1932,POINT (-38.464047 -3.825945),3720,"AVENIDA PROF AUTHUR DE CARVALHO, 1902",-3.825945,-38.464047,ETUFOR,2022,EPSG: 31984 (SIRGAS 2000 - UTM 24S); Codificação: UTF-8
vw_PontosdeOnibus.fid-5b41923a_19c3ec54e70_a8e,1933,POINT (-38.462236 -3.825304),3721,"AVENIDA PROF AUTHUR DE CARVALHO, 1971",-3.825304,-38.462236,ETUFOR,2022,EPSG: 31984 (SIRGAS 2000 - UTM 24S); Codificação: UTF-8
vw_PontosdeOnibus.fid-5b41923a_19c3ec54e70_a8f,1934,POINT (-38.462534 -3.825407),3722,"AVENIDA PROF AUTHUR DE CARVALHO, 1965",-3.825407,-38.462534,ETUFOR,2022,EPSG: 31984 (SIRGAS 2000 - UTM 24S); Codificação: UTF-8
vw_PontosdeOnibus.fid-5b41923a_19c3ec54e70_a90,1935,POINT (-38.461128 -3.824963),3723,"AVENIDA CURIO, 2111",-3.824963,-38.461128,ETUFOR,2022,EPSG: 31984 (SIRGAS 2000 - UTM 24S); Codificação: UTF-8
vw_PontosdeOnibus.fid-5b41923a_19c3ec54e70_a91,1936,POINT (-38.460872 -3.824905),3724,"AVENIDA PROF AUTHUR DE CARVALHO, 2151",-3.824905,-38.460872,ETUFOR,2022,EPSG: 31984 (SIRGAS 2000 - UTM 24S); Codificação: UTF-8
vw_PontosdeOnibus.fid-5b41923a_19c3ec54e70_a92,1937,POINT (-38.464156 -3.827214),3725,"RUA NELSON COELHO, 209",-3.827214,-38.464156,ETUFOR,2022,EPSG: 31984 (SIRGAS 2000 - UTM 24S); Codificação: UTF-8
vw_PontosdeOnibus.fid-5b41923a_19c3ec54e70_a93,1938,POINT (-38.464753 -3.828416),3726,"RUA MIRES MARTINHO, 173",-3.828416,-38.464753,ETUFOR,2022,EPSG: 31984 (SIRGAS 2000 - UTM 24S); Codificação: UTF-8
vw_PontosdeOnibus.fid-5b41923a_19c3ec54e70_a94,1939,POINT (-38.465307 -3.829253),3727,"RUA ENG DIOGO VITAL CRUZ, 333",-3.829253,-38.465307,ETUFOR,2022,EPSG: 31984 (SIRGAS 2000 - UTM 24S); Codificação: UTF-8
vw_PontosdeOnibus.fid-5b41923a_19c3ec54e70_a95,1940,POINT (-38.464174 -3.8296),3728,"RUA JOSÉ EUCLIDES FERREIRA GOMES, 160",-3.8296,-38.464174,ETUFOR,2022,EPSG: 31984 (SIRGAS 2000 - UTM 24S); Codificação: UTF-8
vw_PontosdeOnibus.fid-5b41923a_19c3ec54e70_a96,1941,POINT (-38.496626 -3.782484),373,"RUA PDE FRANCISCO PITA, 1006",-3.782484,-38.496626,ETUFOR,2022,EPSG: 31984 (SIRGAS 2000 - UTM 24S); Codificação: UTF-8
vw_PontosdeOnibus.fid-5b41923a_19c3ec54e70_a97,1942,POINT (-38.463015 -3.829759),3730,"RUA NELSON COELHO, 557",-3.829759,-38.463015,ETUFOR,2022,EPSG: 31984 (SIRGAS 2000 - UTM 24S); Codificação: UTF-8
vw_PontosdeOnibus.fid-5b41923a_19c3ec54e70_a98,1943,POINT (-38.46268 -3.830418),3731,"RUA NELSON COELHO, SN",-3.830418,-38.46268,ETUFOR,2022,EPSG: 31984 (SIRGAS 2000 - UTM 24S); Codificação: UTF-8
vw_PontosdeOnibus.fid-5b41923a_19c3ec54e70_a99,1944,POINT (-38.462025 -3.831662),3732,"RUA NELSON COELHO, 800",-3.831662,-38.462025,ETUFOR,2022,EPSG: 31984 (SIRGAS 2000 - UTM 24S); Codificação: UTF-8
vw_PontosdeOnibus.fid-5b41923a_19c3ec54e70_a9a,1945,POINT (-38.576348 -3.838932),3735,"AVENIDA NOVA FORTALEZA [72], 1085",-3.838932,-38.576348,ETUFOR,2022,EPSG: 31984 (SIRGAS 2000 - UTM 24S); Codificação: UTF-8
vw_PontosdeOnibus.fid-5b41923a_19c3ec54e70_a9b,1946,POINT (-38.57071 -3.83713),3738,"RUA JURACI MAGALHAES, 570",-3.83713,-38.57071,ETUFOR,2022,EPSG: 31984 (SIRGAS 2000 - UTM 24S); Codificação: UTF-8
vw_PontosdeOnibus.fid-5b41923a_19c3ec54e70_a9c,1947,POINT (-38.56992 -3.838155),3739,"RUA GASPAR DUTRA, 1800",-3.838155,-38.56992,ETUFOR,2022,EPSG: 31984 (SIRGAS 2000 - UTM 24S); Codificação: UTF-8
vw_PontosdeOnibus.fid-5b41923a_19c3ec54e70_a9d,1948,POINT (-38.496654 -3.784832),374,"RUA DES FELICIANO DE ATAIDE, 651",-3.784832,-38.496654,ETUFOR,2022,EPSG: 31984 (SIRGAS 2000 - UTM 24S); Codificação: UTF-8
vw_PontosdeOnibus.fid-5b41923a_19c3ec54e70_a9e,1949,POINT (-38.570003 -3.838373),3740,"RUA GASPAR DUTRA, 1841",-3.838373,-38.570003,ETUFOR,2022,EPSG: 31984 (SIRGAS 2000 - UTM 24S); Codificação: UTF-8
vw_PontosdeOnibus.fid-5b41923a_19c3ec54e70_a9f,1950,POINT (-38.569142 -3.839597),3742,"AVENIDA FRANCISCA MARIA DA CONCEICAO, 780",-3.839597,-38.569142,ETUFOR,2022,EPSG: 31984 (SIRGAS 2000 - UTM 24S); Codificação: UTF-8
vw_PontosdeOnibus.fid-5b41923a_19c3ec54e70_aa0,1951,POINT (-38.573488 -3.841935),3744,"AVENIDA JOÃO RAMOS, 1661",-3.841935,-38.573488,ETUFOR,2022,EPSG: 31984 (SIRGAS 2000 - UTM 24S); Codificação: UTF-8
vw_PontosdeOnibus.fid-5b41923a_19c3ec54e70_aa1,1952,POINT (-38.572587 -3.842081),3745,"AVENIDA JOAO RAMOS, 1623",-3.842081,-38.572587,ETUFOR,2022,EPSG: 31984 (SIRGAS 2000 - UTM 24S); Codificação: UTF-8
vw_PontosdeOnibus.fid-5b41923a_19c3ec54e70_aa2,1953,POINT (-38.527935 -3.844239),3746,"RUA IRACEMA, 370",-3.844239,-38.527935,ETUFOR,2022,EPSG: 31984 (SIRGAS 2000 - UTM 24S); Codificação: UTF-8
vw_PontosdeOnibus.fid-5b41923a_19c3ec54e70_aa3,1954,POINT (-38.526811 -3.843318),3747,"RUA VALPARAISO, 802",-3.843318,-38.526811,ETUFOR,2022,EPSG: 31984 (SIRGAS 2000 - UTM 24S); Codificação: UTF-8
vw_PontosdeOnibus.fid-5b41923a_19c3ec54e70_aa4,1955,POINT (-38.521617 -3.837368),3748,"AVENIDA CASTELO DE CASTRO, 837",-3.837368,-38.521617,ETUFOR,2022,EPSG: 31984 (SIRGAS 2000 - UTM 24S); Codificação: UTF-8
vw_PontosdeOnibus.fid-5b41923a_19c3ec54e70_aa5,1956,POINT (-38.496785 -3.784567),375,"AVENIDA SEN CARLOS JEREISSATI, 388",-3.784567,-38.496785,ETUFOR,2022,EPSG: 31984 (SIRGAS 2000 - UTM 24S); Codificação: UTF-8
vw_PontosdeOnibus.fid-5b41923a_19c3ec54e70_aa6,1957,POINT (-38.51397 -3.837237),3752,"RUA JABORANDI, 748",-3.837237,-38.51397,ETUFOR,2022,EPSG: 31984 (SIRGAS 2000 - UTM 24S); Codificação: UTF-8
vw_PontosdeOnibus.fid-5b41923a_19c3ec54e70_aa7,1958,POINT (-38.522278 -3.845173),3753,"RUA MODESTA, 122",-3.845173,-38.522278,ETUFOR,2022,EPSG: 31984 (SIRGAS 2000 - UTM 24S); Codificação: UTF-8
vw_PontosdeOnibus.fid-5b41923a_19c3ec54e70_aa8,1959,POINT (-38.521577 -3.842838),3754,"AVENIDA CASTELO DE CASTRO, 1590",-3.842838,-38.521577,ETUFOR,2022,EPSG: 31984 (SIRGAS 2000 - UTM 24S); Codificação: UTF-8
vw_PontosdeOnibus.fid-5b41923a_19c3ec54e70_aa9,1960,POINT (-38.52174 -3.842949),3755,"AVENIDA CASTELO DE CASTRO, 1570",-3.842949,-38.52174,ETUFOR,2022,EPSG: 31984 (SIRGAS 2000 - UTM 24S); Codificação: UTF-8
vw_PontosdeOnibus.fid-5b41923a_19c3ec54e70_aaa,1961,POINT (-38.52167 -3.841615),3756,"AVENIDA CASTELO DE CASTRO, 1340",-3.841615,-38.52167,ETUFOR,2022,EPSG: 31984 (SIRGAS 2000 - UTM 24S); Codificação: UTF-8
vw_PontosdeOnibus.fid-5b41923a_19c3ec54e70_aab,1962,POINT (-38.52179 -3.841777),3757,"AVENIDA CASTELO DE CASTRO, 1396",-3.841777,-38.52179,ETUFOR,2022,EPSG: 31984 (SIRGAS 2000 - UTM 24S); Codificação: UTF-8
vw_PontosdeOnibus.fid-5b41923a_19c3ec54e70_aac,1963,POINT (-38.518642 -3.842553),3758,"RUA JABORANDI, 1855",-3.842553,-38.518642,ETUFOR,2022,EPSG: 31984 (SIRGAS 2000 - UTM 24S); Codificação: UTF-8
vw_PontosdeOnibus.fid-5b41923a_19c3ec54e70_aad,1964,POINT (-38.496942 -3.785097),376,"AVENIDA SEN CARLOS JEREISSATI, 452",-3.785097,-38.496942,ETUFOR,2022,EPSG: 31984 (SIRGAS 2000 - UTM 24S); Codificação: UTF-8
vw_PontosdeOnibus.fid-5b41923a_19c3ec54e70_aae,1965,POINT (-38.512282 -3.840209),3761,"RUA RECANTO VERDE, 985",-3.840209,-38.512282,ETUFOR,2022,EPSG: 31984 (SIRGAS 2000 - UTM 24S); Codificação: UTF-8
vw_PontosdeOnibus.fid-5b41923a_19c3ec54e70_aaf,1966,POINT (-38.494244 -3.839899),3762,"RUA PDE PEDRO DE ALENCAR, 1303",-3.839899,-38.494244,ETUFOR,2022,EPSG: 31984 (SIRGAS 2000 - UTM 24S); Codificação: UTF-8
vw_PontosdeOnibus.fid-5b41923a_19c3ec54e70_ab0,1967,POINT (-38.494245 -3.839993),3763,"RUA PDE PEDRO DE ALENCAR, 1408",-3.839993,-38.494245,ETUFOR,2022,EPSG: 31984 (SIRGAS 2000 - UTM 24S); Codificação: UTF-8
vw_PontosdeOnibus.fid-5b41923a_19c3ec54e70_ab1,1968,POINT (-38.494181 -3.837495),3764,"RUA PDE PEDRO DE ALENCAR, 1091",-3.837495,-38.494181,ETUFOR,2022,EPSG: 31984 (SIRGAS 2000 - UTM 24S); Codificação: UTF-8
vw_PontosdeOnibus.fid-5b41923a_19c3ec54e70_ab2,1969,POINT (-38.49419 -3.837755),3765,"RUA PDE PEDRO DE ALENCAR, 1141",-3.837755,-38.49419,ETUFOR,2022,EPSG: 31984 (SIRGAS 2000 - UTM 24S); Codificação: UTF-8
vw_PontosdeOnibus.fid-5b41923a_19c3ec54e70_ab3,1970,POINT (-38.492508 -3.840495),3767,"RUA MIGUEL COUTO, 109A",-3.840495,-38.492508,ETUFOR,2022,EPSG: 31984 (SIRGAS 2000 - UTM 24S); Codificação: UTF-8
vw_PontosdeOnibus.fid-5b41923a_19c3ec54e70_ab4,1971,POINT (-38.493227 -3.841421),3768,"RUA CEL GUILHERME ALENCAR, 1595",-3.841421,-38.493227,ETUFOR,2022,EPSG: 31984 (SIRGAS 2000 - UTM 24S); Codificação: UTF-8
vw_PontosdeOnibus.fid-5b41923a_19c3ec54e70_ab5,1972,POINT (-38.495578 -3.785664),377,"AVENIDA DOR JOAO MACIEL, 1530",-3.785664,-38.495578,ETUFOR,2022,EPSG: 31984 (SIRGAS 2000 - UTM 24S); Codificação: UTF-8
vw_PontosdeOnibus.fid-5b41923a_19c3ec54e70_ab6,1973,POINT (-38.494338 -3.842564),3770,"RUA PDE PEDRO DE ALENCAR, 1720",-3.842564,-38.494338,ETUFOR,2022,EPSG: 31984 (SIRGAS 2000 - UTM 24S); Codificação: UTF-8
vw_PontosdeOnibus.fid-5b41923a_19c3ec54e70_ab7,1974,POINT (-38.494472 -3.845032),3771,"RUA PDE PEDRO DE ALENCAR, 1841",-3.845032,-38.494472,ETUFOR,2022,EPSG: 31984 (SIRGAS 2000 - UTM 24S); Codificação: UTF-8
vw_PontosdeOnibus.fid-5b41923a_19c3ec54e70_ab8,1975,POINT (-38.501838 -3.845035),3772,"RUA DIONISIO LEONEL ALENCAR, 1105",-3.845035,-38.501838,ETUFOR,2022,EPSG: 31984 (SIRGAS 2000 - UTM 24S); Codificação: UTF-8
vw_PontosdeOnibus.fid-5b41923a_19c3ec54e70_ab9,1976,POINT (-38.490616 -3.839213),3773,"RUA MIGUEL COUTO, 336",-3.839213,-38.490616,ETUFOR,2022,EPSG: 31984 (SIRGAS 2000 - UTM 24S); Codificação: UTF-8
vw_PontosdeOnibus.fid-5b41923a_19c3ec54e70_aba,1977,POINT (-38.488938 -3.83809),3775,"RUA MIGUEL COUTO, 487",-3.83809,-38.488938,ETUFOR,2022,EPSG: 31984 (SIRGAS 2000 - UTM 24S); Codificação: UTF-8
vw_PontosdeOnibus.fid-5b41923a_19c3ec54e70_abb,1978,POINT (-38.48884 -3.838026),3776,"RUA MIGUEL COUTO, 499",-3.838026,-38.48884,ETUFOR,2022,EPSG: 31984 (SIRGAS 2000 - UTM 24S); Codificação: UTF-8
vw_PontosdeOnibus.fid-5b41923a_19c3ec54e70_abc,1979,POINT (-38.487112 -3.838673),3777,"RUA BAR AQUIRAZ, 1171",-3.838673,-38.487112,ETUFOR,2022,EPSG: 31984 (SIRGAS 2000 - UTM 24S); Codificação: UTF-8
vw_PontosdeOnibus.fid-5b41923a_19c3ec54e70_abd,1980,POINT (-38.48705 -3.838759),3778,"ESTRADA BAR AQUIRAZ, 1171",-3.838759,-38.48705,ETUFOR,2022,EPSG: 31984 (SIRGAS 2000 - UTM 24S); Codificação: UTF-8
vw_PontosdeOnibus.fid-5b41923a_19c3ec54e70_abe,1981,POINT (-38.48346 -3.837065),3779,"AVENIDA GURGEL DO AMARAL, 1406",-3.837065,-38.48346,ETUFOR,2022,EPSG: 31984 (SIRGAS 2000 - UTM 24S); Codificação: UTF-8
vw_PontosdeOnibus.fid-5b41923a_19c3ec54e70_abf,1982,POINT (-38.495544 -3.785548),378,"AVENIDA DOR JOAO MACIEL, 321",-3.785548,-38.495544,ETUFOR,2022,EPSG: 31984 (SIRGAS 2000 - UTM 24S); Codificação: UTF-8
vw_PontosdeOnibus.fid-5b41923a_19c3ec54e70_ac0,1983,POINT (-38.481786 -3.837911),3780,"AVENIDA GURGEL DO AMARAL, 1470",-3.837911,-38.481786,ETUFOR,2022,EPSG: 31984 (SIRGAS 2000 - UTM 24S); Codificação: UTF-8
vw_PontosdeOnibus.fid-5b41923a_19c3ec54e70_ac1,1984,POINT (-38.481634 -3.838652),3781,"RUA MIGUEL GURGEL, 120",-3.838652,-38.481634,ETUFOR,2022,EPSG: 31984 (SIRGAS 2000 - UTM 24S); Codificação: UTF-8
vw_PontosdeOnibus.fid-5b41923a_19c3ec54e70_ac2,1985,POINT (-38.482496 -3.840351),3782,"RUA MIGUEL GURGEL, 919",-3.840351,-38.482496,ETUFOR,2022,EPSG: 31984 (SIRGAS 2000 - UTM 24S); Codificação: UTF-8
vw_PontosdeOnibus.fid-5b41923a_19c3ec54e70_ac3,1986,POINT (-38.482587 -3.840528),3783,"RUA MIGUEL GURGEL, 240",-3.840528,-38.482587,ETUFOR,2022,EPSG: 31984 (SIRGAS 2000 - UTM 24S); Codificação: UTF-8
vw_PontosdeOnibus.fid-5b41923a_19c3ec54e70_ac4,1987,POINT (-38.484069 -3.841796),3784,"ESTRADA BAR AQUIRAZ, 1403",-3.841796,-38.484069,ETUFOR,2022,EPSG: 31984 (SIRGAS 2000 - UTM 24S); Codificação: UTF-8
vw_PontosdeOnibus.fid-5b41923a_19c3ec54e70_ac5,1988,POINT (-38.482243 -3.843733),3787,"ESTRADA BARÃO DE AQUIRAZ, S/Nº",-3.843733,-38.482243,ETUFOR,2022,EPSG: 31984 (SIRGAS 2000 - UTM 24S); Codificação: UTF-8
vw_PontosdeOnibus.fid-5b41923a_19c3ec54e70_ac6,1989,POINT (-38.486429 -3.842209),3788,"RUA LUIZ FCO XAVIER, 255",-3.842209,-38.486429,ETUFOR,2022,EPSG: 31984 (SIRGAS 2000 - UTM 24S); Codificação: UTF-8
vw_PontosdeOnibus.fid-5b41923a_19c3ec54e70_ac7,1990,POINT (-38.472704 -3.844645),3789,"RUA STA ROSA, 919",-3.844645,-38.472704,ETUFOR,2022,EPSG: 31984 (SIRGAS 2000 - UTM 24S); Codificação: UTF-8
vw_PontosdeOnibus.fid-5b41923a_19c3ec54e70_ac8,1991,POINT (-38.471776 -3.843527),3790,"RUA STA ROSA, 1065",-3.843527,-38.471776,ETUFOR,2022,EPSG: 31984 (SIRGAS 2000 - UTM 24S); Codificação: UTF-8
vw_PontosdeOnibus.fid-5b41923a_19c3ec54e70_ac9,1992,POINT (-38.47138 -3.842144),3791,"RUA JUVENTINO CAETANO, 263",-3.842144,-38.47138,ETUFOR,2022,EPSG: 31984 (SIRGAS 2000 - UTM 24S); Codificação: UTF-8
vw_PontosdeOnibus.fid-5b41923a_19c3ec54e70_aca,1993,POINT (-38.523963 -3.845586),3793,"RUA VAL PARAISO, 283",-3.845586,-38.523963,ETUFOR,2022,EPSG: 31984 (SIRGAS 2000 - UTM 24S); Codificação: UTF-8
vw_PontosdeOnibus.fid-5b41923a_19c3ec54e70_acb,1994,POINT (-38.522116 -3.846223),3794,"RUA VALPARAISO, 169",-3.846223,-38.522116,ETUFOR,2022,EPSG: 31984 (SIRGAS 2000 - UTM 24S); Codificação: UTF-8
vw_PontosdeOnibus.fid-5b41923a_19c3ec54e70_acc,1995,POINT (-38.522035 -3.846606),3796,"AVENIDA CASTELO DE CASTRO, 2254",-3.846606,-38.522035,ETUFOR,2022,EPSG: 31984 (SIRGAS 2000 - UTM 24S); Codificação: UTF-8
vw_PontosdeOnibus.fid-5b41923a_19c3ec54e70_acd,1996,POINT (-38.582884 -3.70826),38,"AVENIDA FRANCISCO SA, 6518",-3.70826,-38.582884,ETUFOR,2022,EPSG: 31984 (SIRGAS 2000 - UTM 24S); Codificação: UTF-8
vw_PontosdeOnibus.fid-5b41923a_19c3ec54e70_ace,1997,POINT (-38.500006 -3.788274),380,"AVENIDA JOSE LEON, 1260",-3.788274,-38.500006,ETUFOR,2022,EPSG: 31984 (SIRGAS 2000 - UTM 24S); Codificação: UTF-8
vw_PontosdeOnibus.fid-5b41923a_19c3ec54e70_acf,1998,POINT (-38.518376 -3.848195),3800,"AVENIDA B CJ HAB ST SAO JOAO, 292",-3.848195,-38.518376,ETUFOR,2022,EPSG: 31984 (SIRGAS 2000 - UTM 24S); Codificação: UTF-8
vw_PontosdeOnibus.fid-5b41923a_19c3ec54e70_ad0,1999,POINT (-38.517564 -3.849322),3801,"RUA 5 CJ HAB ST SAO JOAO, 10",-3.849322,-38.517564,ETUFOR,2022,EPSG: 31984 (SIRGAS 2000 - UTM 24S); Codificação: UTF-8
vw_PontosdeOnibus.fid-5b41923a_19c3ec54e70_ad1,2000,POINT (-38.515975 -3.850069),3802,"RUA 42 CJ HAB ST S JOAO, 485",-3.850069,-38.515975,ETUFOR,2022,EPSG: 31984 (SIRGAS 2000 - UTM 24S); Codificação: UTF-8
vw_PontosdeOnibus.fid-5b41923a_19c3ec54e70_ad2,2001,POINT (-38.512711 -3.84896),3803,"AVENIDA C CJ HAB ST SAO JOAO, 46",-3.84896,-38.512711,ETUFOR,2022,EPSG: 31984 (SIRGAS 2000 - UTM 24S); Codificação: UTF-8
vw_PontosdeOnibus.fid-5b41923a_19c3ec54e70_ad3,2002,POINT (-38.512904 -3.849468),3804,"AVENIDA C CJ HAB ST SAO JOAO, 112",-3.849468,-38.512904,ETUFOR,2022,EPSG: 31984 (SIRGAS 2000 - UTM 24S); Codificação: UTF-8
vw_PontosdeOnibus.fid-5b41923a_19c3ec54e70_ad4,2003,POINT (-38.50389 -3.848917),3808,"RUA DIONISIO LEONEL ALENCAR, 1591",-3.848917,-38.50389,ETUFOR,2022,EPSG: 31984 (SIRGAS 2000 - UTM 24S); Codificação: UTF-8
vw_PontosdeOnibus.fid-5b41923a_19c3ec54e70_ad5,2004,POINT (-38.504426 -3.850286),3809,"RUA DIONISIO LEONEL ALENCAR, 1794",-3.850286,-38.504426,ETUFOR,2022,EPSG: 31984 (SIRGAS 2000 - UTM 24S); Codificação: UTF-8
vw_PontosdeOnibus.fid-5b41923a_19c3ec54e70_ad6,2005,POINT (-38.509201 -3.849919),3810,"RUA VALPARAISO, 528",-3.849919,-38.509201,ETUFOR,2022,EPSG: 31984 (SIRGAS 2000 - UTM 24S); Codificação: UTF-8
vw_PontosdeOnibus.fid-5b41923a_19c3ec54e70_ad7,2006,POINT (-38.51334 -3.850589),3812,"AVENIDA 39 CJ HAB SÍTIOT SÃO JOÃO, 224",-3.850589,-38.51334,ETUFOR,2022,EPSG: 31984 (SIRGAS 2000 - UTM 24S); Codificação: UTF-8
vw_PontosdeOnibus.fid-5b41923a_19c3ec54e70_ad8,2007,POINT (-38.494743 -3.847828),3814,"RUA PDE PEDRO DE ALENCAR, 2300",-3.847828,-38.494743,ETUFOR,2022,EPSG: 31984 (SIRGAS 2000 - UTM 24S); Codificação: UTF-8
vw_PontosdeOnibus.fid-5b41923a_19c3ec54e70_ad9,2008,POINT (-38.494759 -3.847936),3815,"RUA PDE PEDRO DE ALENCAR, 2221",-3.847936,-38.494759,ETUFOR,2022,EPSG: 31984 (SIRGAS 2000 - UTM 24S); Codificação: UTF-8
vw_PontosdeOnibus.fid-5b41923a_19c3ec54e70_ada,2009,POINT (-38.497844 -3.845534),3816,"RODOVIA BR 116, SN",-3.845534,-38.497844,ETUFOR,2022,EPSG: 31984 (SIRGAS 2000 - UTM 24S); Codificação: UTF-8
vw_PontosdeOnibus.fid-5b41923a_19c3ec54e70_adb,2010,POINT (-38.498096 -3.845559),3817,"RODOVIA BR 116, 10907",-3.845559,-38.498096,ETUFOR,2022,EPSG: 31984 (SIRGAS 2000 - UTM 24S); Codificação: UTF-8
vw_PontosdeOnibus.fid-5b41923a_19c3ec54e70_adc,2011,POINT (-38.494514 -3.845835),3818,"RUA PDE PEDRO DE ALENCAR, 2012",-3.845835,-38.494514,ETUFOR,2022,EPSG: 31984 (SIRGAS 2000 - UTM 24S); Codificação: UTF-8
vw_PontosdeOnibus.fid-5b41923a_19c3ec54e70_add,2012,POINT (-38.495709 -3.853353),3823,"RODOVIA BR 116, 2156",-3.853353,-38.495709,ETUFOR,2022,EPSG: 31984 (SIRGAS 2000 - UTM 24S); Codificação: UTF-8
vw_PontosdeOnibus.fid-5b41923a_19c3ec54e70_ade,2013,POINT (-38.498134 -3.852633),3824,"RUA PEDRO DE SOUZA, 216 A",-3.852633,-38.498134,ETUFOR,2022,EPSG: 31984 (SIRGAS 2000 - UTM 24S); Codificação: UTF-8
vw_PontosdeOnibus.fid-5b41923a_19c3ec54e70_adf,2014,POINT (-38.501033 -3.852131),3825,"RUA PEDRO DE SOUZA, 608",-3.852131,-38.501033,ETUFOR,2022,EPSG: 31984 (SIRGAS 2000 - UTM 24S); Codificação: UTF-8
vw_PontosdeOnibus.fid-5b41923a_19c3ec54e70_ae0,2015,POINT (-38.501558 -3.850997),3826,"RUA HONORINDO MAIA, 97",-3.850997,-38.501558,ETUFOR,2022,EPSG: 31984 (SIRGAS 2000 - UTM 24S); Codificação: UTF-8
vw_PontosdeOnibus.fid-5b41923a_19c3ec54e70_ae1,2016,POINT (-38.502288 -3.849852),3827,"RUA AUGUSTA BENEVIDES, 1190",-3.849852,-38.502288,ETUFOR,2022,EPSG: 31984 (SIRGAS 2000 - UTM 24S); Codificação: UTF-8
vw_PontosdeOnibus.fid-5b41923a_19c3ec54e70_ae2,2017,POINT (-38.487583 -3.847485),3828,"RUA LUIZ FCO XAVIER, 86",-3.847485,-38.487583,ETUFOR,2022,EPSG: 31984 (SIRGAS 2000 - UTM 24S); Codificação: UTF-8
vw_PontosdeOnibus.fid-5b41923a_19c3ec54e70_ae3,2018,POINT (-38.479933 -3.845291),3832,"ESTRADA BAR AQUIRAZ, S/N",-3.845291,-38.479933,ETUFOR,2022,EPSG: 31984 (SIRGAS 2000 - UTM 24S); Codificação: UTF-8
vw_PontosdeOnibus.fid-5b41923a_19c3ec54e70_ae4,2019,POINT (-38.475444 -3.84735),3833,"RUA STA ROSA, 161",-3.84735,-38.475444,ETUFOR,2022,EPSG: 31984 (SIRGAS 2000 - UTM 24S); Codificação: UTF-8
vw_PontosdeOnibus.fid-5b41923a_19c3ec54e70_ae5,2020,POINT (-38.475324 -3.847198),3834,"RUA STA ROSA, 180",-3.847198,-38.475324,ETUFOR,2022,EPSG: 31984 (SIRGAS 2000 - UTM 24S); Codificação: UTF-8
vw_PontosdeOnibus.fid-5b41923a_19c3ec54e70_ae6,2021,POINT (-38.474488 -3.846139),3835,"RUA STA ROSA, 44",-3.846139,-38.474488,ETUFOR,2022,EPSG: 31984 (SIRGAS 2000 - UTM 24S); Codificação: UTF-8
vw_PontosdeOnibus.fid-5b41923a_19c3ec54e70_ae7,2022,POINT (-38.476363 -3.849512),3836,"ESTRADA BAR AQUIRAZ, SN",-3.849512,-38.476363,ETUFOR,2022,EPSG: 31984 (SIRGAS 2000 - UTM 24S); Codificação: UTF-8
vw_PontosdeOnibus.fid-5b41923a_19c3ec54e70_ae8,2023,POINT (-38.475956 -3.849495),3837,"RODOVIA WASHINGTON SOARES, 2765",-3.849495,-38.475956,ETUFOR,2022,EPSG: 31984 (SIRGAS 2000 - UTM 24S); Codificação: UTF-8
vw_PontosdeOnibus.fid-5b41923a_19c3ec54e70_ae9,2024,POINT (-38.473222 -3.845747),3838,"RUA NOSSA SRA APARECIDA, 245",-3.845747,-38.473222,ETUFOR,2022,EPSG: 31984 (SIRGAS 2000 - UTM 24S); Codificação: UTF-8
vw_PontosdeOnibus.fid-5b41923a_19c3ec54e70_aea,2025,POINT (-38.472221 -3.846234),3839,"RUA NOSSA SRA APARECIDA, 25",-3.846234,-38.472221,ETUFOR,2022,EPSG: 31984 (SIRGAS 2000 - UTM 24S); Codificação: UTF-8
vw_PontosdeOnibus.fid-5b41923a_19c3ec54e70_aeb,2026,POINT (-38.497961 -3.788493),384,"AVENIDA SEN CARLOS JEREISSATI, 822",-3.788493,-38.497961,ETUFOR,2022,EPSG: 31984 (SIRGAS 2000 - UTM 24S); Codificação: UTF-8
vw_PontosdeOnibus.fid-5b41923a_19c3ec54e70_aec,2027,POINT (-38.475486 -3.851308),3840,"ESTRADA BAR AQUIRAZ, 2945",-3.851308,-38.475486,ETUFOR,2022,EPSG: 31984 (SIRGAS 2000 - UTM 24S); Codificação: UTF-8
vw_PontosdeOnibus.fid-5b41923a_19c3ec54e70_aed,2028,POINT (-38.501155 -3.857634),3844,"RUA MARIA QUINTINO, 1033",-3.857634,-38.501155,ETUFOR,2022,EPSG: 31984 (SIRGAS 2000 - UTM 24S); Codificação: UTF-8
vw_PontosdeOnibus.fid-5b41923a_19c3ec54e70_aee,2029,POINT (-38.500965 -3.856383),3845,"RUA JOCENO MONTEIRO, 877",-3.856383,-38.500965,ETUFOR,2022,EPSG: 31984 (SIRGAS 2000 - UTM 24S); Codificação: UTF-8
vw_PontosdeOnibus.fid-5b41923a_19c3ec54e70_aef,2030,POINT (-38.500387 -3.855077),3846,"RUA ISABEL BEZERRA, 500",-3.855077,-38.500387,ETUFOR,2022,EPSG: 31984 (SIRGAS 2000 - UTM 24S); Codificação: UTF-8
vw_PontosdeOnibus.fid-5b41923a_19c3ec54e70_af0,2031,POINT (-38.498962 -3.855318),3848,"RUA ISABEL BEZERRA, 324",-3.855318,-38.498962,ETUFOR,2022,EPSG: 31984 (SIRGAS 2000 - UTM 24S); Codificação: UTF-8
vw_PontosdeOnibus.fid-5b41923a_19c3ec54e70_af1,2032,POINT (-38.496473 -3.855763),3849,"RUA ISABEL BEZERRA, SN",-3.855763,-38.496473,ETUFOR,2022,EPSG: 31984 (SIRGAS 2000 - UTM 24S); Codificação: UTF-8
vw_PontosdeOnibus.fid-5b41923a_19c3ec54e70_af2,2033,POINT (-38.497931 -3.788391),385,"AVENIDA SEN CARLOS JEREISSATI, 823",-3.788391,-38.497931,ETUFOR,2022,EPSG: 31984 (SIRGAS 2000 - UTM 24S); Codificação: UTF-8
vw_PontosdeOnibus.fid-5b41923a_19c3ec54e70_af3,2034,POINT (-38.496091 -3.856839),3851,"RUA JOAO CRISPIM (D65), 143 C",-3.856839,-38.496091,ETUFOR,2022,EPSG: 31984 (SIRGAS 2000 - UTM 24S); Codificação: UTF-8
vw_PontosdeOnibus.fid-5b41923a_19c3ec54e70_af4,2035,POINT (-38.494279 -3.860942),3854,"RUA JOAQUIM MACHADO, 36",-3.860942,-38.494279,ETUFOR,2022,EPSG: 31984 (SIRGAS 2000 - UTM 24S); Codificação: UTF-8
vw_PontosdeOnibus.fid-5b41923a_19c3ec54e70_af5,2036,POINT (-38.494452 -3.860913),3855,"RUA JOAQUIM MACHADO, 265",-3.860913,-38.494452,ETUFOR,2022,EPSG: 31984 (SIRGAS 2000 - UTM 24S); Codificação: UTF-8
vw_PontosdeOnibus.fid-5b41923a_19c3ec54e70_af6,2037,POINT (-38.497375 -3.786537),386,"AVENIDA SEN CARLOS JEREISSATI, 590",-3.786537,-38.497375,ETUFOR,2022,EPSG: 31984 (SIRGAS 2000 - UTM 24S); Codificação: UTF-8
vw_PontosdeOnibus.fid-5b41923a_19c3ec54e70_af7,2038,POINT (-38.491523 -3.861379),3860,"RUA JOAQUIM MACHADO, 550",-3.861379,-38.491523,ETUFOR,2022,EPSG: 31984 (SIRGAS 2000 - UTM 24S); Codificação: UTF-8
vw_PontosdeOnibus.fid-5b41923a_19c3ec54e70_af8,2039,POINT (-38.510089 -3.867739),3861,"RUA JARDIM BOTANICO, S/N",-3.867739,-38.510089,ETUFOR,2022,EPSG: 31984 (SIRGAS 2000 - UTM 24S); Codificação: UTF-8
vw_PontosdeOnibus.fid-5b41923a_19c3ec54e70_af9,2040,POINT (-38.50936 -3.865065),3862,"RUA JARDIM BOTANICO, 2090",-3.865065,-38.50936,ETUFOR,2022,EPSG: 31984 (SIRGAS 2000 - UTM 24S); Codificação: UTF-8
vw_PontosdeOnibus.fid-5b41923a_19c3ec54e70_afa,2041,POINT (-38.508231 -3.865079),3863,"RUA CRUZEIRO    D-69, 1344",-3.865079,-38.508231,ETUFOR,2022,EPSG: 31984 (SIRGAS 2000 - UTM 24S); Codificação: UTF-8
vw_PontosdeOnibus.fid-5b41923a_19c3ec54e70_afb,2042,POINT (-38.496745 -3.867853),3866,"RUA SHIRLEY, 172",-3.867853,-38.496745,ETUFOR,2022,EPSG: 31984 (SIRGAS 2000 - UTM 24S); Codificação: UTF-8
vw_PontosdeOnibus.fid-5b41923a_19c3ec54e70_afc,2043,POINT (-38.492978 -3.86956),3868,"RUA ADELAIDE PAULINO, 510",-3.86956,-38.492978,ETUFOR,2022,EPSG: 31984 (SIRGAS 2000 - UTM 24S); Codificação: UTF-8
vw_PontosdeOnibus.fid-5b41923a_19c3ec54e70_afd,2044,POINT (-38.491787 -3.868869),3869,"RUA PORTO FELIZ, 853",-3.868869,-38.491787,ETUFOR,2022,EPSG: 31984 (SIRGAS 2000 - UTM 24S); Codificação: UTF-8
vw_PontosdeOnibus.fid-5b41923a_19c3ec54e70_afe,2045,POINT (-38.497485 -3.786906),387,"AVENIDA SEN CARLOS JEREISSATI, 644",-3.786906,-38.497485,ETUFOR,2022,EPSG: 31984 (SIRGAS 2000 - UTM 24S); Codificação: UTF-8
vw_PontosdeOnibus.fid-5b41923a_19c3ec54e70_aff,2046,POINT (-38.491399 -3.866806),3870,"RUA PORTO FELIZ, 644",-3.866806,-38.491399,ETUFOR,2022,EPSG: 31984 (SIRGAS 2000 - UTM 24S); Codificação: UTF-8
vw_PontosdeOnibus.fid-5b41923a_19c3ec54e70_b00,2047,POINT (-38.49096 -3.864343),3871,"RUA PORTO FELIZ, 329",-3.864343,-38.49096,ETUFOR,2022,EPSG: 31984 (SIRGAS 2000 - UTM 24S); Codificação: UTF-8
vw_PontosdeOnibus.fid-5b41923a_19c3ec54e70_b01,2048,POINT (-38.5605 -3.729213),3872,"RUA CEL MOZART GONDIM, 1140",-3.729213,-38.5605,ETUFOR,2022,EPSG: 31984 (SIRGAS 2000 - UTM 24S); Codificação: UTF-8
vw_PontosdeOnibus.fid-5b41923a_19c3ec54e70_b02,2049,POINT (-38.558166 -3.763245),3874,"AVENIDA JOAO PESSOA, 6000",-3.763245,-38.558166,ETUFOR,2022,EPSG: 31984 (SIRGAS 2000 - UTM 24S); Codificação: UTF-8
vw_PontosdeOnibus.fid-5b41923a_19c3ec54e70_b03,2050,POINT (-38.556377 -3.768749),3875,"RUA 15 DE NOVEMBRO, 432",-3.768749,-38.556377,ETUFOR,2022,EPSG: 31984 (SIRGAS 2000 - UTM 24S); Codificação: UTF-8
vw_PontosdeOnibus.fid-5b41923a_19c3ec54e70_b04,2051,POINT (-38.513705 -3.737049),3876,"AVENIDA HERACLITO GRACA, 1246",-3.737049,-38.513705,ETUFOR,2022,EPSG: 31984 (SIRGAS 2000 - UTM 24S); Codificação: UTF-8
vw_PontosdeOnibus.fid-5b41923a_19c3ec54e70_b05,2052,POINT (-38.506166 -3.739986),3877,"AVENIDA JULIO VENTURA, 100",-3.739986,-38.506166,ETUFOR,2022,EPSG: 31984 (SIRGAS 2000 - UTM 24S); Codificação: UTF-8
vw_PontosdeOnibus.fid-5b41923a_19c3ec54e70_b06,2053,POINT (-38.5039 -3.740136),3878,"RUA TIBURCIO CAVALCANTI, 1765",-3.740136,-38.5039,ETUFOR,2022,EPSG: 31984 (SIRGAS 2000 - UTM 24S); Codificação: UTF-8
vw_PontosdeOnibus.fid-5b41923a_19c3ec54e70_b07,2054,POINT (-38.509549 -3.741424),3882,"RUA PDE VALDEVINO, 1687",-3.741424,-38.509549,ETUFOR,2022,EPSG: 31984 (SIRGAS 2000 - UTM 24S); Codificação: UTF-8
vw_PontosdeOnibus.fid-5b41923a_19c3ec54e70_b08,2055,POINT (-38.504336 -3.743067),3884,"RUA PDE VALDEVINO, 2378",-3.743067,-38.504336,ETUFOR,2022,EPSG: 31984 (SIRGAS 2000 - UTM 24S); Codificação: UTF-8
vw_PontosdeOnibus.fid-5b41923a_19c3ec54e70_b09,2056,POINT (-38.469023 -3.844911),3885,"AVENIDA GURGEL DO AMARAL, 3335",-3.844911,-38.469023,ETUFOR,2022,EPSG: 31984 (SIRGAS 2000 - UTM 24S); Codificação: UTF-8
vw_PontosdeOnibus.fid-5b41923a_19c3ec54e70_b0a,2057,POINT (-38.470376 -3.847105),3886,"RUA NOSSA SRA APARECIDA, S/Nº",-3.847105,-38.470376,ETUFOR,2022,EPSG: 31984 (SIRGAS 2000 - UTM 24S); Codificação: UTF-8
vw_PontosdeOnibus.fid-5b41923a_19c3ec54e70_b0b,2058,POINT (-38.469409 -3.846301),3887,"RUA G ESPL MESSEJANA, 199",-3.846301,-38.469409,ETUFOR,2022,EPSG: 31984 (SIRGAS 2000 - UTM 24S); Codificação: UTF-8
vw_PontosdeOnibus.fid-5b41923a_19c3ec54e70_b0c,2059,POINT (-38.505678 -3.880852),3888,"AVENIDA TRAIRA, 460",-3.880852,-38.505678,ETUFOR,2022,EPSG: 31984 (SIRGAS 2000 - UTM 24S); Codificação: UTF-8
vw_PontosdeOnibus.fid-5b41923a_19c3ec54e70_b0d,2060,POINT (-38.505625 -3.88086),3889,"AVENIDA TRAIRA, 473",-3.88086,-38.505625,ETUFOR,2022,EPSG: 31984 (SIRGAS 2000 - UTM 24S); Codificação: UTF-8
vw_PontosdeOnibus.fid-5b41923a_19c3ec54e70_b0e,2061,POINT (-38.490751 -3.786749),389,"RUA PEDRO PAULO MOREIRA, 506",-3.786749,-38.490751,ETUFOR,2022,EPSG: 31984 (SIRGAS 2000 - UTM 24S); Codificação: UTF-8
vw_PontosdeOnibus.fid-5b41923a_19c3ec54e70_b0f,2062,POINT (-38.504348 -3.88104),3890,"AVENIDA TRAIRA, 310",-3.88104,-38.504348,ETUFOR,2022,EPSG: 31984 (SIRGAS 2000 - UTM 24S); Codificação: UTF-8
vw_PontosdeOnibus.fid-5b41923a_19c3ec54e70_b10,2063,POINT (-38.504282 -3.881049),3891,"AVENIDA TRAIRA, 310",-3.881049,-38.504282,ETUFOR,2022,EPSG: 31984 (SIRGAS 2000 - UTM 24S); Codificação: UTF-8
vw_PontosdeOnibus.fid-5b41923a_19c3ec54e70_b11,2064,POINT (-38.508142 -3.881442),3892,"RUA CLAUDINA MARIA, 167",-3.881442,-38.508142,ETUFOR,2022,EPSG: 31984 (SIRGAS 2000 - UTM 24S); Codificação: UTF-8
vw_PontosdeOnibus.fid-5b41923a_19c3ec54e70_b12,2065,POINT (-38.50811 -3.881204),3893,"RUA CLAUDINA MARIA, 197",-3.881204,-38.50811,ETUFOR,2022,EPSG: 31984 (SIRGAS 2000 - UTM 24S); Codificação: UTF-8
vw_PontosdeOnibus.fid-5b41923a_19c3ec54e70_b13,2066,POINT (-38.507704 -3.880569),3894,"AVENIDA TRAIRA, 847",-3.880569,-38.507704,ETUFOR,2022,EPSG: 31984 (SIRGAS 2000 - UTM 24S); Codificação: UTF-8
vw_PontosdeOnibus.fid-5b41923a_19c3ec54e70_b14,2067,POINT (-38.507633 -3.88058),3895,"AVENIDA TRAIRA, 797",-3.88058,-38.507633,ETUFOR,2022,EPSG: 31984 (SIRGAS 2000 - UTM 24S); Codificação: UTF-8
vw_PontosdeOnibus.fid-5b41923a_19c3ec54e70_b15,2068,POINT (-38.519645 -3.86551),3897,"AVENIDA CEL DIONÍZIO ALENCAR / ANCURI, S/N",-3.86551,-38.519645,ETUFOR,2022,EPSG: 31984 (SIRGAS 2000 - UTM 24S); Codificação: UTF-8
vw_PontosdeOnibus.fid-5b41923a_19c3ec54e70_b16,2069,POINT (-38.583024 -3.708177),39,"AVENIDA FRANCISCO SA, 6524",-3.708177,-38.583024,ETUFOR,2022,EPSG: 31984 (SIRGAS 2000 - UTM 24S); Codificação: UTF-8
vw_PontosdeOnibus.fid-5b41923a_19c3ec54e70_b17,2070,POINT (-38.529913 -3.880319),3900,"RUA JORGE FIGUEIREDO, 3600",-3.880319,-38.529913,ETUFOR,2022,EPSG: 31984 (SIRGAS 2000 - UTM 24S); Codificação: UTF-8
vw_PontosdeOnibus.fid-5b41923a_19c3ec54e70_b18,2071,POINT (-38.530699 -3.879153),3902,"AVENIDA CEL DIONÍZIO ALENCAR / ANCURI, 2398",-3.879153,-38.530699,ETUFOR,2022,EPSG: 31984 (SIRGAS 2000 - UTM 24S); Codificação: UTF-8
vw_PontosdeOnibus.fid-5b41923a_19c3ec54e70_b19,2072,POINT (-38.529652 -3.878105),3904,"AVENIDA CEL DIONÍZIO ALENCAR / ANCURI, 2242",-3.878105,-38.529652,ETUFOR,2022,EPSG: 31984 (SIRGAS 2000 - UTM 24S); Codificação: UTF-8
vw_PontosdeOnibus.fid-5b41923a_19c3ec54e70_b1a,2073,POINT (-38.527781 -3.872596),3906,"AVENIDA CEL DIONÍZIO ALENCAR / ANCURI, 1673",-3.872596,-38.527781,ETUFOR,2022,EPSG: 31984 (SIRGAS 2000 - UTM 24S); Codificação: UTF-8
vw_PontosdeOnibus.fid-5b41923a_19c3ec54e70_b1b,2074,POINT (-38.528171 -3.873771),3908,"AVENIDA CEL DIONÍZIO ALENCAR / ANCURI, 1790",-3.873771,-38.528171,ETUFOR,2022,EPSG: 31984 (SIRGAS 2000 - UTM 24S); Codificação: UTF-8
vw_PontosdeOnibus.fid-5b41923a_19c3ec54e70_b1c,2075,POINT (-38.528651 -3.875315),3910,"AVENIDA CEL DIONÍZIO ALENCAR / ANCURI, 1928",-3.875315,-38.528651,ETUFOR,2022,EPSG: 31984 (SIRGAS 2000 - UTM 24S); Codificação: UTF-8
vw_PontosdeOnibus.fid-5b41923a_19c3ec54e70_b1d,2076,POINT (-38.513394 -3.892583),3917,"RUA PEREIRA COUTINHO, 1338",-3.892583,-38.513394,ETUFOR,2022,EPSG: 31984 (SIRGAS 2000 - UTM 24S); Codificação: UTF-8
vw_PontosdeOnibus.fid-5b41923a_19c3ec54e70_b1e,2077,POINT (-38.513344 -3.892452),3918,"RUA PEREIRA COUTINHO, 1319",-3.892452,-38.513344,ETUFOR,2022,EPSG: 31984 (SIRGAS 2000 - UTM 24S); Codificação: UTF-8
vw_PontosdeOnibus.fid-5b41923a_19c3ec54e70_b1f,2078,POINT (-38.487894 -3.787105),392,"RUA VER PEDRO PAULO MOREIRA, 843",-3.787105,-38.487894,ETUFOR,2022,EPSG: 31984 (SIRGAS 2000 - UTM 24S); Codificação: UTF-8
vw_PontosdeOnibus.fid-5b41923a_19c3ec54e70_b20,2079,POINT (-38.512845 -3.891005),3920,"RUA PEREIRA COUTINHO, 1200",-3.891005,-38.512845,ETUFOR,2022,EPSG: 31984 (SIRGAS 2000 - UTM 24S); Codificação: UTF-8
vw_PontosdeOnibus.fid-5b41923a_19c3ec54e70_b21,2080,POINT (-38.509843 -3.887563),3921,"RUA RAIMUNDO MATIAS, 1060",-3.887563,-38.509843,ETUFOR,2022,EPSG: 31984 (SIRGAS 2000 - UTM 24S); Codificação: UTF-8
vw_PontosdeOnibus.fid-5b41923a_19c3ec54e70_b22,2081,POINT (-38.509776 -3.887631),3922,"RUA RAIMUNDO MATIAS, 1045",-3.887631,-38.509776,ETUFOR,2022,EPSG: 31984 (SIRGAS 2000 - UTM 24S); Codificação: UTF-8
vw_PontosdeOnibus.fid-5b41923a_19c3ec54e70_b23,2082,POINT (-38.50912 -3.888229),3923,"RUA RAIMUNDO MATIAS, 960",-3.888229,-38.50912,ETUFOR,2022,EPSG: 31984 (SIRGAS 2000 - UTM 24S); Codificação: UTF-8
vw_PontosdeOnibus.fid-5b41923a_19c3ec54e70_b24,2083,POINT (-38.508891 -3.888587),3924,"RUA MATRIZ, 59",-3.888587,-38.508891,ETUFOR,2022,EPSG: 31984 (SIRGAS 2000 - UTM 24S); Codificação: UTF-8
vw_PontosdeOnibus.fid-5b41923a_19c3ec54e70_b25,2084,POINT (-38.51029 -3.888811),3925,"RUA JOSÉ NOGUEIRA, 201",-3.888811,-38.51029,ETUFOR,2022,EPSG: 31984 (SIRGAS 2000 - UTM 24S); Codificação: UTF-8
vw_PontosdeOnibus.fid-5b41923a_19c3ec54e70_b26,2085,POINT (-38.510323 -3.888804),3926,"RUA JOSÉ NOGUEIRA, 210",-3.888804,-38.510323,ETUFOR,2022,EPSG: 31984 (SIRGAS 2000 - UTM 24S); Codificação: UTF-8
vw_PontosdeOnibus.fid-5b41923a_19c3ec54e70_b27,2086,POINT (-38.511895 -3.889415),3927,"RUA PEREIRA COUTINHO, 977",-3.889415,-38.511895,ETUFOR,2022,EPSG: 31984 (SIRGAS 2000 - UTM 24S); Codificação: UTF-8
vw_PontosdeOnibus.fid-5b41923a_19c3ec54e70_b28,2087,POINT (-38.51197 -3.889498),3928,"RUA PEREIRA COUTINHO, 977",-3.889498,-38.51197,ETUFOR,2022,EPSG: 31984 (SIRGAS 2000 - UTM 24S); Codificação: UTF-8
vw_PontosdeOnibus.fid-5b41923a_19c3ec54e70_b29,2088,POINT (-38.508603 -3.882539),3929,"RUA ANTONIO CONRADO, 430",-3.882539,-38.508603,ETUFOR,2022,EPSG: 31984 (SIRGAS 2000 - UTM 24S); Codificação: UTF-8
vw_PontosdeOnibus.fid-5b41923a_19c3ec54e70_b2a,2089,POINT (-38.509328 -3.88294),3930,"RUA PEREIRA COUTINHO, 162",-3.88294,-38.509328,ETUFOR,2022,EPSG: 31984 (SIRGAS 2000 - UTM 24S); Codificação: UTF-8
vw_PontosdeOnibus.fid-5b41923a_19c3ec54e70_b2b,2090,POINT (-38.509313 -3.882879),3931,"RUA PEREIRA COUTINHO, 152",-3.882879,-38.509313,ETUFOR,2022,EPSG: 31984 (SIRGAS 2000 - UTM 24S); Codificação: UTF-8
vw_PontosdeOnibus.fid-5b41923a_19c3ec54e70_b2c,2091,POINT (-38.509634 -3.884168),3932,"RUA PEREIRA COUTINHO, 166",-3.884168,-38.509634,ETUFOR,2022,EPSG: 31984 (SIRGAS 2000 - UTM 24S); Codificação: UTF-8
vw_PontosdeOnibus.fid-5b41923a_19c3ec54e70_b2d,2092,POINT (-38.509886 -3.885398),3933,"RUA PEREIRA COUTINHO, 321",-3.885398,-38.509886,ETUFOR,2022,EPSG: 31984 (SIRGAS 2000 - UTM 24S); Codificação: UTF-8
vw_PontosdeOnibus.fid-5b41923a_19c3ec54e70_b2e,2093,POINT (-38.48656 -3.787286),394,"RUA VER PEDRO PAULO MOREIRA, 1011",-3.787286,-38.48656,ETUFOR,2022,EPSG: 31984 (SIRGAS 2000 - UTM 24S); Codificação: UTF-8
vw_PontosdeOnibus.fid-5b41923a_19c3ec54e70_b2f,2094,POINT (-38.537258 -3.724732),3941,"RUA PDE MORORO, 913",-3.724732,-38.537258,ETUFOR,2022,EPSG: 31984 (SIRGAS 2000 - UTM 24S); Codificação: UTF-8
vw_PontosdeOnibus.fid-5b41923a_19c3ec54e70_b30,2095,POINT (-38.566871 -3.720468),3942,"AVENIDA DOR THEBERGE, 1742",-3.720468,-38.566871,ETUFOR,2022,EPSG: 31984 (SIRGAS 2000 - UTM 24S); Codificação: UTF-8
vw_PontosdeOnibus.fid-5b41923a_19c3ec54e70_b31,2096,POINT (-38.536455 -3.736331),3943,"AVENIDA TRISTAO GONCALVES, 1651",-3.736331,-38.536455,ETUFOR,2022,EPSG: 31984 (SIRGAS 2000 - UTM 24S); Codificação: UTF-8
vw_PontosdeOnibus.fid-5b41923a_19c3ec54e70_b32,2097,POINT (-38.467 -3.747453),3946,"RUA MANUEL DE QUEIROZ, 280",-3.747453,-38.467,ETUFOR,2022,EPSG: 31984 (SIRGAS 2000 - UTM 24S); Codificação: UTF-8
vw_PontosdeOnibus.fid-5b41923a_19c3ec54e70_b33,2098,POINT (-38.470141 -3.754575),3947,"AVENIDA ADENANTERAS, 689",-3.754575,-38.470141,ETUFOR,2022,EPSG: 31984 (SIRGAS 2000 - UTM 24S); Codificação: UTF-8
vw_PontosdeOnibus.fid-5b41923a_19c3ec54e70_b34,2099,POINT (-38.562202 -3.799907),3948,"RUA 10 CAMPO DOS INGLESES, 81",-3.799907,-38.562202,ETUFOR,2022,EPSG: 31984 (SIRGAS 2000 - UTM 24S); Codificação: UTF-8
vw_PontosdeOnibus.fid-5b41923a_19c3ec54e70_b35,2100,POINT (-38.540797 -3.803759),3950,"RUA JOAQUIM MARTINS, 455",-3.803759,-38.540797,ETUFOR,2022,EPSG: 31984 (SIRGAS 2000 - UTM 24S); Codificação: UTF-8
vw_PontosdeOnibus.fid-5b41923a_19c3ec54e70_b36,2101,POINT (-38.603232 -3.716002),3951,"RUA G CJ VILA VELHA, 156",-3.716002,-38.603232,ETUFOR,2022,EPSG: 31984 (SIRGAS 2000 - UTM 24S); Codificação: UTF-8
vw_PontosdeOnibus.fid-5b41923a_19c3ec54e70_b37,2102,POINT (-38.604498 -3.717761),3952,"RUA H CJ VILA VELHA, 138",-3.717761,-38.604498,ETUFOR,2022,EPSG: 31984 (SIRGAS 2000 - UTM 24S); Codificação: UTF-8
vw_PontosdeOnibus.fid-5b41923a_19c3ec54e70_b38,2103,POINT (-38.604699 -3.716494),3953,"RUA P CJ VILA VELHA, 85",-3.716494,-38.604699,ETUFOR,2022,EPSG: 31984 (SIRGAS 2000 - UTM 24S); Codificação: UTF-8
vw_PontosdeOnibus.fid-5b41923a_19c3ec54e70_b39,2104,POINT (-38.586923 -3.795206),3955,"AVENIDA LUIS VIEIRA, 381",-3.795206,-38.586923,ETUFOR,2022,EPSG: 31984 (SIRGAS 2000 - UTM 24S); Codificação: UTF-8
vw_PontosdeOnibus.fid-5b41923a_19c3ec54e70_b3a,2105,POINT (-38.564913 -3.792408),3956,"RUA LUIS TORRES, 111",-3.792408,-38.564913,ETUFOR,2022,EPSG: 31984 (SIRGAS 2000 - UTM 24S); Codificação: UTF-8
vw_PontosdeOnibus.fid-5b41923a_19c3ec54e70_b3b,2106,POINT (-38.469905 -3.788539),396,"AVENIDA EDILSON B SOARES, 1725",-3.788539,-38.469905,ETUFOR,2022,EPSG: 31984 (SIRGAS 2000 - UTM 24S); Codificação: UTF-8
vw_PontosdeOnibus.fid-5b41923a_19c3ec54e70_b3c,2107,POINT (-38.507723 -3.731611),3961,"RUA COSTA BARROS, 900",-3.731611,-38.507723,ETUFOR,2022,EPSG: 31984 (SIRGAS 2000 - UTM 24S); Codificação: UTF-8
vw_PontosdeOnibus.fid-5b41923a_19c3ec54e70_b3d,2108,POINT (-38.5357 -3.743813),3962,"AVENIDA 13 DE MAIO, SN",-3.743813,-38.5357,ETUFOR,2022,EPSG: 31984 (SIRGAS 2000 - UTM 24S); Codificação: UTF-8
vw_PontosdeOnibus.fid-5b41923a_19c3ec54e70_b3e,2109,POINT (-38.4702 -3.708433),3965,"AVENIDA ZEZE DIOGO, 20",-3.708433,-38.4702,ETUFOR,2022,EPSG: 31984 (SIRGAS 2000 - UTM 24S); Codificação: UTF-8
vw_PontosdeOnibus.fid-5b41923a_19c3ec54e70_b3f,2110,POINT (-38.470308 -3.708444),3966,"AVENIDA ZEZE DIOGO, 20",-3.708444,-38.470308,ETUFOR,2022,EPSG: 31984 (SIRGAS 2000 - UTM 24S); Codificação: UTF-8
vw_PontosdeOnibus.fid-5b41923a_19c3ec54e70_b40,2111,POINT (-38.514255 -3.741775),3967,"AVENIDA ANTONIO SALES, 846",-3.741775,-38.514255,ETUFOR,2022,EPSG: 31984 (SIRGAS 2000 - UTM 24S); Codificação: UTF-8
vw_PontosdeOnibus.fid-5b41923a_19c3ec54e70_b41,2112,POINT (-38.523414 -3.739417),3969,"AVENIDA VISCONDE RIO BRANCO, 2095",-3.739417,-38.523414,ETUFOR,2022,EPSG: 31984 (SIRGAS 2000 - UTM 24S); Codificação: UTF-8
vw_PontosdeOnibus.fid-5b41923a_19c3ec54e70_b42,2113,POINT (-38.464557 -3.788066),397,"AVENIDA EDILSON B SOARES, 2397",-3.788066,-38.464557,ETUFOR,2022,EPSG: 31984 (SIRGAS 2000 - UTM 24S); Codificação: UTF-8
vw_PontosdeOnibus.fid-5b41923a_19c3ec54e70_b43,2114,POINT (-38.523025 -3.741252),3970,"RUA VIS RIO BRANCO, 456",-3.741252,-38.523025,ETUFOR,2022,EPSG: 31984 (SIRGAS 2000 - UTM 24S); Codificação: UTF-8
vw_PontosdeOnibus.fid-5b41923a_19c3ec54e70_b44,2115,POINT (-38.589262 -3.723565),3973,"AVENIDA MAJ ASSIS, 1109",-3.723565,-38.589262,ETUFOR,2022,EPSG: 31984 (SIRGAS 2000 - UTM 24S); Codificação: UTF-8
vw_PontosdeOnibus.fid-5b41923a_19c3ec54e70_b45,2116,POINT (-38.592772 -3.732959),3974,"RUA EMILIA GONCALVES, 1185",-3.732959,-38.592772,ETUFOR,2022,EPSG: 31984 (SIRGAS 2000 - UTM 24S); Codificação: UTF-8
vw_PontosdeOnibus.fid-5b41923a_19c3ec54e70_b46,2117,POINT (-38.596567 -3.721268),3977,"AVENIDA MOZART P.LUCENA, 2150 C",-3.721268,-38.596567,ETUFOR,2022,EPSG: 31984 (SIRGAS 2000 - UTM 24S); Codificação: UTF-8
vw_PontosdeOnibus.fid-5b41923a_19c3ec54e70_b47,2118,POINT (-38.52767 -3.784489),3983,"AVENIDA CARLOS JEREISSATI, SN",-3.784489,-38.52767,ETUFOR,2022,EPSG: 31984 (SIRGAS 2000 - UTM 24S); Codificação: UTF-8
vw_PontosdeOnibus.fid-5b41923a_19c3ec54e70_b48,2119,POINT (-38.601947 -3.804504),3985,"AVENIDA MARCELO SANTA FE, 5424",-3.804504,-38.601947,ETUFOR,2022,EPSG: 31984 (SIRGAS 2000 - UTM 24S); Codificação: UTF-8
vw_PontosdeOnibus.fid-5b41923a_19c3ec54e70_b49,2120,POINT (-38.59301 -3.814494),3986,"AVENIDA ANTONIO MONTENEGRO, 559",-3.814494,-38.59301,ETUFOR,2022,EPSG: 31984 (SIRGAS 2000 - UTM 24S); Codificação: UTF-8
vw_PontosdeOnibus.fid-5b41923a_19c3ec54e70_b4a,2121,POINT (-38.630304 -3.809308),3987,"AVENIDA MACIEL BEZERRA, 2290",-3.809308,-38.630304,ETUFOR,2022,EPSG: 31984 (SIRGAS 2000 - UTM 24S); Codificação: UTF-8
vw_PontosdeOnibus.fid-5b41923a_19c3ec54e70_b4b,2122,POINT (-38.46564 -3.788163),399,"AVENIDA EDILSON B SOARES, 2293",-3.788163,-38.46564,ETUFOR,2022,EPSG: 31984 (SIRGAS 2000 - UTM 24S); Codificação: UTF-8
vw_PontosdeOnibus.fid-5b41923a_19c3ec54e70_b4c,2123,POINT (-38.628954 -3.811704),3990,"AVENIDA JUSCELINO KUBITSCHEK, 2125",-3.811704,-38.628954,ETUFOR,2022,EPSG: 31984 (SIRGAS 2000 - UTM 24S); Codificação: UTF-8
vw_PontosdeOnibus.fid-5b41923a_19c3ec54e70_b4d,2124,POINT (-38.629219 -3.812151),3991,"AVENIDA JUSCELINO KUBITSCHEK, 2160",-3.812151,-38.629219,ETUFOR,2022,EPSG: 31984 (SIRGAS 2000 - UTM 24S); Codificação: UTF-8
vw_PontosdeOnibus.fid-5b41923a_19c3ec54e70_b4e,2125,POINT (-38.627596 -3.813922),3992,"RUA SIQUEIRA CAMPOS, 1301",-3.813922,-38.627596,ETUFOR,2022,EPSG: 31984 (SIRGAS 2000 - UTM 24S); Codificação: UTF-8
vw_PontosdeOnibus.fid-5b41923a_19c3ec54e70_b4f,2126,POINT (-38.625373 -3.815615),3997,"RUA SIQUEIRA CAMPOS, 1088",-3.815615,-38.625373,ETUFOR,2022,EPSG: 31984 (SIRGAS 2000 - UTM 24S); Codificação: UTF-8
vw_PontosdeOnibus.fid-5b41923a_19c3ec54e70_b50,2127,POINT (-38.623276 -3.817224),3998,"RUA SIQUEIRA CAMPOS, 863",-3.817224,-38.623276,ETUFOR,2022,EPSG: 31984 (SIRGAS 2000 - UTM 24S); Codificação: UTF-8
vw_PontosdeOnibus.fid-5b41923a_19c3ec54e70_b51,2128,POINT (-38.623069 -3.817851),3999,"RUA TEBAS, 864",-3.817851,-38.623069,ETUFOR,2022,EPSG: 31984 (SIRGAS 2000 - UTM 24S); Codificação: UTF-8
vw_PontosdeOnibus.fid-5b41923a_19c3ec54e70_b52,2129,POINT (-38.588309 -3.700127),4,"AVENIDA JOSÉ LIMA VERDE, SN",-3.700127,-38.588309,ETUFOR,2022,EPSG: 31984 (SIRGAS 2000 - UTM 24S); Codificação: UTF-8
vw_PontosdeOnibus.fid-5b41923a_19c3ec54e70_b53,2130,POINT (-38.580758 -3.70773),40,"RUA SEN ROBERT  KENNEDY, 920",-3.70773,-38.580758,ETUFOR,2022,EPSG: 31984 (SIRGAS 2000 - UTM 24S); Codificação: UTF-8
vw_PontosdeOnibus.fid-5b41923a_19c3ec54e70_b54,2131,POINT (-38.464233 -3.813103),4000,"AVENIDA ODILON GUIMARAES, 4060",-3.813103,-38.464233,ETUFOR,2022,EPSG: 31984 (SIRGAS 2000 - UTM 24S); Codificação: UTF-8
vw_PontosdeOnibus.fid-5b41923a_19c3ec54e70_b55,2132,POINT (-38.462417 -3.810565),4001,"AVENIDA ODILON GUIMARAES, 4422",-3.810565,-38.462417,ETUFOR,2022,EPSG: 31984 (SIRGAS 2000 - UTM 24S); Codificação: UTF-8
vw_PontosdeOnibus.fid-5b41923a_19c3ec54e70_b56,2133,POINT (-38.462403 -3.810528),4002,"AVENIDA ODILON GUIMARAES, 4422",-3.810528,-38.462403,ETUFOR,2022,EPSG: 31984 (SIRGAS 2000 - UTM 24S); Codificação: UTF-8
vw_PontosdeOnibus.fid-5b41923a_19c3ec54e70_b57,2134,POINT (-38.560368 -3.813572),4003,"RUA FRIESIO BARROSO, 352",-3.813572,-38.560368,ETUFOR,2022,EPSG: 31984 (SIRGAS 2000 - UTM 24S); Codificação: UTF-8
vw_PontosdeOnibus.fid-5b41923a_19c3ec54e70_b58,2135,POINT (-38.516432 -3.8108),4004,"AVENIDA PAULINO ROCHA, 2025",-3.8108,-38.516432,ETUFOR,2022,EPSG: 31984 (SIRGAS 2000 - UTM 24S); Codificação: UTF-8
vw_PontosdeOnibus.fid-5b41923a_19c3ec54e70_b59,2136,POINT (-38.516658 -3.810894),4005,"AVENIDA DEP PAULINO ROCHA, 2025",-3.810894,-38.516658,ETUFOR,2022,EPSG: 31984 (SIRGAS 2000 - UTM 24S); Codificação: UTF-8
vw_PontosdeOnibus.fid-5b41923a_19c3ec54e70_b5a,2137,POINT (-38.627465 -3.824649),4008,"AVENIDA ANEL VIÁRIO, S/R",-3.824649,-38.627465,ETUFOR,2022,EPSG: 31984 (SIRGAS 2000 - UTM 24S); Codificação: UTF-8
vw_PontosdeOnibus.fid-5b41923a_19c3ec54e70_b5b,2138,POINT (-38.628485 -3.823313),4009,"AVENIDA ANEL VIÁRIO, SN",-3.823313,-38.628485,ETUFOR,2022,EPSG: 31984 (SIRGAS 2000 - UTM 24S); Codificação: UTF-8
vw_PontosdeOnibus.fid-5b41923a_19c3ec54e70_b5c,2139,POINT (-38.623749 -3.819041),4012,"RUA TEBAS, 1270",-3.819041,-38.623749,ETUFOR,2022,EPSG: 31984 (SIRGAS 2000 - UTM 24S); Codificação: UTF-8
vw_PontosdeOnibus.fid-5b41923a_19c3ec54e70_b5d,2140,POINT (-38.622246 -3.821294),4015,"RUA ADALBERTO MALVEIRA, 337",-3.821294,-38.622246,ETUFOR,2022,EPSG: 31984 (SIRGAS 2000 - UTM 24S); Codificação: UTF-8
vw_PontosdeOnibus.fid-5b41923a_19c3ec54e70_b5e,2141,POINT (-38.475846 -3.790794),4017,"RUA CEL OLEGARIO MEMORIA, 745",-3.790794,-38.475846,ETUFOR,2022,EPSG: 31984 (SIRGAS 2000 - UTM 24S); Codificação: UTF-8
vw_PontosdeOnibus.fid-5b41923a_19c3ec54e70_b5f,2142,POINT (-38.535139 -3.75565),4018,"AVENIDA BORGES DE MELO, 1881",-3.75565,-38.535139,ETUFOR,2022,EPSG: 31984 (SIRGAS 2000 - UTM 24S); Codificação: UTF-8
vw_PontosdeOnibus.fid-5b41923a_19c3ec54e70_b60,2143,POINT (-38.531671 -3.758471),4019,"AVENIDA BORGES DE MELO, SN",-3.758471,-38.531671,ETUFOR,2022,EPSG: 31984 (SIRGAS 2000 - UTM 24S); Codificação: UTF-8
vw_PontosdeOnibus.fid-5b41923a_19c3ec54e70_b61,2144,POINT (-38.534234 -3.793913),4025,"AVENIDA SILAS MUNGUBA, 480",-3.793913,-38.534234,ETUFOR,2022,EPSG: 31984 (SIRGAS 2000 - UTM 24S); Codificação: UTF-8
vw_PontosdeOnibus.fid-5b41923a_19c3ec54e70_b62,2145,POINT (-38.488769 -3.785415),4028,"RUA GAL CAIADO DE CASTRO, 230",-3.785415,-38.488769,ETUFOR,2022,EPSG: 31984 (SIRGAS 2000 - UTM 24S); Codificação: UTF-8
vw_PontosdeOnibus.fid-5b41923a_19c3ec54e70_b63,2146,POINT (-38.459184 -3.788554),403,"RUA DOR CORREIA LIMA, 755",-3.788554,-38.459184,ETUFOR,2022,EPSG: 31984 (SIRGAS 2000 - UTM 24S); Codificação: UTF-8
vw_PontosdeOnibus.fid-5b41923a_19c3ec54e70_b64,2147,POINT (-38.469213 -3.758039),4031,"RUA VITÓRIA DA CONQUISTA, 1543",-3.758039,-38.469213,ETUFOR,2022,EPSG: 31984 (SIRGAS 2000 - UTM 24S); Codificação: UTF-8
vw_PontosdeOnibus.fid-5b41923a_19c3ec54e70_b65,2148,POINT (-38.468584 -3.755976),4034,"RUA VITÓRIA DA CONQUISTA, 1414",-3.755976,-38.468584,ETUFOR,2022,EPSG: 31984 (SIRGAS 2000 - UTM 24S); Codificação: UTF-8
vw_PontosdeOnibus.fid-5b41923a_19c3ec54e70_b66,2149,POINT (-38.600521 -3.714596),4037,"AVENIDA L CJ DOS BANCARIOS, 1200",-3.714596,-38.600521,ETUFOR,2022,EPSG: 31984 (SIRGAS 2000 - UTM 24S); Codificação: UTF-8
vw_PontosdeOnibus.fid-5b41923a_19c3ec54e70_b67,2150,POINT (-38.600537 -3.714632),4038,"AVENIDA L CJ DOS BANCARIOS, 1193",-3.714632,-38.600537,ETUFOR,2022,EPSG: 31984 (SIRGAS 2000 - UTM 24S); Codificação: UTF-8
vw_PontosdeOnibus.fid-5b41923a_19c3ec54e70_b68,2151,POINT (-38.459496 -3.787624),404,"AVENIDA EDILSON B SOARES, 2887",-3.787624,-38.459496,ETUFOR,2022,EPSG: 31984 (SIRGAS 2000 - UTM 24S); Codificação: UTF-8
vw_PontosdeOnibus.fid-5b41923a_19c3ec54e70_b69,2152,POINT (-38.596302 -3.716463),4040,"AVENIDA AMBIENTALISTA ARY THIERS, 103",-3.716463,-38.596302,ETUFOR,2022,EPSG: 31984 (SIRGAS 2000 - UTM 24S); Codificação: UTF-8
vw_PontosdeOnibus.fid-5b41923a_19c3ec54e70_b6a,2153,POINT (-38.596952 -3.711517),4041,"AVENIDA J CJ POLAR, 680",-3.711517,-38.596952,ETUFOR,2022,EPSG: 31984 (SIRGAS 2000 - UTM 24S); Codificação: UTF-8
vw_PontosdeOnibus.fid-5b41923a_19c3ec54e70_b6b,2154,POINT (-38.578421 -3.71625),4042,"RUA TEODORO DE CASTRO, 6431 A",-3.71625,-38.578421,ETUFOR,2022,EPSG: 31984 (SIRGAS 2000 - UTM 24S); Codificação: UTF-8
vw_PontosdeOnibus.fid-5b41923a_19c3ec54e70_b6c,2155,POINT (-38.598831 -3.726645),4043,"RUA XXIV CIDADE OESTE, 1222",-3.726645,-38.598831,ETUFOR,2022,EPSG: 31984 (SIRGAS 2000 - UTM 24S); Codificação: UTF-8
vw_PontosdeOnibus.fid-5b41923a_19c3ec54e70_b6d,2156,POINT (-38.630118 -3.808209),4046,"AVENIDA MACIEL BEZERRA, 2138",-3.808209,-38.630118,ETUFOR,2022,EPSG: 31984 (SIRGAS 2000 - UTM 24S); Codificação: UTF-8
vw_PontosdeOnibus.fid-5b41923a_19c3ec54e70_b6e,2157,POINT (-38.594083 -3.807358),4049,"RUA CON CASTRO, S/N",-3.807358,-38.594083,ETUFOR,2022,EPSG: 31984 (SIRGAS 2000 - UTM 24S); Codificação: UTF-8
vw_PontosdeOnibus.fid-5b41923a_19c3ec54e70_b6f,2158,POINT (-38.609983 -3.79262),405,"RUA CEL VIRGILIO N PAES, 1059",-3.79262,-38.609983,ETUFOR,2022,EPSG: 31984 (SIRGAS 2000 - UTM 24S); Codificação: UTF-8
vw_PontosdeOnibus.fid-5b41923a_19c3ec54e70_b70,2159,POINT (-38.580585 -3.812773),4052,"RUA 5 PARQUE SANTANA, 1402",-3.812773,-38.580585,ETUFOR,2022,EPSG: 31984 (SIRGAS 2000 - UTM 24S); Codificação: UTF-8
vw_PontosdeOnibus.fid-5b41923a_19c3ec54e70_b71,2160,POINT (-38.580719 -3.814025),4053,"RUA 12 PARQUE SANTANA, 288",-3.814025,-38.580719,ETUFOR,2022,EPSG: 31984 (SIRGAS 2000 - UTM 24S); Codificação: UTF-8
vw_PontosdeOnibus.fid-5b41923a_19c3ec54e70_b72,2161,POINT (-38.581173 -3.815292),4054,"RUA 2 PARQUE SANTANA, 951",-3.815292,-38.581173,ETUFOR,2022,EPSG: 31984 (SIRGAS 2000 - UTM 24S); Codificação: UTF-8
vw_PontosdeOnibus.fid-5b41923a_19c3ec54e70_b73,2162,POINT (-38.58252 -3.815491),4055,"RUA QUATRO/PLANALTO MONDUBIM, 18",-3.815491,-38.58252,ETUFOR,2022,EPSG: 31984 (SIRGAS 2000 - UTM 24S); Codificação: UTF-8
vw_PontosdeOnibus.fid-5b41923a_19c3ec54e70_b74,2163,POINT (-38.582816 -3.816711),4056,"RUA TRÊS PLANALTO MONDUBIM, 531",-3.816711,-38.582816,ETUFOR,2022,EPSG: 31984 (SIRGAS 2000 - UTM 24S); Codificação: UTF-8
vw_PontosdeOnibus.fid-5b41923a_19c3ec54e70_b75,2164,POINT (-38.579399 -3.817207),4058,"RUA COLETORA A/PQ SANTANA, 381",-3.817207,-38.579399,ETUFOR,2022,EPSG: 31984 (SIRGAS 2000 - UTM 24S); Codificação: UTF-8
vw_PontosdeOnibus.fid-5b41923a_19c3ec54e70_b76,2165,POINT (-38.577612 -3.817208),4059,"RUA RAQUEL PIRES RIBEIRO, 81",-3.817208,-38.577612,ETUFOR,2022,EPSG: 31984 (SIRGAS 2000 - UTM 24S); Codificação: UTF-8
vw_PontosdeOnibus.fid-5b41923a_19c3ec54e70_b77,2166,POINT (-38.610684 -3.79478),406,"RUA CEL VIRGILIO N PAES, 1248",-3.79478,-38.610684,ETUFOR,2022,EPSG: 31984 (SIRGAS 2000 - UTM 24S); Codificação: UTF-8
vw_PontosdeOnibus.fid-5b41923a_19c3ec54e70_b78,2167,POINT (-38.578712 -3.815504),4060,"RUA CARLOS MAGNO, 1332",-3.815504,-38.578712,ETUFOR,2022,EPSG: 31984 (SIRGAS 2000 - UTM 24S); Codificação: UTF-8
vw_PontosdeOnibus.fid-5b41923a_19c3ec54e70_b79,2168,POINT (-38.578994 -3.814492),4061,"RUA 1 PARQUE SANTANA, 1193",-3.814492,-38.578994,ETUFOR,2022,EPSG: 31984 (SIRGAS 2000 - UTM 24S); Codificação: UTF-8
vw_PontosdeOnibus.fid-5b41923a_19c3ec54e70_b7a,2169,POINT (-38.576704 -3.8123),4064,"RUA FRANCISCO BENTO, 16",-3.8123,-38.576704,ETUFOR,2022,EPSG: 31984 (SIRGAS 2000 - UTM 24S); Codificação: UTF-8
vw_PontosdeOnibus.fid-5b41923a_19c3ec54e70_b7b,2170,POINT (-38.576788 -3.812266),4065,"RUA FRANCISCO BENTO, 16",-3.812266,-38.576788,ETUFOR,2022,EPSG: 31984 (SIRGAS 2000 - UTM 24S); Codificação: UTF-8
vw_PontosdeOnibus.fid-5b41923a_19c3ec54e70_b7c,2171,POINT (-38.549775 -3.808847),4066,"RUA 8 CJ ITAPERI, 444",-3.808847,-38.549775,ETUFOR,2022,EPSG: 31984 (SIRGAS 2000 - UTM 24S); Codificação: UTF-8
vw_PontosdeOnibus.fid-5b41923a_19c3ec54e70_b7d,2172,POINT (-38.562151 -3.745437),4069,"RUA NESTOR BARBOSA, 765",-3.745437,-38.562151,ETUFOR,2022,EPSG: 31984 (SIRGAS 2000 - UTM 24S); Codificação: UTF-8
vw_PontosdeOnibus.fid-5b41923a_19c3ec54e70_b7e,2173,POINT (-38.605021 -3.793159),407,"RUA BOM JESUS, 1413",-3.793159,-38.605021,ETUFOR,2022,EPSG: 31984 (SIRGAS 2000 - UTM 24S); Codificação: UTF-8
vw_PontosdeOnibus.fid-5b41923a_19c3ec54e70_b7f,2174,POINT (-38.532128 -3.800352),4070,"RUA DES OTACILIO PEIXOTO, 200",-3.800352,-38.532128,ETUFOR,2022,EPSG: 31984 (SIRGAS 2000 - UTM 24S); Codificação: UTF-8
vw_PontosdeOnibus.fid-5b41923a_19c3ec54e70_b80,2175,POINT (-38.529878 -3.80308),4071,"AVENIDA HEROIS DO ACRE, 150",-3.80308,-38.529878,ETUFOR,2022,EPSG: 31984 (SIRGAS 2000 - UTM 24S); Codificação: UTF-8
vw_PontosdeOnibus.fid-5b41923a_19c3ec54e70_b81,2176,POINT (-38.534338 -3.809419),4072,"RUA PRUDENTE BRASIL, 770",-3.809419,-38.534338,ETUFOR,2022,EPSG: 31984 (SIRGAS 2000 - UTM 24S); Codificação: UTF-8
vw_PontosdeOnibus.fid-5b41923a_19c3ec54e70_b82,2177,POINT (-38.534309 -3.809332),4073,"RUA PRUDENTE BRASIL, 770",-3.809332,-38.534309,ETUFOR,2022,EPSG: 31984 (SIRGAS 2000 - UTM 24S); Codificação: UTF-8
vw_PontosdeOnibus.fid-5b41923a_19c3ec54e70_b83,2178,POINT (-38.527689 -3.811005),4075,"AVENIDA PADARIA ESPIRITUAL, 3423",-3.811005,-38.527689,ETUFOR,2022,EPSG: 31984 (SIRGAS 2000 - UTM 24S); Codificação: UTF-8
vw_PontosdeOnibus.fid-5b41923a_19c3ec54e70_b84,2179,POINT (-38.54342 -3.808719),4079,"AVENIDA PAROARAS, 961",-3.808719,-38.54342,ETUFOR,2022,EPSG: 31984 (SIRGAS 2000 - UTM 24S); Codificação: UTF-8
vw_PontosdeOnibus.fid-5b41923a_19c3ec54e70_b85,2180,POINT (-38.601351 -3.797752),408,"RUA MARIA JULIA, 961",-3.797752,-38.601351,ETUFOR,2022,EPSG: 31984 (SIRGAS 2000 - UTM 24S); Codificação: UTF-8
vw_PontosdeOnibus.fid-5b41923a_19c3ec54e70_b86,2181,POINT (-38.543966 -3.808653),4080,"AVENIDA PAROARAS, 1115",-3.808653,-38.543966,ETUFOR,2022,EPSG: 31984 (SIRGAS 2000 - UTM 24S); Codificação: UTF-8
vw_PontosdeOnibus.fid-5b41923a_19c3ec54e70_b87,2182,POINT (-38.545341 -3.808948),4083,"RUA MOURA MATOS, SN",-3.808948,-38.545341,ETUFOR,2022,EPSG: 31984 (SIRGAS 2000 - UTM 24S); Codificação: UTF-8
vw_PontosdeOnibus.fid-5b41923a_19c3ec54e70_b88,2183,POINT (-38.55181 -3.832818),4085,"AVENIDA N JOSÉ WALTER, 639",-3.832818,-38.55181,ETUFOR,2022,EPSG: 31984 (SIRGAS 2000 - UTM 24S); Codificação: UTF-8
vw_PontosdeOnibus.fid-5b41923a_19c3ec54e70_b89,2184,POINT (-38.601795 -3.798959),409,"RUA MARIA JULIA, SN",-3.798959,-38.601795,ETUFOR,2022,EPSG: 31984 (SIRGAS 2000 - UTM 24S); Codificação: UTF-8
vw_PontosdeOnibus.fid-5b41923a_19c3ec54e70_b8a,2185,POINT (-38.560178 -3.830335),4092,"RUA JOAO ARAUJO LIMA, 1180",-3.830335,-38.560178,ETUFOR,2022,EPSG: 31984 (SIRGAS 2000 - UTM 24S); Codificação: UTF-8
vw_PontosdeOnibus.fid-5b41923a_19c3ec54e70_b8b,2186,POINT (-38.560107 -3.830484),4093,"RUA JOAO ARAUJO LIMA, 1051",-3.830484,-38.560107,ETUFOR,2022,EPSG: 31984 (SIRGAS 2000 - UTM 24S); Codificação: UTF-8
vw_PontosdeOnibus.fid-5b41923a_19c3ec54e70_b8c,2187,POINT (-38.557258 -3.828582),4094,"RUA 41 CJ JOSE WALTER, 410",-3.828582,-38.557258,ETUFOR,2022,EPSG: 31984 (SIRGAS 2000 - UTM 24S); Codificação: UTF-8
vw_PontosdeOnibus.fid-5b41923a_19c3ec54e70_b8d,2188,POINT (-38.474169 -3.826355),4095,"AVENIDA PRO JOSÉ ARTHUR DE CARVALHO, 510",-3.826355,-38.474169,ETUFOR,2022,EPSG: 31984 (SIRGAS 2000 - UTM 24S); Codificação: UTF-8
vw_PontosdeOnibus.fid-5b41923a_19c3ec54e70_b8e,2189,POINT (-38.509894 -3.744713),4096,"AVENIDA BARRÃO DE STUDART, 2406",-3.744713,-38.509894,ETUFOR,2022,EPSG: 31984 (SIRGAS 2000 - UTM 24S); Codificação: UTF-8
vw_PontosdeOnibus.fid-5b41923a_19c3ec54e70_b8f,2190,POINT (-38.591934 -3.818872),4097,"RUA FRANCISCO ALMEIDA, 466",-3.818872,-38.591934,ETUFOR,2022,EPSG: 31984 (SIRGAS 2000 - UTM 24S); Codificação: UTF-8
vw_PontosdeOnibus.fid-5b41923a_19c3ec54e70_b90,2191,POINT (-38.586333 -3.822682),4098,"RUA COSME JERONIMO, 1128",-3.822682,-38.586333,ETUFOR,2022,EPSG: 31984 (SIRGAS 2000 - UTM 24S); Codificação: UTF-8
vw_PontosdeOnibus.fid-5b41923a_19c3ec54e70_b91,2192,POINT (-38.584188 -3.823178),4099,"RUA MARIA GOMES DE SA, 1700",-3.823178,-38.584188,ETUFOR,2022,EPSG: 31984 (SIRGAS 2000 - UTM 24S); Codificação: UTF-8
vw_PontosdeOnibus.fid-5b41923a_19c3ec54e70_b92,2193,POINT (-38.58074 -3.707692),41,"RUA SEN ROBERT  KENNEDY, 880",-3.707692,-38.58074,ETUFOR,2022,EPSG: 31984 (SIRGAS 2000 - UTM 24S); Codificação: UTF-8
vw_PontosdeOnibus.fid-5b41923a_19c3ec54e70_b93,2194,POINT (-38.603201 -3.797897),410,"RUA SÃO FRANCISCO/PQ SANTO AMARO, 747",-3.797897,-38.603201,ETUFOR,2022,EPSG: 31984 (SIRGAS 2000 - UTM 24S); Codificação: UTF-8
vw_PontosdeOnibus.fid-5b41923a_19c3ec54e70_b94,2195,POINT (-38.582841 -3.824812),4100,"RUA MARIA GOMES DE SA, 1334",-3.824812,-38.582841,ETUFOR,2022,EPSG: 31984 (SIRGAS 2000 - UTM 24S); Codificação: UTF-8
vw_PontosdeOnibus.fid-5b41923a_19c3ec54e70_b95,2196,POINT (-38.581015 -3.826356),4101,"RUA MARIA GOMES DE SA, SN",-3.826356,-38.581015,ETUFOR,2022,EPSG: 31984 (SIRGAS 2000 - UTM 24S); Codificação: UTF-8
vw_PontosdeOnibus.fid-5b41923a_19c3ec54e70_b96,2197,POINT (-38.588088 -3.824094),4103,"RUA COSME JERONIMO, 1460",-3.824094,-38.588088,ETUFOR,2022,EPSG: 31984 (SIRGAS 2000 - UTM 24S); Codificação: UTF-8
vw_PontosdeOnibus.fid-5b41923a_19c3ec54e70_b97,2198,POINT (-38.588895 -3.825365),4104,"RUA EDUARDO ARAUJO, 595",-3.825365,-38.588895,ETUFOR,2022,EPSG: 31984 (SIRGAS 2000 - UTM 24S); Codificação: UTF-8
vw_PontosdeOnibus.fid-5b41923a_19c3ec54e70_b98,2199,POINT (-38.588169 -3.828363),4106,"RUA ANA BRITO, 1100",-3.828363,-38.588169,ETUFOR,2022,EPSG: 31984 (SIRGAS 2000 - UTM 24S); Codificação: UTF-8
vw_PontosdeOnibus.fid-5b41923a_19c3ec54e70_b99,2200,POINT (-38.585216 -3.830552),4108,"RUA ANA BRITO, 639",-3.830552,-38.585216,ETUFOR,2022,EPSG: 31984 (SIRGAS 2000 - UTM 24S); Codificação: UTF-8
vw_PontosdeOnibus.fid-5b41923a_19c3ec54e70_b9a,2201,POINT (-38.583879 -3.82954),4109,"RUA JACUPEMBA, 200 A",-3.82954,-38.583879,ETUFOR,2022,EPSG: 31984 (SIRGAS 2000 - UTM 24S); Codificação: UTF-8
vw_PontosdeOnibus.fid-5b41923a_19c3ec54e70_b9b,2202,POINT (-38.6035 -3.799325),411,"RUA NOVA FRIBURGO, 480",-3.799325,-38.6035,ETUFOR,2022,EPSG: 31984 (SIRGAS 2000 - UTM 24S); Codificação: UTF-8
vw_PontosdeOnibus.fid-5b41923a_19c3ec54e70_b9c,2203,POINT (-38.584447 -3.834335),4111,"RUA FERDINANDO ALVES DE SOUZA, SN",-3.834335,-38.584447,ETUFOR,2022,EPSG: 31984 (SIRGAS 2000 - UTM 24S); Codificação: UTF-8
vw_PontosdeOnibus.fid-5b41923a_19c3ec54e70_b9d,2204,POINT (-38.586998 -3.833343),4113,"AVENIDA MIGUEL ARAGAO, SN",-3.833343,-38.586998,ETUFOR,2022,EPSG: 31984 (SIRGAS 2000 - UTM 24S); Codificação: UTF-8
vw_PontosdeOnibus.fid-5b41923a_19c3ec54e70_b9e,2205,POINT (-38.58776 -3.832785),4114,"AVENIDA MIGUEL ARAGAO, 975",-3.832785,-38.58776,ETUFOR,2022,EPSG: 31984 (SIRGAS 2000 - UTM 24S); Codificação: UTF-8
vw_PontosdeOnibus.fid-5b41923a_19c3ec54e70_b9f,2206,POINT (-38.589011 -3.831884),4115,"AVENIDA MIGUEL ARAGÃO, 1118",-3.831884,-38.589011,ETUFOR,2022,EPSG: 31984 (SIRGAS 2000 - UTM 24S); Codificação: UTF-8
vw_PontosdeOnibus.fid-5b41923a_19c3ec54e70_ba0,2207,POINT (-38.601471 -3.798163),412,"RUA MARIA JULIA, 1554",-3.798163,-38.601471,ETUFOR,2022,EPSG: 31984 (SIRGAS 2000 - UTM 24S); Codificação: UTF-8
vw_PontosdeOnibus.fid-5b41923a_19c3ec54e70_ba1,2208,POINT (-38.48925 -3.729369),4124,"AVENIDA ANTONIO JUSTA, 3530",-3.729369,-38.48925,ETUFOR,2022,EPSG: 31984 (SIRGAS 2000 - UTM 24S); Codificação: UTF-8
vw_PontosdeOnibus.fid-5b41923a_19c3ec54e70_ba2,2209,POINT (-38.486911 -3.733693),4125,"RUA REPUBLICA DO LIBANO, 1435",-3.733693,-38.486911,ETUFOR,2022,EPSG: 31984 (SIRGAS 2000 - UTM 24S); Codificação: UTF-8
vw_PontosdeOnibus.fid-5b41923a_19c3ec54e70_ba3,2210,POINT (-38.485112 -3.729001),4126,"RUA MANUEL JESUINO, 420",-3.729001,-38.485112,ETUFOR,2022,EPSG: 31984 (SIRGAS 2000 - UTM 24S); Codificação: UTF-8
vw_PontosdeOnibus.fid-5b41923a_19c3ec54e70_ba4,2211,POINT (-38.483193 -3.729891),4127,"RUA JAI VASCONCELOS, 460",-3.729891,-38.483193,ETUFOR,2022,EPSG: 31984 (SIRGAS 2000 - UTM 24S); Codificação: UTF-8
vw_PontosdeOnibus.fid-5b41923a_19c3ec54e70_ba5,2212,POINT (-38.597572 -3.795633),413,"RUA BOM JESUS, 422",-3.795633,-38.597572,ETUFOR,2022,EPSG: 31984 (SIRGAS 2000 - UTM 24S); Codificação: UTF-8
vw_PontosdeOnibus.fid-5b41923a_19c3ec54e70_ba6,2213,POINT (-38.600171 -3.713003),4130,"RUA GAMA, 500",-3.713003,-38.600171,ETUFOR,2022,EPSG: 31984 (SIRGAS 2000 - UTM 24S); Codificação: UTF-8
vw_PontosdeOnibus.fid-5b41923a_19c3ec54e70_ba7,2214,POINT (-38.603543 -3.713391),4135,"RUA BETA, 332",-3.713391,-38.603543,ETUFOR,2022,EPSG: 31984 (SIRGAS 2000 - UTM 24S); Codificação: UTF-8
vw_PontosdeOnibus.fid-5b41923a_19c3ec54e70_ba8,2215,POINT (-38.604906 -3.718306),4138,"RUA SANTA CECÍLIA, 100",-3.718306,-38.604906,ETUFOR,2022,EPSG: 31984 (SIRGAS 2000 - UTM 24S); Codificação: UTF-8
vw_PontosdeOnibus.fid-5b41923a_19c3ec54e70_ba9,2216,POINT (-38.60686 -3.718409),4139,"AVENIDA MAJOR ASSIS, 3164",-3.718409,-38.60686,ETUFOR,2022,EPSG: 31984 (SIRGAS 2000 - UTM 24S); Codificação: UTF-8
vw_PontosdeOnibus.fid-5b41923a_19c3ec54e70_baa,2217,POINT (-38.599135 -3.795116),414,"RUA BOM JESUS, 579",-3.795116,-38.599135,ETUFOR,2022,EPSG: 31984 (SIRGAS 2000 - UTM 24S); Codificação: UTF-8
vw_PontosdeOnibus.fid-5b41923a_19c3ec54e70_bab,2218,POINT (-38.607901 -3.718311),4140,"RUA DOS VOLUNTÁRIOS, 1038",-3.718311,-38.607901,ETUFOR,2022,EPSG: 31984 (SIRGAS 2000 - UTM 24S); Codificação: UTF-8
vw_PontosdeOnibus.fid-5b41923a_19c3ec54e70_bac,2219,POINT (-38.60813 -3.719157),4141,"RUA RAIMUNDO CUNHA, 1432",-3.719157,-38.60813,ETUFOR,2022,EPSG: 31984 (SIRGAS 2000 - UTM 24S); Codificação: UTF-8
vw_PontosdeOnibus.fid-5b41923a_19c3ec54e70_bad,2220,POINT (-38.606659 -3.719982),4142,"RUA RAIMUNDO CUNHA, 1263",-3.719982,-38.606659,ETUFOR,2022,EPSG: 31984 (SIRGAS 2000 - UTM 24S); Codificação: UTF-8
vw_PontosdeOnibus.fid-5b41923a_19c3ec54e70_bae,2221,POINT (-38.605696 -3.719028),4143,"AVENIDA MAJOR ASSIS, 3024",-3.719028,-38.605696,ETUFOR,2022,EPSG: 31984 (SIRGAS 2000 - UTM 24S); Codificação: UTF-8
vw_PontosdeOnibus.fid-5b41923a_19c3ec54e70_baf,2222,POINT (-38.501072 -3.794608),4146,"AVENIDA DES GONZAGA, 758",-3.794608,-38.501072,ETUFOR,2022,EPSG: 31984 (SIRGAS 2000 - UTM 24S); Codificação: UTF-8
vw_PontosdeOnibus.fid-5b41923a_19c3ec54e70_bb0,2223,POINT (-38.502626 -3.791471),4148,"AVENIDA DES GONZAGA, 532",-3.791471,-38.502626,ETUFOR,2022,EPSG: 31984 (SIRGAS 2000 - UTM 24S); Codificação: UTF-8
vw_PontosdeOnibus.fid-5b41923a_19c3ec54e70_bb1,2224,POINT (-38.497712 -3.796178),4149,"AVENIDA OLIVEIRA PAIVA, 922",-3.796178,-38.497712,ETUFOR,2022,EPSG: 31984 (SIRGAS 2000 - UTM 24S); Codificação: UTF-8
vw_PontosdeOnibus.fid-5b41923a_19c3ec54e70_bb2,2225,POINT (-38.599736 -3.794921),415,"RUA BOM JESUS, 646",-3.794921,-38.599736,ETUFOR,2022,EPSG: 31984 (SIRGAS 2000 - UTM 24S); Codificação: UTF-8
vw_PontosdeOnibus.fid-5b41923a_19c3ec54e70_bb3,2226,POINT (-38.494002 -3.795481),4151,"AVENIDA OLIVEIRA PAIVA, 1405",-3.795481,-38.494002,ETUFOR,2022,EPSG: 31984 (SIRGAS 2000 - UTM 24S); Codificação: UTF-8
vw_PontosdeOnibus.fid-5b41923a_19c3ec54e70_bb4,2227,POINT (-38.582514 -3.76838),4152,"RUA PORTO VELHO, 208",-3.76838,-38.582514,ETUFOR,2022,EPSG: 31984 (SIRGAS 2000 - UTM 24S); Codificação: UTF-8
vw_PontosdeOnibus.fid-5b41923a_19c3ec54e70_bb5,2228,POINT (-38.582798 -3.76823),4153,"RUA PORTO VELHO, 229",-3.76823,-38.582798,ETUFOR,2022,EPSG: 31984 (SIRGAS 2000 - UTM 24S); Codificação: UTF-8
vw_PontosdeOnibus.fid-5b41923a_19c3ec54e70_bb6,2229,POINT (-38.58714 -3.765908),4155,"RUA PORTO VELHO, 762",-3.765908,-38.58714,ETUFOR,2022,EPSG: 31984 (SIRGAS 2000 - UTM 24S); Codificação: UTF-8
vw_PontosdeOnibus.fid-5b41923a_19c3ec54e70_bb7,2230,POINT (-38.589061 -3.764884),4156,"RUA PORTO VELHO, 980",-3.764884,-38.589061,ETUFOR,2022,EPSG: 31984 (SIRGAS 2000 - UTM 24S); Codificação: UTF-8
vw_PontosdeOnibus.fid-5b41923a_19c3ec54e70_bb8,2231,POINT (-38.589457 -3.764667),4157,"RUA PORTO VELHO, 1001",-3.764667,-38.589457,ETUFOR,2022,EPSG: 31984 (SIRGAS 2000 - UTM 24S); Codificação: UTF-8
vw_PontosdeOnibus.fid-5b41923a_19c3ec54e70_bb9,2232,POINT (-38.578051 -3.770796),4158,"RUA ALUISIO AZEVEDO, 584",-3.770796,-38.578051,ETUFOR,2022,EPSG: 31984 (SIRGAS 2000 - UTM 24S); Codificação: UTF-8
vw_PontosdeOnibus.fid-5b41923a_19c3ec54e70_bba,2233,POINT (-38.577812 -3.770924),4159,"RUA ALUISIO AZEVEDO, 537",-3.770924,-38.577812,ETUFOR,2022,EPSG: 31984 (SIRGAS 2000 - UTM 24S); Codificação: UTF-8
vw_PontosdeOnibus.fid-5b41923a_19c3ec54e70_bbb,2234,POINT (-38.574182 -3.772872),4160,"RUA AGUAPE, 120",-3.772872,-38.574182,ETUFOR,2022,EPSG: 31984 (SIRGAS 2000 - UTM 24S); Codificação: UTF-8
vw_PontosdeOnibus.fid-5b41923a_19c3ec54e70_bbc,2235,POINT (-38.574097 -3.772916),4161,"RUA ALUISIO AZEVEDO, 87",-3.772916,-38.574097,ETUFOR,2022,EPSG: 31984 (SIRGAS 2000 - UTM 24S); Codificação: UTF-8
vw_PontosdeOnibus.fid-5b41923a_19c3ec54e70_bbd,2236,POINT (-38.577726 -3.767487),4162,"AVENIDA LINEU MACHADO, 920",-3.767487,-38.577726,ETUFOR,2022,EPSG: 31984 (SIRGAS 2000 - UTM 24S); Codificação: UTF-8
vw_PontosdeOnibus.fid-5b41923a_19c3ec54e70_bbe,2237,POINT (-38.57799 -3.767965),4163,"AVENIDA LINEU MACHADO, 850",-3.767965,-38.57799,ETUFOR,2022,EPSG: 31984 (SIRGAS 2000 - UTM 24S); Codificação: UTF-8
vw_PontosdeOnibus.fid-5b41923a_19c3ec54e70_bbf,2238,POINT (-38.531502 -3.815963),4164,"AVENIDA PADRIA ESPIRITUAL, 3764",-3.815963,-38.531502,ETUFOR,2022,EPSG: 31984 (SIRGAS 2000 - UTM 24S); Codificação: UTF-8
vw_PontosdeOnibus.fid-5b41923a_19c3ec54e70_bc0,2239,POINT (-38.523452 -3.816938),4173,"RUA AMANCIO PEREIRA, 893",-3.816938,-38.523452,ETUFOR,2022,EPSG: 31984 (SIRGAS 2000 - UTM 24S); Codificação: UTF-8
vw_PontosdeOnibus.fid-5b41923a_19c3ec54e70_bc1,2240,POINT (-38.523395 -3.816732),4174,"RUA AMANCIO PEREIRA, 891",-3.816732,-38.523395,ETUFOR,2022,EPSG: 31984 (SIRGAS 2000 - UTM 24S); Codificação: UTF-8
vw_PontosdeOnibus.fid-5b41923a_19c3ec54e70_bc2,2241,POINT (-38.513424 -3.811578),4175,"AVENIDA PAULINO ROCHA, 1810",-3.811578,-38.513424,ETUFOR,2022,EPSG: 31984 (SIRGAS 2000 - UTM 24S); Codificação: UTF-8
vw_PontosdeOnibus.fid-5b41923a_19c3ec54e70_bc3,2242,POINT (-38.53471 -3.821712),4176,"RUA MARINHO E SILVA, 40",-3.821712,-38.53471,ETUFOR,2022,EPSG: 31984 (SIRGAS 2000 - UTM 24S); Codificação: UTF-8
vw_PontosdeOnibus.fid-5b41923a_19c3ec54e70_bc4,2243,POINT (-38.532628 -3.82207),4177,"RUA 1 PLANALTO ITAPERI, 20",-3.82207,-38.532628,ETUFOR,2022,EPSG: 31984 (SIRGAS 2000 - UTM 24S); Codificação: UTF-8
vw_PontosdeOnibus.fid-5b41923a_19c3ec54e70_bc5,2244,POINT (-38.53079 -3.819432),4178,"RUA 10 JD CASTELAO, 309",-3.819432,-38.53079,ETUFOR,2022,EPSG: 31984 (SIRGAS 2000 - UTM 24S); Codificação: UTF-8
vw_PontosdeOnibus.fid-5b41923a_19c3ec54e70_bc6,2245,POINT (-38.530127 -3.81736),4179,"RUA 10 JD CASTELAO, 16",-3.81736,-38.530127,ETUFOR,2022,EPSG: 31984 (SIRGAS 2000 - UTM 24S); Codificação: UTF-8
vw_PontosdeOnibus.fid-5b41923a_19c3ec54e70_bc7,2246,POINT (-38.599421 -3.791151),418,"AVENIDA OSCAR ARARIPE, 854",-3.791151,-38.599421,ETUFOR,2022,EPSG: 31984 (SIRGAS 2000 - UTM 24S); Codificação: UTF-8
vw_PontosdeOnibus.fid-5b41923a_19c3ec54e70_bc8,2247,POINT (-38.530175 -3.817512),4180,"RUA 10 JD CASTELAO, 23",-3.817512,-38.530175,ETUFOR,2022,EPSG: 31984 (SIRGAS 2000 - UTM 24S); Codificação: UTF-8
vw_PontosdeOnibus.fid-5b41923a_19c3ec54e70_bc9,2248,POINT (-38.527798 -3.81724),4181,"RUA N/BARROSO II, SN",-3.81724,-38.527798,ETUFOR,2022,EPSG: 31984 (SIRGAS 2000 - UTM 24S); Codificação: UTF-8
vw_PontosdeOnibus.fid-5b41923a_19c3ec54e70_bca,2249,POINT (-38.524887 -3.818144),4182,"RUA CRISTAIS PAULISTA, 999",-3.818144,-38.524887,ETUFOR,2022,EPSG: 31984 (SIRGAS 2000 - UTM 24S); Codificação: UTF-8
vw_PontosdeOnibus.fid-5b41923a_19c3ec54e70_bcb,2250,POINT (-38.492377 -3.773416),4183,"RUA LUIZA MIRANDA COELHO, 511",-3.773416,-38.492377,ETUFOR,2022,EPSG: 31984 (SIRGAS 2000 - UTM 24S); Codificação: UTF-8
vw_PontosdeOnibus.fid-5b41923a_19c3ec54e70_bcc,2251,POINT (-38.492542 -3.773367),4184,"RUA LUIZA MIRANDA COELHO, 470",-3.773367,-38.492542,ETUFOR,2022,EPSG: 31984 (SIRGAS 2000 - UTM 24S); Codificação: UTF-8
vw_PontosdeOnibus.fid-5b41923a_19c3ec54e70_bcd,2252,POINT (-38.486495 -3.775159),4185,"RUA LUIZA MIRANDA COELHO, 1139",-3.775159,-38.486495,ETUFOR,2022,EPSG: 31984 (SIRGAS 2000 - UTM 24S); Codificação: UTF-8
vw_PontosdeOnibus.fid-5b41923a_19c3ec54e70_bce,2253,POINT (-38.484753 -3.773778),4186,"RUA CAIO CID, 350",-3.773778,-38.484753,ETUFOR,2022,EPSG: 31984 (SIRGAS 2000 - UTM 24S); Codificação: UTF-8
vw_PontosdeOnibus.fid-5b41923a_19c3ec54e70_bcf,2254,POINT (-38.482082 -3.773125),4188,"AVENIDA WASHINGTON SOARES, SN",-3.773125,-38.482082,ETUFOR,2022,EPSG: 31984 (SIRGAS 2000 - UTM 24S); Codificação: UTF-8
vw_PontosdeOnibus.fid-5b41923a_19c3ec54e70_bd0,2255,POINT (-38.480744 -3.771399),4189,"AVENIDA VALMIR PONTES, SN",-3.771399,-38.480744,ETUFOR,2022,EPSG: 31984 (SIRGAS 2000 - UTM 24S); Codificação: UTF-8
vw_PontosdeOnibus.fid-5b41923a_19c3ec54e70_bd1,2256,POINT (-38.479216 -3.771257),4190,"AVENIDA VALMIR PONTES, SN",-3.771257,-38.479216,ETUFOR,2022,EPSG: 31984 (SIRGAS 2000 - UTM 24S); Codificação: UTF-8
vw_PontosdeOnibus.fid-5b41923a_19c3ec54e70_bd2,2257,POINT (-38.480677 -3.772679),4192,"RUA DES FLORIANO BENEVIDES, SN",-3.772679,-38.480677,ETUFOR,2022,EPSG: 31984 (SIRGAS 2000 - UTM 24S); Codificação: UTF-8
vw_PontosdeOnibus.fid-5b41923a_19c3ec54e70_bd3,2258,POINT (-38.474068 -3.771409),4193,"RUA COMERCIO    (D57), 41",-3.771409,-38.474068,ETUFOR,2022,EPSG: 31984 (SIRGAS 2000 - UTM 24S); Codificação: UTF-8
vw_PontosdeOnibus.fid-5b41923a_19c3ec54e70_bd4,2259,POINT (-38.492188 -3.770468),4194,"RUA REV BOLIVAR P BANDEIRA, 50",-3.770468,-38.492188,ETUFOR,2022,EPSG: 31984 (SIRGAS 2000 - UTM 24S); Codificação: UTF-8
vw_PontosdeOnibus.fid-5b41923a_19c3ec54e70_bd5,2260,POINT (-38.493486 -3.77083),4195,"RUA DORALICE COSTA, 297",-3.77083,-38.493486,ETUFOR,2022,EPSG: 31984 (SIRGAS 2000 - UTM 24S); Codificação: UTF-8
vw_PontosdeOnibus.fid-5b41923a_19c3ec54e70_bd6,2261,POINT (-38.492888 -3.772453),4196,"RUA REV BOLIVAR P BANDEIRA, 170",-3.772453,-38.492888,ETUFOR,2022,EPSG: 31984 (SIRGAS 2000 - UTM 24S); Codificação: UTF-8
vw_PontosdeOnibus.fid-5b41923a_19c3ec54e70_bd7,2262,POINT (-38.492944 -3.772601),4197,"RUA REV BOLIVAR P BANDEIRA, 186",-3.772601,-38.492944,ETUFOR,2022,EPSG: 31984 (SIRGAS 2000 - UTM 24S); Codificação: UTF-8
vw_PontosdeOnibus.fid-5b41923a_19c3ec54e70_bd8,2263,POINT (-38.462824 -3.774121),4199,"RUA CIDADE ECOLOGICA, 810",-3.774121,-38.462824,ETUFOR,2022,EPSG: 31984 (SIRGAS 2000 - UTM 24S); Codificação: UTF-8
vw_PontosdeOnibus.fid-5b41923a_19c3ec54e70_bd9,2264,POINT (-38.579961 -3.706068),42,"RUA SEN ROBERT  KENNEDY, 666-A",-3.706068,-38.579961,ETUFOR,2022,EPSG: 31984 (SIRGAS 2000 - UTM 24S); Codificação: UTF-8
vw_PontosdeOnibus.fid-5b41923a_19c3ec54e70_bda,2265,POINT (-38.481549 -3.829062),4201,"RUA JOSE BELCHIOR, 535",-3.829062,-38.481549,ETUFOR,2022,EPSG: 31984 (SIRGAS 2000 - UTM 24S); Codificação: UTF-8
vw_PontosdeOnibus.fid-5b41923a_19c3ec54e70_bdb,2266,POINT (-38.448913 -3.808401),4203,"AVENIDA RECREIO, 370",-3.808401,-38.448913,ETUFOR,2022,EPSG: 31984 (SIRGAS 2000 - UTM 24S); Codificação: UTF-8
vw_PontosdeOnibus.fid-5b41923a_19c3ec54e70_bdc,2267,POINT (-38.4649 -3.828483),4206,"RUA MORINI BIG TORGAN, 173",-3.828483,-38.4649,ETUFOR,2022,EPSG: 31984 (SIRGAS 2000 - UTM 24S); Codificação: UTF-8
vw_PontosdeOnibus.fid-5b41923a_19c3ec54e70_bdd,2268,POINT (-38.465381 -3.829074),4207,"RUA ENG DIOGO VITAL CRUZ, 389",-3.829074,-38.465381,ETUFOR,2022,EPSG: 31984 (SIRGAS 2000 - UTM 24S); Codificação: UTF-8
vw_PontosdeOnibus.fid-5b41923a_19c3ec54e70_bde,2269,POINT (-38.464517 -3.829571),4208,"RUA JOSÉ EUCLIDES FERREIRA GOMES, 110",-3.829571,-38.464517,ETUFOR,2022,EPSG: 31984 (SIRGAS 2000 - UTM 24S); Codificação: UTF-8
vw_PontosdeOnibus.fid-5b41923a_19c3ec54e70_bdf,2270,POINT (-38.461939 -3.83182),4209,"RUA NELSON COELHO, 775",-3.83182,-38.461939,ETUFOR,2022,EPSG: 31984 (SIRGAS 2000 - UTM 24S); Codificação: UTF-8
vw_PontosdeOnibus.fid-5b41923a_19c3ec54e70_be0,2271,POINT (-38.596286 -3.792159),421,"AVENIDA OSCAR ARARIPE, 553 A",-3.792159,-38.596286,ETUFOR,2022,EPSG: 31984 (SIRGAS 2000 - UTM 24S); Codificação: UTF-8
vw_PontosdeOnibus.fid-5b41923a_19c3ec54e70_be1,2272,POINT (-38.58106 -3.790791),4211,"RUA COM GARCIA, 698",-3.790791,-38.58106,ETUFOR,2022,EPSG: 31984 (SIRGAS 2000 - UTM 24S); Codificação: UTF-8
vw_PontosdeOnibus.fid-5b41923a_19c3ec54e70_be2,2273,POINT (-38.580912 -3.790634),4212,"RUA COM GARCIA, 698",-3.790634,-38.580912,ETUFOR,2022,EPSG: 31984 (SIRGAS 2000 - UTM 24S); Codificação: UTF-8
vw_PontosdeOnibus.fid-5b41923a_19c3ec54e70_be3,2274,POINT (-38.582373 -3.792232),4213,"RUA COM GARCIA, 919",-3.792232,-38.582373,ETUFOR,2022,EPSG: 31984 (SIRGAS 2000 - UTM 24S); Codificação: UTF-8
vw_PontosdeOnibus.fid-5b41923a_19c3ec54e70_be4,2275,POINT (-38.583648 -3.793645),4214,"RUA COM GARCIA, 1133",-3.793645,-38.583648,ETUFOR,2022,EPSG: 31984 (SIRGAS 2000 - UTM 24S); Codificação: UTF-8
vw_PontosdeOnibus.fid-5b41923a_19c3ec54e70_be5,2276,POINT (-38.586528 -3.796832),4215,"RUA COM GARCIA, 1596",-3.796832,-38.586528,ETUFOR,2022,EPSG: 31984 (SIRGAS 2000 - UTM 24S); Codificação: UTF-8
vw_PontosdeOnibus.fid-5b41923a_19c3ec54e70_be6,2277,POINT (-38.586667 -3.796985),4216,"RUA COM GARCIA, 1600",-3.796985,-38.586667,ETUFOR,2022,EPSG: 31984 (SIRGAS 2000 - UTM 24S); Codificação: UTF-8
vw_PontosdeOnibus.fid-5b41923a_19c3ec54e70_be7,2278,POINT (-38.582888 -3.799534),4219,"RUA PDE ARIMATEIA, 512",-3.799534,-38.582888,ETUFOR,2022,EPSG: 31984 (SIRGAS 2000 - UTM 24S); Codificação: UTF-8
vw_PontosdeOnibus.fid-5b41923a_19c3ec54e70_be8,2279,POINT (-38.582878 -3.799305),4220,"RUA PDE ARIMATEIA, 512",-3.799305,-38.582878,ETUFOR,2022,EPSG: 31984 (SIRGAS 2000 - UTM 24S); Codificação: UTF-8
vw_PontosdeOnibus.fid-5b41923a_19c3ec54e70_be9,2280,POINT (-38.581228 -3.796425),4223,"RUA SAO MANUEL, 1940",-3.796425,-38.581228,ETUFOR,2022,EPSG: 31984 (SIRGAS 2000 - UTM 24S); Codificação: UTF-8
vw_PontosdeOnibus.fid-5b41923a_19c3ec54e70_bea,2281,POINT (-38.580996 -3.796436),4224,"RUA SAO MANUEL, 1939",-3.796436,-38.580996,ETUFOR,2022,EPSG: 31984 (SIRGAS 2000 - UTM 24S); Codificação: UTF-8
vw_PontosdeOnibus.fid-5b41923a_19c3ec54e70_beb,2282,POINT (-38.57879 -3.799071),4226,"RUA AMERICO ROCHA LIMA, 446",-3.799071,-38.57879,ETUFOR,2022,EPSG: 31984 (SIRGAS 2000 - UTM 24S); Codificação: UTF-8
vw_PontosdeOnibus.fid-5b41923a_19c3ec54e70_bec,2283,POINT (-38.579016 -3.799062),4227,"RUA AMERICO ROCHA LIMA, 465",-3.799062,-38.579016,ETUFOR,2022,EPSG: 31984 (SIRGAS 2000 - UTM 24S); Codificação: UTF-8
vw_PontosdeOnibus.fid-5b41923a_19c3ec54e70_bed,2284,POINT (-38.585069 -3.798033),4228,"RUA STA LIDUINA, 38",-3.798033,-38.585069,ETUFOR,2022,EPSG: 31984 (SIRGAS 2000 - UTM 24S); Codificação: UTF-8
vw_PontosdeOnibus.fid-5b41923a_19c3ec54e70_bee,2285,POINT (-38.576291 -3.80073),4229,"RUA JOAO AREAS, 1276",-3.80073,-38.576291,ETUFOR,2022,EPSG: 31984 (SIRGAS 2000 - UTM 24S); Codificação: UTF-8
vw_PontosdeOnibus.fid-5b41923a_19c3ec54e70_bef,2286,POINT (-38.594099 -3.79116),423,"RUA VICENTE PINHEIRO, 518",-3.79116,-38.594099,ETUFOR,2022,EPSG: 31984 (SIRGAS 2000 - UTM 24S); Codificação: UTF-8
vw_PontosdeOnibus.fid-5b41923a_19c3ec54e70_bf0,2287,POINT (-38.576303 -3.801343),4230,"RUA JOAO AREAS, 1336",-3.801343,-38.576303,ETUFOR,2022,EPSG: 31984 (SIRGAS 2000 - UTM 24S); Codificação: UTF-8
vw_PontosdeOnibus.fid-5b41923a_19c3ec54e70_bf1,2288,POINT (-38.578149 -3.791216),4233,"RUA STA CATARINA, 108",-3.791216,-38.578149,ETUFOR,2022,EPSG: 31984 (SIRGAS 2000 - UTM 24S); Codificação: UTF-8
vw_PontosdeOnibus.fid-5b41923a_19c3ec54e70_bf2,2289,POINT (-38.577042 -3.791257),4234,"RUA DELTA, 306",-3.791257,-38.577042,ETUFOR,2022,EPSG: 31984 (SIRGAS 2000 - UTM 24S); Codificação: UTF-8
vw_PontosdeOnibus.fid-5b41923a_19c3ec54e70_bf3,2290,POINT (-38.578234 -3.793338),4235,"RUA STA CATARINA, 339",-3.793338,-38.578234,ETUFOR,2022,EPSG: 31984 (SIRGAS 2000 - UTM 24S); Codificação: UTF-8
vw_PontosdeOnibus.fid-5b41923a_19c3ec54e70_bf4,2291,POINT (-38.578309 -3.795433),4236,"RUA STA CATARINA, 641",-3.795433,-38.578309,ETUFOR,2022,EPSG: 31984 (SIRGAS 2000 - UTM 24S); Codificação: UTF-8
vw_PontosdeOnibus.fid-5b41923a_19c3ec54e70_bf5,2292,POINT (-38.590722 -3.793171),424,"AVENIDA DES FROTA    (D71), 4130",-3.793171,-38.590722,ETUFOR,2022,EPSG: 31984 (SIRGAS 2000 - UTM 24S); Codificação: UTF-8
vw_PontosdeOnibus.fid-5b41923a_19c3ec54e70_bf6,2293,POINT (-38.582628 -3.800714),4240,"RUA CREUSA ROQUE, 768",-3.800714,-38.582628,ETUFOR,2022,EPSG: 31984 (SIRGAS 2000 - UTM 24S); Codificação: UTF-8
vw_PontosdeOnibus.fid-5b41923a_19c3ec54e70_bf7,2294,POINT (-38.582469 -3.800722),4241,"RUA CREUSA ROQUE, 789",-3.800722,-38.582469,ETUFOR,2022,EPSG: 31984 (SIRGAS 2000 - UTM 24S); Codificação: UTF-8
vw_PontosdeOnibus.fid-5b41923a_19c3ec54e70_bf8,2295,POINT (-38.580704 -3.800524),4242,"RUA MAJ MONTENEGRO, 839",-3.800524,-38.580704,ETUFOR,2022,EPSG: 31984 (SIRGAS 2000 - UTM 24S); Codificação: UTF-8
vw_PontosdeOnibus.fid-5b41923a_19c3ec54e70_bf9,2296,POINT (-38.580697 -3.800361),4243,"RUA MAJ MONTENEGRO, 839",-3.800361,-38.580697,ETUFOR,2022,EPSG: 31984 (SIRGAS 2000 - UTM 24S); Codificação: UTF-8
vw_PontosdeOnibus.fid-5b41923a_19c3ec54e70_bfa,2297,POINT (-38.5899 -3.704048),4244,"AVENIDA FRANCISCO SA, 7867",-3.704048,-38.5899,ETUFOR,2022,EPSG: 31984 (SIRGAS 2000 - UTM 24S); Codificação: UTF-8
vw_PontosdeOnibus.fid-5b41923a_19c3ec54e70_bfb,2298,POINT (-38.590105 -3.703925),4245,"AVENIDA FRANCISCO SA, 7881",-3.703925,-38.590105,ETUFOR,2022,EPSG: 31984 (SIRGAS 2000 - UTM 24S); Codificação: UTF-8
vw_PontosdeOnibus.fid-5b41923a_19c3ec54e70_bfc,2299,POINT (-38.588132 -3.70511),4246,"AVENIDA FRANCISCO SA, 7780",-3.70511,-38.588132,ETUFOR,2022,EPSG: 31984 (SIRGAS 2000 - UTM 24S); Codificação: UTF-8
vw_PontosdeOnibus.fid-5b41923a_19c3ec54e70_bfd,2300,POINT (-38.557352 -3.717402),4247,"AVENIDA FRANCISCO SA, 3636",-3.717402,-38.557352,ETUFOR,2022,EPSG: 31984 (SIRGAS 2000 - UTM 24S); Codificação: UTF-8
vw_PontosdeOnibus.fid-5b41923a_19c3ec54e70_bfe,2301,POINT (-38.554862 -3.718239),4248,"AVENIDA FRANCISCO SA, SN",-3.718239,-38.554862,ETUFOR,2022,EPSG: 31984 (SIRGAS 2000 - UTM 24S); Codificação: UTF-8
vw_PontosdeOnibus.fid-5b41923a_19c3ec54e70_bff,2302,POINT (-38.590989 -3.793213),425,"AVENIDA GAL OSORIO DE PAIVA, 3632",-3.793213,-38.590989,ETUFOR,2022,EPSG: 31984 (SIRGAS 2000 - UTM 24S); Codificação: UTF-8
vw_PontosdeOnibus.fid-5b41923a_19c3ec54e70_c00,2303,POINT (-38.537737 -3.723803),4251,"RUA GUILHERME ROCHA, 1342",-3.723803,-38.537737,ETUFOR,2022,EPSG: 31984 (SIRGAS 2000 - UTM 24S); Codificação: UTF-8
vw_PontosdeOnibus.fid-5b41923a_19c3ec54e70_c01,2304,POINT (-38.551437 -3.722632),4252,"RUA NAT FEIJO, 289",-3.722632,-38.551437,ETUFOR,2022,EPSG: 31984 (SIRGAS 2000 - UTM 24S); Codificação: UTF-8
vw_PontosdeOnibus.fid-5b41923a_19c3ec54e70_c02,2305,POINT (-38.545676 -3.714746),4255,"AVENIDA PRES CASTELO BRANCO, SN",-3.714746,-38.545676,ETUFOR,2022,EPSG: 31984 (SIRGAS 2000 - UTM 24S); Codificação: UTF-8
vw_PontosdeOnibus.fid-5b41923a_19c3ec54e70_c03,2306,POINT (-38.556842 -3.711635),4256,"RUA PRS CASTELO BRANCO, 693",-3.711635,-38.556842,ETUFOR,2022,EPSG: 31984 (SIRGAS 2000 - UTM 24S); Codificação: UTF-8
vw_PontosdeOnibus.fid-5b41923a_19c3ec54e70_c04,2307,POINT (-38.581938 -3.702649),4257,"AVENIDA PRS CASTELO BRANCO, 5738",-3.702649,-38.581938,ETUFOR,2022,EPSG: 31984 (SIRGAS 2000 - UTM 24S); Codificação: UTF-8
vw_PontosdeOnibus.fid-5b41923a_19c3ec54e70_c05,2308,POINT (-38.585853 -3.737602),4258,"TRAVESSA DOR CATUNDA GONDIM, 27",-3.737602,-38.585853,ETUFOR,2022,EPSG: 31984 (SIRGAS 2000 - UTM 24S); Codificação: UTF-8
vw_PontosdeOnibus.fid-5b41923a_19c3ec54e70_c06,2309,POINT (-38.596238 -3.744215),4260,"RUA HIPOLITO PAMPLONA, 328",-3.744215,-38.596238,ETUFOR,2022,EPSG: 31984 (SIRGAS 2000 - UTM 24S); Codificação: UTF-8
vw_PontosdeOnibus.fid-5b41923a_19c3ec54e70_c07,2310,POINT (-38.581682 -3.81723),4261,"RUA TRÊS PLANALTO MONDUBIM, 445",-3.81723,-38.581682,ETUFOR,2022,EPSG: 31984 (SIRGAS 2000 - UTM 24S); Codificação: UTF-8
vw_PontosdeOnibus.fid-5b41923a_19c3ec54e70_c08,2311,POINT (-38.589351 -3.829658),4263,"RUA C/CJ HAB ARACAPÉ, 462",-3.829658,-38.589351,ETUFOR,2022,EPSG: 31984 (SIRGAS 2000 - UTM 24S); Codificação: UTF-8
vw_PontosdeOnibus.fid-5b41923a_19c3ec54e70_c09,2312,POINT (-38.58785 -3.830792),4264,"RUA C/CJ HAB ARACAPÉ, 198",-3.830792,-38.58785,ETUFOR,2022,EPSG: 31984 (SIRGAS 2000 - UTM 24S); Codificação: UTF-8
vw_PontosdeOnibus.fid-5b41923a_19c3ec54e70_c0a,2313,POINT (-38.586906 -3.831483),4265,"RUA C/CJ HAB ARACAPÉ, 438",-3.831483,-38.586906,ETUFOR,2022,EPSG: 31984 (SIRGAS 2000 - UTM 24S); Codificação: UTF-8
vw_PontosdeOnibus.fid-5b41923a_19c3ec54e70_c0b,2314,POINT (-38.587055 -3.83407),4269,"RUA NSA. APARECIDA, 10",-3.83407,-38.587055,ETUFOR,2022,EPSG: 31984 (SIRGAS 2000 - UTM 24S); Codificação: UTF-8
vw_PontosdeOnibus.fid-5b41923a_19c3ec54e70_c0c,2315,POINT (-38.592323 -3.793469),427,"AVENIDA OSCAR ARARIPE, 113 D",-3.793469,-38.592323,ETUFOR,2022,EPSG: 31984 (SIRGAS 2000 - UTM 24S); Codificação: UTF-8
vw_PontosdeOnibus.fid-5b41923a_19c3ec54e70_c0d,2316,POINT (-38.587324 -3.834415),4270,"RUA NSA. APARECIDA, 4013",-3.834415,-38.587324,ETUFOR,2022,EPSG: 31984 (SIRGAS 2000 - UTM 24S); Codificação: UTF-8
vw_PontosdeOnibus.fid-5b41923a_19c3ec54e70_c0e,2317,POINT (-38.58813 -3.835416),4271,"RUA NSA. APARECIDA, 260",-3.835416,-38.58813,ETUFOR,2022,EPSG: 31984 (SIRGAS 2000 - UTM 24S); Codificação: UTF-8
vw_PontosdeOnibus.fid-5b41923a_19c3ec54e70_c0f,2318,POINT (-38.588031 -3.83528),4272,"RUA NSA. APARECIDA, 370",-3.83528,-38.588031,ETUFOR,2022,EPSG: 31984 (SIRGAS 2000 - UTM 24S); Codificação: UTF-8
vw_PontosdeOnibus.fid-5b41923a_19c3ec54e70_c10,2319,POINT (-38.588992 -3.836671),4273,"RUA NSA. APARECIDA, 551",-3.836671,-38.588992,ETUFOR,2022,EPSG: 31984 (SIRGAS 2000 - UTM 24S); Codificação: UTF-8
vw_PontosdeOnibus.fid-5b41923a_19c3ec54e70_c11,2320,POINT (-38.590147 -3.836856),4275,"RUA N/ESPLANADA MONDUBIM, 420",-3.836856,-38.590147,ETUFOR,2022,EPSG: 31984 (SIRGAS 2000 - UTM 24S); Codificação: UTF-8
vw_PontosdeOnibus.fid-5b41923a_19c3ec54e70_c12,2321,POINT (-38.590266 -3.836779),4276,"RUA N/ESPLANADA MONDUBIM, 430",-3.836779,-38.590266,ETUFOR,2022,EPSG: 31984 (SIRGAS 2000 - UTM 24S); Codificação: UTF-8
vw_PontosdeOnibus.fid-5b41923a_19c3ec54e70_c13,2322,POINT (-38.591778 -3.835752),4277,"RUA N/ESPLANADA MONDUBIM, 570",-3.835752,-38.591778,ETUFOR,2022,EPSG: 31984 (SIRGAS 2000 - UTM 24S); Codificação: UTF-8
vw_PontosdeOnibus.fid-5b41923a_19c3ec54e70_c14,2323,POINT (-38.591904 -3.835664),4278,"RUA N/ESPLANADA MONDUBIM, 641",-3.835664,-38.591904,ETUFOR,2022,EPSG: 31984 (SIRGAS 2000 - UTM 24S); Codificação: UTF-8
vw_PontosdeOnibus.fid-5b41923a_19c3ec54e70_c15,2324,POINT (-38.592713 -3.834163),4279,"RUA RUA JUANEIRO SALES, 428",-3.834163,-38.592713,ETUFOR,2022,EPSG: 31984 (SIRGAS 2000 - UTM 24S); Codificação: UTF-8
vw_PontosdeOnibus.fid-5b41923a_19c3ec54e70_c16,2325,POINT (-38.591396 -3.833724),4280,"RUA 4 DE OUTUBRO, 1418",-3.833724,-38.591396,ETUFOR,2022,EPSG: 31984 (SIRGAS 2000 - UTM 24S); Codificação: UTF-8
vw_PontosdeOnibus.fid-5b41923a_19c3ec54e70_c17,2326,POINT (-38.591196 -3.833865),4281,"RUA 4 DE OUTUBRO, 1410",-3.833865,-38.591196,ETUFOR,2022,EPSG: 31984 (SIRGAS 2000 - UTM 24S); Codificação: UTF-8
vw_PontosdeOnibus.fid-5b41923a_19c3ec54e70_c18,2327,POINT (-38.592585 -3.83397),4282,"RUA C/ESPLANADA MONDUBIM, 465",-3.83397,-38.592585,ETUFOR,2022,EPSG: 31984 (SIRGAS 2000 - UTM 24S); Codificação: UTF-8
vw_PontosdeOnibus.fid-5b41923a_19c3ec54e70_c19,2328,POINT (-38.58926 -3.835298),4283,"RUA 4 DE OUTUBRO, 1254",-3.835298,-38.58926,ETUFOR,2022,EPSG: 31984 (SIRGAS 2000 - UTM 24S); Codificação: UTF-8
vw_PontosdeOnibus.fid-5b41923a_19c3ec54e70_c1a,2329,POINT (-38.589285 -3.83528),4284,"RUA 4 DE OUTUBRO, 1253",-3.83528,-38.589285,ETUFOR,2022,EPSG: 31984 (SIRGAS 2000 - UTM 24S); Codificação: UTF-8
vw_PontosdeOnibus.fid-5b41923a_19c3ec54e70_c1b,2330,POINT (-38.587263 -3.833313),4285,"AVENIDA MIGUEL ARAGAO, 849",-3.833313,-38.587263,ETUFOR,2022,EPSG: 31984 (SIRGAS 2000 - UTM 24S); Codificação: UTF-8
vw_PontosdeOnibus.fid-5b41923a_19c3ec54e70_c1c,2331,POINT (-38.588597 -3.832337),4286,"AVENIDA MIGUEL ARAGÃO, 1023",-3.832337,-38.588597,ETUFOR,2022,EPSG: 31984 (SIRGAS 2000 - UTM 24S); Codificação: UTF-8
vw_PontosdeOnibus.fid-5b41923a_19c3ec54e70_c1d,2332,POINT (-38.589865 -3.831437),4287,"AVENIDA MIGUEL ARAGAO, SN",-3.831437,-38.589865,ETUFOR,2022,EPSG: 31984 (SIRGAS 2000 - UTM 24S); Codificação: UTF-8
vw_PontosdeOnibus.fid-5b41923a_19c3ec54e70_c1e,2333,POINT (-38.597748 -3.80015),429,"AVENIDA GAL OSORIO DE PAIVA, 4675",-3.80015,-38.597748,ETUFOR,2022,EPSG: 31984 (SIRGAS 2000 - UTM 24S); Codificação: UTF-8
vw_PontosdeOnibus.fid-5b41923a_19c3ec54e70_c1f,2334,POINT (-38.590806 -3.828578),4290,"RUA C/CJ HAB ARACAPÉ, 110",-3.828578,-38.590806,ETUFOR,2022,EPSG: 31984 (SIRGAS 2000 - UTM 24S); Codificação: UTF-8
vw_PontosdeOnibus.fid-5b41923a_19c3ec54e70_c20,2335,POINT (-38.48945 -3.746338),4293,"AVENIDA ENG SANTANA JUNIOR, 2816",-3.746338,-38.48945,ETUFOR,2022,EPSG: 31984 (SIRGAS 2000 - UTM 24S); Codificação: UTF-8
vw_PontosdeOnibus.fid-5b41923a_19c3ec54e70_c21,2336,POINT (-38.481141 -3.737189),4294,"RUA EDUARDO SABOIA, SN",-3.737189,-38.481141,ETUFOR,2022,EPSG: 31984 (SIRGAS 2000 - UTM 24S); Codificação: UTF-8
vw_PontosdeOnibus.fid-5b41923a_19c3ec54e70_c22,2337,POINT (-38.559177 -3.826353),4295,"AVENIDA JOÃO DE ARAÚJO LIMA, SN",-3.826353,-38.559177,ETUFOR,2022,EPSG: 31984 (SIRGAS 2000 - UTM 24S); Codificação: UTF-8
vw_PontosdeOnibus.fid-5b41923a_19c3ec54e70_c23,2338,POINT (-38.541587 -3.769914),4296,"RUA RAUL CABRAL, 300",-3.769914,-38.541587,ETUFOR,2022,EPSG: 31984 (SIRGAS 2000 - UTM 24S); Codificação: UTF-8
vw_PontosdeOnibus.fid-5b41923a_19c3ec54e70_c24,2339,POINT (-38.552626 -3.831351),4299,"AVENIDA I CJ JOSE WALTER, 810",-3.831351,-38.552626,ETUFOR,2022,EPSG: 31984 (SIRGAS 2000 - UTM 24S); Codificação: UTF-8
vw_PontosdeOnibus.fid-5b41923a_19c3ec54e70_c25,2340,POINT (-38.579921 -3.705983),43,"RUA SEN ROBERT  KENNEDY, 630",-3.705983,-38.579921,ETUFOR,2022,EPSG: 31984 (SIRGAS 2000 - UTM 24S); Codificação: UTF-8
vw_PontosdeOnibus.fid-5b41923a_19c3ec54e70_c26,2341,POINT (-38.599447 -3.799591),430,"RUA SÃO FRANCISCO/PQ SANTO AMARO, 204",-3.799591,-38.599447,ETUFOR,2022,EPSG: 31984 (SIRGAS 2000 - UTM 24S); Codificação: UTF-8
vw_PontosdeOnibus.fid-5b41923a_19c3ec54e70_c27,2342,POINT (-38.476582 -3.727068),4304,"AVENIDA AREIA BRANCA, 623",-3.727068,-38.476582,ETUFOR,2022,EPSG: 31984 (SIRGAS 2000 - UTM 24S); Codificação: UTF-8
vw_PontosdeOnibus.fid-5b41923a_19c3ec54e70_c28,2343,POINT (-38.476883 -3.726869),4305,"AVENIDA AREIA BRANCA, 430",-3.726869,-38.476883,ETUFOR,2022,EPSG: 31984 (SIRGAS 2000 - UTM 24S); Codificação: UTF-8
vw_PontosdeOnibus.fid-5b41923a_19c3ec54e70_c29,2344,POINT (-38.463412 -3.72802),4307,"RUA OLIVEIRA FILHO, 1156",-3.72802,-38.463412,ETUFOR,2022,EPSG: 31984 (SIRGAS 2000 - UTM 24S); Codificação: UTF-8
vw_PontosdeOnibus.fid-5b41923a_19c3ec54e70_c2a,2345,POINT (-38.469676 -3.727655),4309,"RUA JOOSIAS PAULO DE SOUZA, SN",-3.727655,-38.469676,ETUFOR,2022,EPSG: 31984 (SIRGAS 2000 - UTM 24S); Codificação: UTF-8
vw_PontosdeOnibus.fid-5b41923a_19c3ec54e70_c2b,2346,POINT (-38.593714 -3.795988),431,"AVENIDA GAL OSORIO DE PAIVA, 4366",-3.795988,-38.593714,ETUFOR,2022,EPSG: 31984 (SIRGAS 2000 - UTM 24S); Codificação: UTF-8
vw_PontosdeOnibus.fid-5b41923a_19c3ec54e70_c2c,2347,POINT (-38.464132 -3.747313),4315,"AVENIDA SANTOS DUMONT, 7700",-3.747313,-38.464132,ETUFOR,2022,EPSG: 31984 (SIRGAS 2000 - UTM 24S); Codificação: UTF-8
vw_PontosdeOnibus.fid-5b41923a_19c3ec54e70_c2d,2348,POINT (-38.480878 -3.746246),4316,"AVENIDA PDE ANTONIO TOMAS, 3416",-3.746246,-38.480878,ETUFOR,2022,EPSG: 31984 (SIRGAS 2000 - UTM 24S); Codificação: UTF-8
vw_PontosdeOnibus.fid-5b41923a_19c3ec54e70_c2e,2349,POINT (-38.469342 -3.749132),4317,"RUA NOGUEIRA PAES, 2308",-3.749132,-38.469342,ETUFOR,2022,EPSG: 31984 (SIRGAS 2000 - UTM 24S); Codificação: UTF-8
vw_PontosdeOnibus.fid-5b41923a_19c3ec54e70_c2f,2350,POINT (-38.593599 -3.796138),432,"AVENIDA GAL OSORIO DE PAIVA, 4237",-3.796138,-38.593599,ETUFOR,2022,EPSG: 31984 (SIRGAS 2000 - UTM 24S); Codificação: UTF-8
vw_PontosdeOnibus.fid-5b41923a_19c3ec54e70_c30,2351,POINT (-38.609187 -3.811955),4321,"AVENIDA OSORIO DE PAIVA, 6393",-3.811955,-38.609187,ETUFOR,2022,EPSG: 31984 (SIRGAS 2000 - UTM 24S); Codificação: UTF-8
vw_PontosdeOnibus.fid-5b41923a_19c3ec54e70_c31,2352,POINT (-38.616069 -3.818953),4322,"AVENIDA OSORIO DE PAIVA, 7684",-3.818953,-38.616069,ETUFOR,2022,EPSG: 31984 (SIRGAS 2000 - UTM 24S); Codificação: UTF-8
vw_PontosdeOnibus.fid-5b41923a_19c3ec54e70_c32,2353,POINT (-38.617518 -3.82071),4323,"AVENIDA OSORIO DE PAIVA, 7667",-3.82071,-38.617518,ETUFOR,2022,EPSG: 31984 (SIRGAS 2000 - UTM 24S); Codificação: UTF-8
vw_PontosdeOnibus.fid-5b41923a_19c3ec54e70_c33,2354,POINT (-38.621095 -3.824124),4325,"AVENIDA OSORIO DE PAIVA, 7950",-3.824124,-38.621095,ETUFOR,2022,EPSG: 31984 (SIRGAS 2000 - UTM 24S); Codificação: UTF-8
vw_PontosdeOnibus.fid-5b41923a_19c3ec54e70_c34,2355,POINT (-38.622927 -3.825951),4326,"AVENIDA OSORIO DE PAIVA, 8220",-3.825951,-38.622927,ETUFOR,2022,EPSG: 31984 (SIRGAS 2000 - UTM 24S); Codificação: UTF-8
vw_PontosdeOnibus.fid-5b41923a_19c3ec54e70_c35,2356,POINT (-38.622539 -3.825805),4327,"AVENIDA OSORIO DE PAIVA, 8220",-3.825805,-38.622539,ETUFOR,2022,EPSG: 31984 (SIRGAS 2000 - UTM 24S); Codificação: UTF-8
vw_PontosdeOnibus.fid-5b41923a_19c3ec54e70_c36,2357,POINT (-38.602028 -3.817134),4329,"RUA E/JARDIM FLUMINENSE, 96",-3.817134,-38.602028,ETUFOR,2022,EPSG: 31984 (SIRGAS 2000 - UTM 24S); Codificação: UTF-8
vw_PontosdeOnibus.fid-5b41923a_19c3ec54e70_c37,2358,POINT (-38.595294 -3.797604),433,"AVENIDA GAL OSORIO DE PAIVA, 4467",-3.797604,-38.595294,ETUFOR,2022,EPSG: 31984 (SIRGAS 2000 - UTM 24S); Codificação: UTF-8
vw_PontosdeOnibus.fid-5b41923a_19c3ec54e70_c38,2359,POINT (-38.607662 -3.818625),4331,"RUA ANA PAULA DOS SANTOS, 305",-3.818625,-38.607662,ETUFOR,2022,EPSG: 31984 (SIRGAS 2000 - UTM 24S); Codificação: UTF-8
vw_PontosdeOnibus.fid-5b41923a_19c3ec54e70_c39,2360,POINT (-38.606696 -3.818583),4332,"RUA I CJ CANINDEZINHO, 509",-3.818583,-38.606696,ETUFOR,2022,EPSG: 31984 (SIRGAS 2000 - UTM 24S); Codificação: UTF-8
vw_PontosdeOnibus.fid-5b41923a_19c3ec54e70_c3a,2361,POINT (-38.606218 -3.817787),4333,"RUA I CJ CANINDEZINHO, 387",-3.817787,-38.606218,ETUFOR,2022,EPSG: 31984 (SIRGAS 2000 - UTM 24S); Codificação: UTF-8
vw_PontosdeOnibus.fid-5b41923a_19c3ec54e70_c3b,2362,POINT (-38.60612 -3.817618),4334,"RUA I CJ CANINDEZINHO, 350",-3.817618,-38.60612,ETUFOR,2022,EPSG: 31984 (SIRGAS 2000 - UTM 24S); Codificação: UTF-8
vw_PontosdeOnibus.fid-5b41923a_19c3ec54e70_c3c,2363,POINT (-38.605527 -3.816534),4335,"RUA I CJ CANINDEZINHO, 225",-3.816534,-38.605527,ETUFOR,2022,EPSG: 31984 (SIRGAS 2000 - UTM 24S); Codificação: UTF-8
vw_PontosdeOnibus.fid-5b41923a_19c3ec54e70_c3d,2364,POINT (-38.595141 -3.808906),4337,"RUA LAGO DO TANQUE, SN",-3.808906,-38.595141,ETUFOR,2022,EPSG: 31984 (SIRGAS 2000 - UTM 24S); Codificação: UTF-8
vw_PontosdeOnibus.fid-5b41923a_19c3ec54e70_c3e,2365,POINT (-38.594002 -3.809666),4338,"RUA BRUMADO, 933",-3.809666,-38.594002,ETUFOR,2022,EPSG: 31984 (SIRGAS 2000 - UTM 24S); Codificação: UTF-8
vw_PontosdeOnibus.fid-5b41923a_19c3ec54e70_c3f,2366,POINT (-38.590361 -3.810699),4339,"AVENIDA CONTORNO NORTE (D71), 1582",-3.810699,-38.590361,ETUFOR,2022,EPSG: 31984 (SIRGAS 2000 - UTM 24S); Codificação: UTF-8
vw_PontosdeOnibus.fid-5b41923a_19c3ec54e70_c40,2367,POINT (-38.595904 -3.798492),434,"AVENIDA GAL OSORIO DE PAIVA, 4543",-3.798492,-38.595904,ETUFOR,2022,EPSG: 31984 (SIRGAS 2000 - UTM 24S); Codificação: UTF-8
vw_PontosdeOnibus.fid-5b41923a_19c3ec54e70_c41,2368,POINT (-38.584326 -3.808921),4340,"RUA DJALMA BENEVIDES, 105",-3.808921,-38.584326,ETUFOR,2022,EPSG: 31984 (SIRGAS 2000 - UTM 24S); Codificação: UTF-8
vw_PontosdeOnibus.fid-5b41923a_19c3ec54e70_c42,2369,POINT (-38.577751 -3.799113),4341,"RUA AMERICO ROCHA LIMA, 293",-3.799113,-38.577751,ETUFOR,2022,EPSG: 31984 (SIRGAS 2000 - UTM 24S); Codificação: UTF-8
vw_PontosdeOnibus.fid-5b41923a_19c3ec54e70_c43,2370,POINT (-38.57626 -3.799577),4342,"RUA JOAO AREAS, 1105",-3.799577,-38.57626,ETUFOR,2022,EPSG: 31984 (SIRGAS 2000 - UTM 24S); Codificação: UTF-8
vw_PontosdeOnibus.fid-5b41923a_19c3ec54e70_c44,2371,POINT (-38.576265 -3.799729),4343,"RUA JOAO AREAS, 1111",-3.799729,-38.576265,ETUFOR,2022,EPSG: 31984 (SIRGAS 2000 - UTM 24S); Codificação: UTF-8
vw_PontosdeOnibus.fid-5b41923a_19c3ec54e70_c45,2372,POINT (-38.577189 -3.795199),4344,"RUA DELTA, 488",-3.795199,-38.577189,ETUFOR,2022,EPSG: 31984 (SIRGAS 2000 - UTM 24S); Codificação: UTF-8
vw_PontosdeOnibus.fid-5b41923a_19c3ec54e70_c46,2373,POINT (-38.581916 -3.794184),4345,"RUA CON CASTRO, 2909",-3.794184,-38.581916,ETUFOR,2022,EPSG: 31984 (SIRGAS 2000 - UTM 24S); Codificação: UTF-8
vw_PontosdeOnibus.fid-5b41923a_19c3ec54e70_c47,2374,POINT (-38.491358 -3.746389),4346,"AVENIDA ALM HENRIQUE SABOIA, SN",-3.746389,-38.491358,ETUFOR,2022,EPSG: 31984 (SIRGAS 2000 - UTM 24S); Codificação: UTF-8
vw_PontosdeOnibus.fid-5b41923a_19c3ec54e70_c48,2375,POINT (-38.493395 -3.746525),4348,"RUA BENI DE CARVALHO, 762",-3.746525,-38.493395,ETUFOR,2022,EPSG: 31984 (SIRGAS 2000 - UTM 24S); Codificação: UTF-8
vw_PontosdeOnibus.fid-5b41923a_19c3ec54e70_c49,2376,POINT (-38.494966 -3.727534),4349,"AVENIDA ANTONIO JUSTA, 2770",-3.727534,-38.494966,ETUFOR,2022,EPSG: 31984 (SIRGAS 2000 - UTM 24S); Codificação: UTF-8
vw_PontosdeOnibus.fid-5b41923a_19c3ec54e70_c4a,2377,POINT (-38.49982 -3.740901),4350,"AVENIDA DESEMBARGADOR MOREIRA, 1647",-3.740901,-38.49982,ETUFOR,2022,EPSG: 31984 (SIRGAS 2000 - UTM 24S); Codificação: UTF-8
vw_PontosdeOnibus.fid-5b41923a_19c3ec54e70_c4b,2378,POINT (-38.496362 -3.74666),4353,"AVENIDA SEN VIRGILIO TAVORA, 2245",-3.74666,-38.496362,ETUFOR,2022,EPSG: 31984 (SIRGAS 2000 - UTM 24S); Codificação: UTF-8
vw_PontosdeOnibus.fid-5b41923a_19c3ec54e70_c4c,2379,POINT (-38.502987 -3.750857),4354,"AVENIDA DESEMBARGADOR MOREIRA, 2880",-3.750857,-38.502987,ETUFOR,2022,EPSG: 31984 (SIRGAS 2000 - UTM 24S); Codificação: UTF-8
vw_PontosdeOnibus.fid-5b41923a_19c3ec54e70_c4d,2380,POINT (-38.502758 -3.751413),4355,"AVENIDA PONTES VIEIRA, 2080",-3.751413,-38.502758,ETUFOR,2022,EPSG: 31984 (SIRGAS 2000 - UTM 24S); Codificação: UTF-8
vw_PontosdeOnibus.fid-5b41923a_19c3ec54e70_c4e,2381,POINT (-38.52996 -3.741258),4357,"RUA SOLON PINHEIRO, 1238",-3.741258,-38.52996,ETUFOR,2022,EPSG: 31984 (SIRGAS 2000 - UTM 24S); Codificação: UTF-8
vw_PontosdeOnibus.fid-5b41923a_19c3ec54e70_c4f,2382,POINT (-38.595869 -3.796191),436,"RUA BOM JESUS, 250",-3.796191,-38.595869,ETUFOR,2022,EPSG: 31984 (SIRGAS 2000 - UTM 24S); Codificação: UTF-8
vw_PontosdeOnibus.fid-5b41923a_19c3ec54e70_c50,2383,POINT (-38.511572 -3.759443),4360,"RUA ANA GONCALVES, 496",-3.759443,-38.511572,ETUFOR,2022,EPSG: 31984 (SIRGAS 2000 - UTM 24S); Codificação: UTF-8
vw_PontosdeOnibus.fid-5b41923a_19c3ec54e70_c51,2384,POINT (-38.605794 -3.799975),4362,"RUA SAO FRANCISCO    (D21), 935",-3.799975,-38.605794,ETUFOR,2022,EPSG: 31984 (SIRGAS 2000 - UTM 24S); Codificação: UTF-8
vw_PontosdeOnibus.fid-5b41923a_19c3ec54e70_c52,2385,POINT (-38.605522 -3.799996),4363,"RUA SAO FRANCISCO    (D21), 935",-3.799996,-38.605522,ETUFOR,2022,EPSG: 31984 (SIRGAS 2000 - UTM 24S); Codificação: UTF-8
vw_PontosdeOnibus.fid-5b41923a_19c3ec54e70_c53,2386,POINT (-38.605982 -3.799142),4364,"RUA NOVA FRIBURGO, 34",-3.799142,-38.605982,ETUFOR,2022,EPSG: 31984 (SIRGAS 2000 - UTM 24S); Codificação: UTF-8
vw_PontosdeOnibus.fid-5b41923a_19c3ec54e70_c54,2387,POINT (-38.607983 -3.797531),4365,"RUA URUCUTUBA, 1599",-3.797531,-38.607983,ETUFOR,2022,EPSG: 31984 (SIRGAS 2000 - UTM 24S); Codificação: UTF-8
vw_PontosdeOnibus.fid-5b41923a_19c3ec54e70_c55,2388,POINT (-38.609988 -3.797799),4366,"RUA ESTRADA DA URUCUTUBA, 1565",-3.797799,-38.609988,ETUFOR,2022,EPSG: 31984 (SIRGAS 2000 - UTM 24S); Codificação: UTF-8
vw_PontosdeOnibus.fid-5b41923a_19c3ec54e70_c56,2389,POINT (-38.610214 -3.797924),4367,"RUA URUCUTUBA, 1565",-3.797924,-38.610214,ETUFOR,2022,EPSG: 31984 (SIRGAS 2000 - UTM 24S); Codificação: UTF-8
vw_PontosdeOnibus.fid-5b41923a_19c3ec54e70_c57,2390,POINT (-38.608102 -3.797624),4368,"RUA ESTRADA DA URUCUTUBA, 1477",-3.797624,-38.608102,ETUFOR,2022,EPSG: 31984 (SIRGAS 2000 - UTM 24S); Codificação: UTF-8
vw_PontosdeOnibus.fid-5b41923a_19c3ec54e70_c58,2391,POINT (-38.606535 -3.797366),4369,"RUA ESTRADA DA URUCUTUBA, 1234",-3.797366,-38.606535,ETUFOR,2022,EPSG: 31984 (SIRGAS 2000 - UTM 24S); Codificação: UTF-8
vw_PontosdeOnibus.fid-5b41923a_19c3ec54e70_c59,2392,POINT (-38.610367 -3.793812),4371,"RUA CEL VIRGILIO N PAES, 1117",-3.793812,-38.610367,ETUFOR,2022,EPSG: 31984 (SIRGAS 2000 - UTM 24S); Codificação: UTF-8
vw_PontosdeOnibus.fid-5b41923a_19c3ec54e70_c5a,2393,POINT (-38.609588 -3.791372),4372,"RUA CEL VIRGILIO N PAES, 783",-3.791372,-38.609588,ETUFOR,2022,EPSG: 31984 (SIRGAS 2000 - UTM 24S); Codificação: UTF-8
vw_PontosdeOnibus.fid-5b41923a_19c3ec54e70_c5b,2394,POINT (-38.610065 -3.792878),4373,"RUA CEL VIRGILIO N PAES, 1070",-3.792878,-38.610065,ETUFOR,2022,EPSG: 31984 (SIRGAS 2000 - UTM 24S); Codificação: UTF-8
vw_PontosdeOnibus.fid-5b41923a_19c3ec54e70_c5c,2395,POINT (-38.610756 -3.79501),4374,"RUA CEL VIRGILIO N PAES, 1294",-3.79501,-38.610756,ETUFOR,2022,EPSG: 31984 (SIRGAS 2000 - UTM 24S); Codificação: UTF-8
vw_PontosdeOnibus.fid-5b41923a_19c3ec54e70_c5d,2396,POINT (-38.600323 -3.79997),4375,"RUA PEDRO MARTINS, 235",-3.79997,-38.600323,ETUFOR,2022,EPSG: 31984 (SIRGAS 2000 - UTM 24S); Codificação: UTF-8
vw_PontosdeOnibus.fid-5b41923a_19c3ec54e70_c5e,2397,POINT (-38.600518 -3.799106),4376,"RUA SÃO FRANCISCO/PQ SANTO AMARO, 453",-3.799106,-38.600518,ETUFOR,2022,EPSG: 31984 (SIRGAS 2000 - UTM 24S); Codificação: UTF-8
vw_PontosdeOnibus.fid-5b41923a_19c3ec54e70_c5f,2398,POINT (-38.597342 -3.799994),4377,"AVENIDA GAL OSORIO DE PAIVA, 1649",-3.799994,-38.597342,ETUFOR,2022,EPSG: 31984 (SIRGAS 2000 - UTM 24S); Codificação: UTF-8
vw_PontosdeOnibus.fid-5b41923a_19c3ec54e70_c60,2399,POINT (-38.543931 -3.757214),4379,"RUA PRO COSTA MENDES, 283",-3.757214,-38.543931,ETUFOR,2022,EPSG: 31984 (SIRGAS 2000 - UTM 24S); Codificação: UTF-8
vw_PontosdeOnibus.fid-5b41923a_19c3ec54e70_c61,2400,POINT (-38.550931 -3.751069),4381,"RUA PROF. COSTA MENDES, 1290",-3.751069,-38.550931,ETUFOR,2022,EPSG: 31984 (SIRGAS 2000 - UTM 24S); Codificação: UTF-8
vw_PontosdeOnibus.fid-5b41923a_19c3ec54e70_c62,2401,POINT (-38.545763 -3.754376),4382,"RUA SAMUEL UCHOA, 627",-3.754376,-38.545763,ETUFOR,2022,EPSG: 31984 (SIRGAS 2000 - UTM 24S); Codificação: UTF-8
vw_PontosdeOnibus.fid-5b41923a_19c3ec54e70_c63,2402,POINT (-38.547876 -3.752687),4383,"RUA SAMUEL UCHOA, 930",-3.752687,-38.547876,ETUFOR,2022,EPSG: 31984 (SIRGAS 2000 - UTM 24S); Codificação: UTF-8
vw_PontosdeOnibus.fid-5b41923a_19c3ec54e70_c64,2403,POINT (-38.548045 -3.751289),4384,"RUA ALEXANDRE BARAUNA, 423",-3.751289,-38.548045,ETUFOR,2022,EPSG: 31984 (SIRGAS 2000 - UTM 24S); Codificação: UTF-8
vw_PontosdeOnibus.fid-5b41923a_19c3ec54e70_c65,2404,POINT (-38.542092 -3.747032),4385,"RUA PDE CICERO, 99",-3.747032,-38.542092,ETUFOR,2022,EPSG: 31984 (SIRGAS 2000 - UTM 24S); Codificação: UTF-8
vw_PontosdeOnibus.fid-5b41923a_19c3ec54e70_c66,2405,POINT (-38.541441 -3.75515),4386,"RUA ALBERTO MAGNO, 60",-3.75515,-38.541441,ETUFOR,2022,EPSG: 31984 (SIRGAS 2000 - UTM 24S); Codificação: UTF-8
vw_PontosdeOnibus.fid-5b41923a_19c3ec54e70_c67,2406,POINT (-38.551577 -3.754787),4387,"AVENIDA JOAO PESSOA, 4736",-3.754787,-38.551577,ETUFOR,2022,EPSG: 31984 (SIRGAS 2000 - UTM 24S); Codificação: UTF-8
vw_PontosdeOnibus.fid-5b41923a_19c3ec54e70_c68,2407,POINT (-38.545813 -3.748377),4388,"AVENIDA JOAO PESSOA, 3884",-3.748377,-38.545813,ETUFOR,2022,EPSG: 31984 (SIRGAS 2000 - UTM 24S); Codificação: UTF-8
vw_PontosdeOnibus.fid-5b41923a_19c3ec54e70_c69,2408,POINT (-38.533166 -3.757343),4389,"AVENIDA BORGES DE MELO, 1677",-3.757343,-38.533166,ETUFOR,2022,EPSG: 31984 (SIRGAS 2000 - UTM 24S); Codificação: UTF-8
vw_PontosdeOnibus.fid-5b41923a_19c3ec54e70_c6a,2409,POINT (-38.533087 -3.757258),4390,"AVENIDA BORGES DE MELO, 1540",-3.757258,-38.533087,ETUFOR,2022,EPSG: 31984 (SIRGAS 2000 - UTM 24S); Codificação: UTF-8
vw_PontosdeOnibus.fid-5b41923a_19c3ec54e70_c6b,2410,POINT (-38.517494 -3.757316),4391,"RUA FRE VIDAL, 2000",-3.757316,-38.517494,ETUFOR,2022,EPSG: 31984 (SIRGAS 2000 - UTM 24S); Codificação: UTF-8
vw_PontosdeOnibus.fid-5b41923a_19c3ec54e70_c6c,2411,POINT (-38.513456 -3.757167),4392,"RUA PAULO FIRMEZA, 664",-3.757167,-38.513456,ETUFOR,2022,EPSG: 31984 (SIRGAS 2000 - UTM 24S); Codificação: UTF-8
vw_PontosdeOnibus.fid-5b41923a_19c3ec54e70_c6d,2412,POINT (-38.509703 -3.756849),4393,"RUA PAULO FIRMEZA, 1094",-3.756849,-38.509703,ETUFOR,2022,EPSG: 31984 (SIRGAS 2000 - UTM 24S); Codificação: UTF-8
vw_PontosdeOnibus.fid-5b41923a_19c3ec54e70_c6e,2413,POINT (-38.51164 -3.757013),4394,"RUA PAULO FIRMEZA, 890",-3.757013,-38.51164,ETUFOR,2022,EPSG: 31984 (SIRGAS 2000 - UTM 24S); Codificação: UTF-8
vw_PontosdeOnibus.fid-5b41923a_19c3ec54e70_c6f,2414,POINT (-38.508635 -3.756761),4395,"RUA PAULO FIRMEZA, 1220",-3.756761,-38.508635,ETUFOR,2022,EPSG: 31984 (SIRGAS 2000 - UTM 24S); Codificação: UTF-8
vw_PontosdeOnibus.fid-5b41923a_19c3ec54e70_c70,2415,POINT (-38.507842 -3.757408),4396,"RUA ESV PINHEIRO, 4138",-3.757408,-38.507842,ETUFOR,2022,EPSG: 31984 (SIRGAS 2000 - UTM 24S); Codificação: UTF-8
vw_PontosdeOnibus.fid-5b41923a_19c3ec54e70_c71,2416,POINT (-38.471778 -3.772387),4397,"RUA DOS COQUEIROS, 3435",-3.772387,-38.471778,ETUFOR,2022,EPSG: 31984 (SIRGAS 2000 - UTM 24S); Codificação: UTF-8
vw_PontosdeOnibus.fid-5b41923a_19c3ec54e70_c72,2417,POINT (-38.471331 -3.772163),4398,"RUA CIDADE ECOLOGICA, 51",-3.772163,-38.471331,ETUFOR,2022,EPSG: 31984 (SIRGAS 2000 - UTM 24S); Codificação: UTF-8
vw_PontosdeOnibus.fid-5b41923a_19c3ec54e70_c73,2418,POINT (-38.490518 -3.768903),4399,"RUA GONTRAN GIFONI, 800",-3.768903,-38.490518,ETUFOR,2022,EPSG: 31984 (SIRGAS 2000 - UTM 24S); Codificação: UTF-8
vw_PontosdeOnibus.fid-5b41923a_19c3ec54e70_c74,2419,POINT (-38.577432 -3.704866),44,"AVENIDA PRS CASTELO BRANCO, 5241",-3.704866,-38.577432,ETUFOR,2022,EPSG: 31984 (SIRGAS 2000 - UTM 24S); Codificação: UTF-8
vw_PontosdeOnibus.fid-5b41923a_19c3ec54e70_c75,2420,POINT (-38.489146 -3.791423),4406,"RUA PDE JANUARIO CAMPOS, 87",-3.791423,-38.489146,ETUFOR,2022,EPSG: 31984 (SIRGAS 2000 - UTM 24S); Codificação: UTF-8
vw_PontosdeOnibus.fid-5b41923a_19c3ec54e70_c76,2421,POINT (-38.519341 -3.729412),4408,"AVENIDA SANTOS DUMONT, 444",-3.729412,-38.519341,ETUFOR,2022,EPSG: 31984 (SIRGAS 2000 - UTM 24S); Codificação: UTF-8
vw_PontosdeOnibus.fid-5b41923a_19c3ec54e70_c77,2422,POINT (-38.536823 -3.72297),4409,"RUA SAO PAULO, 1331",-3.72297,-38.536823,ETUFOR,2022,EPSG: 31984 (SIRGAS 2000 - UTM 24S); Codificação: UTF-8
vw_PontosdeOnibus.fid-5b41923a_19c3ec54e70_c78,2423,POINT (-38.527982 -3.725583),4410,"RUA BAR RIO BRANCO, 820",-3.725583,-38.527982,ETUFOR,2022,EPSG: 31984 (SIRGAS 2000 - UTM 24S); Codificação: UTF-8
vw_PontosdeOnibus.fid-5b41923a_19c3ec54e70_c79,2424,POINT (-38.520786 -3.723321),4411,"RUA MON TABOSA, SN",-3.723321,-38.520786,ETUFOR,2022,EPSG: 31984 (SIRGAS 2000 - UTM 24S); Codificação: UTF-8
vw_PontosdeOnibus.fid-5b41923a_19c3ec54e70_c7a,2425,POINT (-38.535111 -3.718294),4412,"AVENIDA PRESIDENTE CASTELO BRANCO, 709",-3.718294,-38.535111,ETUFOR,2022,EPSG: 31984 (SIRGAS 2000 - UTM 24S); Codificação: UTF-8
vw_PontosdeOnibus.fid-5b41923a_19c3ec54e70_c7b,2426,POINT (-38.535357 -3.732136),4413,"RUA METON DE ALENCAR, 1284",-3.732136,-38.535357,ETUFOR,2022,EPSG: 31984 (SIRGAS 2000 - UTM 24S); Codificação: UTF-8
vw_PontosdeOnibus.fid-5b41923a_19c3ec54e70_c7c,2427,POINT (-38.63013 -3.786986),4414,"RUA DOM LUSTOSA, 280",-3.786986,-38.63013,ETUFOR,2022,EPSG: 31984 (SIRGAS 2000 - UTM 24S); Codificação: UTF-8
vw_PontosdeOnibus.fid-5b41923a_19c3ec54e70_c7d,2428,POINT (-38.626276 -3.788908),4415,"RUA MARTINS CARVALHO, 3826",-3.788908,-38.626276,ETUFOR,2022,EPSG: 31984 (SIRGAS 2000 - UTM 24S); Codificação: UTF-8
vw_PontosdeOnibus.fid-5b41923a_19c3ec54e70_c7e,2429,POINT (-38.609549 -3.778507),4417,"RUA TEODORO DE CASTRO, 2075",-3.778507,-38.609549,ETUFOR,2022,EPSG: 31984 (SIRGAS 2000 - UTM 24S); Codificação: UTF-8
vw_PontosdeOnibus.fid-5b41923a_19c3ec54e70_c7f,2430,POINT (-38.58687 -3.793095),442,"RUA RAIMUNDO NERY, 549",-3.793095,-38.58687,ETUFOR,2022,EPSG: 31984 (SIRGAS 2000 - UTM 24S); Codificação: UTF-8
vw_PontosdeOnibus.fid-5b41923a_19c3ec54e70_c80,2431,POINT (-38.615999 -3.795826),4420,"RUA FRANCISCO PAIVA, 1552",-3.795826,-38.615999,ETUFOR,2022,EPSG: 31984 (SIRGAS 2000 - UTM 24S); Codificação: UTF-8
vw_PontosdeOnibus.fid-5b41923a_19c3ec54e70_c81,2432,POINT (-38.616068 -3.797028),4421,"RUA NS 05 RES BOM JARDIM, 120",-3.797028,-38.616068,ETUFOR,2022,EPSG: 31984 (SIRGAS 2000 - UTM 24S); Codificação: UTF-8
vw_PontosdeOnibus.fid-5b41923a_19c3ec54e70_c82,2433,POINT (-38.514807 -3.759156),4426,"RUA FIS VIEIRA, 4311",-3.759156,-38.514807,ETUFOR,2022,EPSG: 31984 (SIRGAS 2000 - UTM 24S); Codificação: UTF-8
vw_PontosdeOnibus.fid-5b41923a_19c3ec54e70_c83,2434,POINT (-38.582665 -3.784205),4427,"AVENIDA AUGUSTO DOS ANJOS, 2088",-3.784205,-38.582665,ETUFOR,2022,EPSG: 31984 (SIRGAS 2000 - UTM 24S); Codificação: UTF-8
vw_PontosdeOnibus.fid-5b41923a_19c3ec54e70_c84,2435,POINT (-38.583744 -3.773682),4428,"RUA JULIO BRAGA, 1532",-3.773682,-38.583744,ETUFOR,2022,EPSG: 31984 (SIRGAS 2000 - UTM 24S); Codificação: UTF-8
vw_PontosdeOnibus.fid-5b41923a_19c3ec54e70_c85,2436,POINT (-38.583157 -3.774297),4429,"RUA JULIO BRAGA, 1372",-3.774297,-38.583157,ETUFOR,2022,EPSG: 31984 (SIRGAS 2000 - UTM 24S); Codificação: UTF-8
vw_PontosdeOnibus.fid-5b41923a_19c3ec54e70_c86,2437,POINT (-38.587589 -3.791378),443,"RUA RAIMUNDO NERY, 737",-3.791378,-38.587589,ETUFOR,2022,EPSG: 31984 (SIRGAS 2000 - UTM 24S); Codificação: UTF-8
vw_PontosdeOnibus.fid-5b41923a_19c3ec54e70_c87,2438,POINT (-38.582262 -3.778088),4430,"RUA MARIA QUINTELA, 123",-3.778088,-38.582262,ETUFOR,2022,EPSG: 31984 (SIRGAS 2000 - UTM 24S); Codificação: UTF-8
vw_PontosdeOnibus.fid-5b41923a_19c3ec54e70_c88,2439,POINT (-38.582227 -3.778108),4431,"RUA MARIA QUINTELA, 125",-3.778108,-38.582227,ETUFOR,2022,EPSG: 31984 (SIRGAS 2000 - UTM 24S); Codificação: UTF-8
vw_PontosdeOnibus.fid-5b41923a_19c3ec54e70_c89,2440,POINT (-38.582394 -3.778696),4432,"RUA CAP THEOGENES GONDIM, 369",-3.778696,-38.582394,ETUFOR,2022,EPSG: 31984 (SIRGAS 2000 - UTM 24S); Codificação: UTF-8
vw_PontosdeOnibus.fid-5b41923a_19c3ec54e70_c8a,2441,POINT (-38.582321 -3.778717),4433,"RUA CAP THEOGENES GONDIM, 376",-3.778717,-38.582321,ETUFOR,2022,EPSG: 31984 (SIRGAS 2000 - UTM 24S); Codificação: UTF-8
vw_PontosdeOnibus.fid-5b41923a_19c3ec54e70_c8b,2442,POINT (-38.59241 -3.777272),4435,"RUA LUZIA MOREIRA, 148",-3.777272,-38.59241,ETUFOR,2022,EPSG: 31984 (SIRGAS 2000 - UTM 24S); Codificação: UTF-8
vw_PontosdeOnibus.fid-5b41923a_19c3ec54e70_c8c,2443,POINT (-38.592394 -3.77721),4436,"RUA LUZIA MOREIRA, 148",-3.77721,-38.592394,ETUFOR,2022,EPSG: 31984 (SIRGAS 2000 - UTM 24S); Codificação: UTF-8
vw_PontosdeOnibus.fid-5b41923a_19c3ec54e70_c8d,2444,POINT (-38.59345 -3.775279),4438,"TRAVESSA MACAU, 99",-3.775279,-38.59345,ETUFOR,2022,EPSG: 31984 (SIRGAS 2000 - UTM 24S); Codificação: UTF-8
vw_PontosdeOnibus.fid-5b41923a_19c3ec54e70_c8e,2445,POINT (-38.587942 -3.79264),444,"AVENIDA LUIS VIEIRA, 643",-3.79264,-38.587942,ETUFOR,2022,EPSG: 31984 (SIRGAS 2000 - UTM 24S); Codificação: UTF-8
vw_PontosdeOnibus.fid-5b41923a_19c3ec54e70_c8f,2446,POINT (-38.593378 -3.774624),4440,"RUA CEL MANUEL ANTONIO LEITE, SN",-3.774624,-38.593378,ETUFOR,2022,EPSG: 31984 (SIRGAS 2000 - UTM 24S); Codificação: UTF-8
vw_PontosdeOnibus.fid-5b41923a_19c3ec54e70_c90,2447,POINT (-38.591552 -3.773016),4441,"RUA CEL MANOEL ANTONIO LEITE, 143",-3.773016,-38.591552,ETUFOR,2022,EPSG: 31984 (SIRGAS 2000 - UTM 24S); Codificação: UTF-8
vw_PontosdeOnibus.fid-5b41923a_19c3ec54e70_c91,2448,POINT (-38.591794 -3.773213),4442,"RUA CEL MANOEL ANTONIO LEITE, 146",-3.773213,-38.591794,ETUFOR,2022,EPSG: 31984 (SIRGAS 2000 - UTM 24S); Codificação: UTF-8
vw_PontosdeOnibus.fid-5b41923a_19c3ec54e70_c92,2449,POINT (-38.591003 -3.776547),4443,"RUA BIAS MENDES, 1300",-3.776547,-38.591003,ETUFOR,2022,EPSG: 31984 (SIRGAS 2000 - UTM 24S); Codificação: UTF-8
vw_PontosdeOnibus.fid-5b41923a_19c3ec54e70_c93,2450,POINT (-38.58523 -3.781636),4444,"RUA VITAL BRASIL, 542",-3.781636,-38.58523,ETUFOR,2022,EPSG: 31984 (SIRGAS 2000 - UTM 24S); Codificação: UTF-8
vw_PontosdeOnibus.fid-5b41923a_19c3ec54e70_c94,2451,POINT (-38.589123 -3.78964),4445,"AVENIDA LUIS VIEIRA, 1023",-3.78964,-38.589123,ETUFOR,2022,EPSG: 31984 (SIRGAS 2000 - UTM 24S); Codificação: UTF-8
vw_PontosdeOnibus.fid-5b41923a_19c3ec54e70_c95,2452,POINT (-38.588802 -3.787158),4446,"RUA AGAMENON, 278 B",-3.787158,-38.588802,ETUFOR,2022,EPSG: 31984 (SIRGAS 2000 - UTM 24S); Codificação: UTF-8
vw_PontosdeOnibus.fid-5b41923a_19c3ec54e70_c96,2453,POINT (-38.588215 -3.784715),4447,"RUA ANSELMO NOGUEIRA, 677",-3.784715,-38.588215,ETUFOR,2022,EPSG: 31984 (SIRGAS 2000 - UTM 24S); Codificação: UTF-8
vw_PontosdeOnibus.fid-5b41923a_19c3ec54e70_c97,2454,POINT (-38.586905 -3.780086),4448,"RUA ANSELMO NOGUEIRA, 99",-3.780086,-38.586905,ETUFOR,2022,EPSG: 31984 (SIRGAS 2000 - UTM 24S); Codificação: UTF-8
vw_PontosdeOnibus.fid-5b41923a_19c3ec54e70_c98,2455,POINT (-38.588774 -3.791159),445,"AVENIDA GAL OSORIO DE PAIVA, 3477",-3.791159,-38.588774,ETUFOR,2022,EPSG: 31984 (SIRGAS 2000 - UTM 24S); Codificação: UTF-8
vw_PontosdeOnibus.fid-5b41923a_19c3ec54e70_c99,2456,POINT (-38.585338 -3.795535),4453,"RUA COM GARCIA, 1384",-3.795535,-38.585338,ETUFOR,2022,EPSG: 31984 (SIRGAS 2000 - UTM 24S); Codificação: UTF-8
vw_PontosdeOnibus.fid-5b41923a_19c3ec54e70_c9a,2457,POINT (-38.580064 -3.789726),4454,"RUA COM GARCIA, 503",-3.789726,-38.580064,ETUFOR,2022,EPSG: 31984 (SIRGAS 2000 - UTM 24S); Codificação: UTF-8
vw_PontosdeOnibus.fid-5b41923a_19c3ec54e70_c9b,2458,POINT (-38.578997 -3.787929),4455,"RUA GABRIEL FIUZA, 220",-3.787929,-38.578997,ETUFOR,2022,EPSG: 31984 (SIRGAS 2000 - UTM 24S); Codificação: UTF-8
vw_PontosdeOnibus.fid-5b41923a_19c3ec54e70_c9c,2459,POINT (-38.580075 -3.786908),4456,"RUA GABRIEL FIUZA, 409",-3.786908,-38.580075,ETUFOR,2022,EPSG: 31984 (SIRGAS 2000 - UTM 24S); Codificação: UTF-8
vw_PontosdeOnibus.fid-5b41923a_19c3ec54e70_c9d,2460,POINT (-38.602944 -3.774806),4458,"AVENIDA I CJ CEARA, 591",-3.774806,-38.602944,ETUFOR,2022,EPSG: 31984 (SIRGAS 2000 - UTM 24S); Codificação: UTF-8
vw_PontosdeOnibus.fid-5b41923a_19c3ec54e70_c9e,2461,POINT (-38.589094 -3.771457),4459,"RUA CACILDA BECKER, 497",-3.771457,-38.589094,ETUFOR,2022,EPSG: 31984 (SIRGAS 2000 - UTM 24S); Codificação: UTF-8
vw_PontosdeOnibus.fid-5b41923a_19c3ec54e70_c9f,2462,POINT (-38.589584 -3.791771),446,"AVENIDA GAL OSORIO DE PAIVA, 3434",-3.791771,-38.589584,ETUFOR,2022,EPSG: 31984 (SIRGAS 2000 - UTM 24S); Codificação: UTF-8
vw_PontosdeOnibus.fid-5b41923a_19c3ec54e70_ca0,2463,POINT (-38.588629 -3.769145),4460,"RUA PRO HERIBALDO COSTA, 2037",-3.769145,-38.588629,ETUFOR,2022,EPSG: 31984 (SIRGAS 2000 - UTM 24S); Codificação: UTF-8
vw_PontosdeOnibus.fid-5b41923a_19c3ec54e70_ca1,2464,POINT (-38.588918 -3.768786),4461,"RUA CHUI, 138",-3.768786,-38.588918,ETUFOR,2022,EPSG: 31984 (SIRGAS 2000 - UTM 24S); Codificação: UTF-8
vw_PontosdeOnibus.fid-5b41923a_19c3ec54e70_ca2,2465,POINT (-38.590412 -3.771506),4463,"RUA HERIBALDO COSTA, 2282",-3.771506,-38.590412,ETUFOR,2022,EPSG: 31984 (SIRGAS 2000 - UTM 24S); Codificação: UTF-8
vw_PontosdeOnibus.fid-5b41923a_19c3ec54e70_ca3,2466,POINT (-38.592437 -3.769261),4467,"AVENIDA AUDISIO PINHEIRO, 2151",-3.769261,-38.592437,ETUFOR,2022,EPSG: 31984 (SIRGAS 2000 - UTM 24S); Codificação: UTF-8
vw_PontosdeOnibus.fid-5b41923a_19c3ec54e70_ca4,2467,POINT (-38.593179 -3.767963),4468,"AVENIDA AUDISIO PINHEIRO, 1985",-3.767963,-38.593179,ETUFOR,2022,EPSG: 31984 (SIRGAS 2000 - UTM 24S); Codificação: UTF-8
vw_PontosdeOnibus.fid-5b41923a_19c3ec54e70_ca5,2468,POINT (-38.590275 -3.770625),4471,"RUA DIOGO CORREIA, 311",-3.770625,-38.590275,ETUFOR,2022,EPSG: 31984 (SIRGAS 2000 - UTM 24S); Codificação: UTF-8
vw_PontosdeOnibus.fid-5b41923a_19c3ec54e70_ca6,2469,POINT (-38.587261 -3.765845),4474,"RUA PORTO VELHO, 763",-3.765845,-38.587261,ETUFOR,2022,EPSG: 31984 (SIRGAS 2000 - UTM 24S); Codificação: UTF-8
vw_PontosdeOnibus.fid-5b41923a_19c3ec54e70_ca7,2470,POINT (-38.585657 -3.766693),4475,"RUA PORTO VELHO, 531",-3.766693,-38.585657,ETUFOR,2022,EPSG: 31984 (SIRGAS 2000 - UTM 24S); Codificação: UTF-8
vw_PontosdeOnibus.fid-5b41923a_19c3ec54e70_ca8,2471,POINT (-38.580227 -3.770945),4476,"RUA ARARIPE MACEDO, 373",-3.770945,-38.580227,ETUFOR,2022,EPSG: 31984 (SIRGAS 2000 - UTM 24S); Codificação: UTF-8
vw_PontosdeOnibus.fid-5b41923a_19c3ec54e70_ca9,2472,POINT (-38.440992 -3.766067),4477,"AVENIDA DIOGUINHO, 5997",-3.766067,-38.440992,ETUFOR,2022,EPSG: 31984 (SIRGAS 2000 - UTM 24S); Codificação: UTF-8
vw_PontosdeOnibus.fid-5b41923a_19c3ec54e70_caa,2473,POINT (-38.445049 -3.757758),4478,"AVENIDA DIOGUINHO, 4990",-3.757758,-38.445049,ETUFOR,2022,EPSG: 31984 (SIRGAS 2000 - UTM 24S); Codificação: UTF-8
vw_PontosdeOnibus.fid-5b41923a_19c3ec54e70_cab,2474,POINT (-38.47234 -3.711393),4479,"TRAVESSA VICENTE DE CASTRO, 500",-3.711393,-38.47234,ETUFOR,2022,EPSG: 31984 (SIRGAS 2000 - UTM 24S); Codificação: UTF-8
vw_PontosdeOnibus.fid-5b41923a_19c3ec54e70_cac,2475,POINT (-38.58451 -3.794605),448,"RUA COM GARCIA, 1349",-3.794605,-38.58451,ETUFOR,2022,EPSG: 31984 (SIRGAS 2000 - UTM 24S); Codificação: UTF-8
vw_PontosdeOnibus.fid-5b41923a_19c3ec54e70_cad,2476,POINT (-38.585265 -3.75899),4482,"RUA CEL MATOS DOURADO, 680",-3.75899,-38.585265,ETUFOR,2022,EPSG: 31984 (SIRGAS 2000 - UTM 24S); Codificação: UTF-8
vw_PontosdeOnibus.fid-5b41923a_19c3ec54e70_cae,2477,POINT (-38.590484 -3.763496),4484,"RUA MACEIO, 1352",-3.763496,-38.590484,ETUFOR,2022,EPSG: 31984 (SIRGAS 2000 - UTM 24S); Codificação: UTF-8
vw_PontosdeOnibus.fid-5b41923a_19c3ec54e70_caf,2478,POINT (-38.59143 -3.761061),4486,"RUA GOIANIA, 1767",-3.761061,-38.59143,ETUFOR,2022,EPSG: 31984 (SIRGAS 2000 - UTM 24S); Codificação: UTF-8
vw_PontosdeOnibus.fid-5b41923a_19c3ec54e70_cb0,2479,POINT (-38.591507 -3.761021),4487,"RUA GOIANIA, 1758",-3.761021,-38.591507,ETUFOR,2022,EPSG: 31984 (SIRGAS 2000 - UTM 24S); Codificação: UTF-8
vw_PontosdeOnibus.fid-5b41923a_19c3ec54e70_cb1,2480,POINT (-38.594392 -3.761287),4488,"RUA BELEM, 784",-3.761287,-38.594392,ETUFOR,2022,EPSG: 31984 (SIRGAS 2000 - UTM 24S); Codificação: UTF-8
vw_PontosdeOnibus.fid-5b41923a_19c3ec54e70_cb2,2481,POINT (-38.58353 -3.793514),449,"RUA COM GARCIA, 1082",-3.793514,-38.58353,ETUFOR,2022,EPSG: 31984 (SIRGAS 2000 - UTM 24S); Codificação: UTF-8
vw_PontosdeOnibus.fid-5b41923a_19c3ec54e70_cb3,2482,POINT (-38.593415 -3.76408),4491,"RUA NATAL, 1166",-3.76408,-38.593415,ETUFOR,2022,EPSG: 31984 (SIRGAS 2000 - UTM 24S); Codificação: UTF-8
vw_PontosdeOnibus.fid-5b41923a_19c3ec54e70_cb4,2483,POINT (-38.455345 -3.73792),4493,"AVENIDA DIOGUINHO, SN",-3.73792,-38.455345,ETUFOR,2022,EPSG: 31984 (SIRGAS 2000 - UTM 24S); Codificação: UTF-8
vw_PontosdeOnibus.fid-5b41923a_19c3ec54e70_cb5,2484,POINT (-38.491732 -3.768356),4495,"RUA GONTRAN GIFONI, 546",-3.768356,-38.491732,ETUFOR,2022,EPSG: 31984 (SIRGAS 2000 - UTM 24S); Codificação: UTF-8
vw_PontosdeOnibus.fid-5b41923a_19c3ec54e70_cb6,2485,POINT (-38.494096 -3.766925),4496,"RUA GONTRAN GIFONI, SN",-3.766925,-38.494096,ETUFOR,2022,EPSG: 31984 (SIRGAS 2000 - UTM 24S); Codificação: UTF-8
vw_PontosdeOnibus.fid-5b41923a_19c3ec54e70_cb7,2486,POINT (-38.494573 -3.727843),4497,"RUA BARBOSA DE FREITAS, 130",-3.727843,-38.494573,ETUFOR,2022,EPSG: 31984 (SIRGAS 2000 - UTM 24S); Codificação: UTF-8
vw_PontosdeOnibus.fid-5b41923a_19c3ec54e70_cb8,2487,POINT (-38.521816 -3.737737),4498,"RUA DNA LEOPOLDINA, 384",-3.737737,-38.521816,ETUFOR,2022,EPSG: 31984 (SIRGAS 2000 - UTM 24S); Codificação: UTF-8
vw_PontosdeOnibus.fid-5b41923a_19c3ec54e70_cb9,2488,POINT (-38.581134 -3.769128),4499,"RUA PORTO VELHO, 52",-3.769128,-38.581134,ETUFOR,2022,EPSG: 31984 (SIRGAS 2000 - UTM 24S); Codificação: UTF-8
vw_PontosdeOnibus.fid-5b41923a_19c3ec54e70_cba,2489,POINT (-38.578121 -3.704409),45,"AVENIDA PRS CASTELO BRANCO, 5488",-3.704409,-38.578121,ETUFOR,2022,EPSG: 31984 (SIRGAS 2000 - UTM 24S); Codificação: UTF-8
vw_PontosdeOnibus.fid-5b41923a_19c3ec54e70_cbb,2490,POINT (-38.563488 -3.778477),4501,"RUA GERMANO FRANCK, 965",-3.778477,-38.563488,ETUFOR,2022,EPSG: 31984 (SIRGAS 2000 - UTM 24S); Codificação: UTF-8
vw_PontosdeOnibus.fid-5b41923a_19c3ec54e70_cbc,2491,POINT (-38.554072 -3.783599),4503,"AVENIDA AV. DEDÉ BRASIL, 1357",-3.783599,-38.554072,ETUFOR,2022,EPSG: 31984 (SIRGAS 2000 - UTM 24S); Codificação: UTF-8
vw_PontosdeOnibus.fid-5b41923a_19c3ec54e70_cbd,2492,POINT (-38.492737 -3.830386),4505,"RUA FRANCISCO PEREIRA, 65",-3.830386,-38.492737,ETUFOR,2022,EPSG: 31984 (SIRGAS 2000 - UTM 24S); Codificação: UTF-8
vw_PontosdeOnibus.fid-5b41923a_19c3ec54e70_cbe,2493,POINT (-38.492974 -3.832109),4506,"RUA FRANCISCO PEREIRA, 300",-3.832109,-38.492974,ETUFOR,2022,EPSG: 31984 (SIRGAS 2000 - UTM 24S); Codificação: UTF-8
vw_PontosdeOnibus.fid-5b41923a_19c3ec54e70_cbf,2494,POINT (-38.568461 -3.763188),4507,"AVENIDA CARNEIRO DE MENDONCA, 1052",-3.763188,-38.568461,ETUFOR,2022,EPSG: 31984 (SIRGAS 2000 - UTM 24S); Codificação: UTF-8
vw_PontosdeOnibus.fid-5b41923a_19c3ec54e70_cc0,2495,POINT (-38.564649 -3.76519),4508,"AVENIDA CARNEIRO DE MENDONCA, 556",-3.76519,-38.564649,ETUFOR,2022,EPSG: 31984 (SIRGAS 2000 - UTM 24S); Codificação: UTF-8
vw_PontosdeOnibus.fid-5b41923a_19c3ec54e70_cc1,2496,POINT (-38.581146 -3.775466),4509,"RUA JULIO BRAGA, 1134",-3.775466,-38.581146,ETUFOR,2022,EPSG: 31984 (SIRGAS 2000 - UTM 24S); Codificação: UTF-8
vw_PontosdeOnibus.fid-5b41923a_19c3ec54e70_cc2,2497,POINT (-38.582489 -3.792361),451,"RUA COM GARCIA, 924",-3.792361,-38.582489,ETUFOR,2022,EPSG: 31984 (SIRGAS 2000 - UTM 24S); Codificação: UTF-8
vw_PontosdeOnibus.fid-5b41923a_19c3ec54e70_cc3,2498,POINT (-38.578902 -3.773831),4510,"RUA MELO DE OLIVEIRA, 927",-3.773831,-38.578902,ETUFOR,2022,EPSG: 31984 (SIRGAS 2000 - UTM 24S); Codificação: UTF-8
vw_PontosdeOnibus.fid-5b41923a_19c3ec54e70_cc4,2499,POINT (-38.578402 -3.771894),4511,"RUA ARARIPE MACEDO, 475",-3.771894,-38.578402,ETUFOR,2022,EPSG: 31984 (SIRGAS 2000 - UTM 24S); Codificação: UTF-8
vw_PontosdeOnibus.fid-5b41923a_19c3ec54e70_cc5,2500,POINT (-38.576232 -3.771766),4512,"RUA ALUISIO AZEVEDO, 356",-3.771766,-38.576232,ETUFOR,2022,EPSG: 31984 (SIRGAS 2000 - UTM 24S); Codificação: UTF-8
vw_PontosdeOnibus.fid-5b41923a_19c3ec54e70_cc6,2501,POINT (-38.578095 -3.774694),4513,"RUA PERDIGAO DE OLIVEIRA, 965",-3.774694,-38.578095,ETUFOR,2022,EPSG: 31984 (SIRGAS 2000 - UTM 24S); Codificação: UTF-8
vw_PontosdeOnibus.fid-5b41923a_19c3ec54e70_cc7,2502,POINT (-38.564498 -3.747392),4519,"RUA ARGENTINA, 97",-3.747392,-38.564498,ETUFOR,2022,EPSG: 31984 (SIRGAS 2000 - UTM 24S); Codificação: UTF-8
vw_PontosdeOnibus.fid-5b41923a_19c3ec54e70_cc8,2503,POINT (-38.579212 -3.791248),452,"RUA CON CASTRO, 2472",-3.791248,-38.579212,ETUFOR,2022,EPSG: 31984 (SIRGAS 2000 - UTM 24S); Codificação: UTF-8
vw_PontosdeOnibus.fid-5b41923a_19c3ec54e70_cc9,2504,POINT (-38.564943 -3.758512),4520,"RUA MATO GROSSO, 599",-3.758512,-38.564943,ETUFOR,2022,EPSG: 31984 (SIRGAS 2000 - UTM 24S); Codificação: UTF-8
vw_PontosdeOnibus.fid-5b41923a_19c3ec54e70_cca,2505,POINT (-38.563957 -3.756957),4521,"RUA MATO GROSSO, 433",-3.756957,-38.563957,ETUFOR,2022,EPSG: 31984 (SIRGAS 2000 - UTM 24S); Codificação: UTF-8
vw_PontosdeOnibus.fid-5b41923a_19c3ec54e70_ccb,2506,POINT (-38.564046 -3.757098),4522,"RUA MATO GROSSO, 448",-3.757098,-38.564046,ETUFOR,2022,EPSG: 31984 (SIRGAS 2000 - UTM 24S); Codificação: UTF-8
vw_PontosdeOnibus.fid-5b41923a_19c3ec54e70_ccc,2507,POINT (-38.563549 -3.756309),4523,"RUA MATO GROSSO, 280",-3.756309,-38.563549,ETUFOR,2022,EPSG: 31984 (SIRGAS 2000 - UTM 24S); Codificação: UTF-8
vw_PontosdeOnibus.fid-5b41923a_19c3ec54e70_ccd,2508,POINT (-38.562714 -3.754994),4524,"RUA MATO GROSSO, 77",-3.754994,-38.562714,ETUFOR,2022,EPSG: 31984 (SIRGAS 2000 - UTM 24S); Codificação: UTF-8
vw_PontosdeOnibus.fid-5b41923a_19c3ec54e70_cce,2509,POINT (-38.562482 -3.754623),4525,"RUA MATO GROSSO, 619B",-3.754623,-38.562482,ETUFOR,2022,EPSG: 31984 (SIRGAS 2000 - UTM 24S); Codificação: UTF-8
vw_PontosdeOnibus.fid-5b41923a_19c3ec54e70_ccf,2510,POINT (-38.475173 -3.808004),4527,"AVENIDA MAESTRO LISBOA, 395",-3.808004,-38.475173,ETUFOR,2022,EPSG: 31984 (SIRGAS 2000 - UTM 24S); Codificação: UTF-8
vw_PontosdeOnibus.fid-5b41923a_19c3ec54e70_cd0,2511,POINT (-38.469065 -3.807908),4528,"AVENIDA MAE LISBOA, 1225",-3.807908,-38.469065,ETUFOR,2022,EPSG: 31984 (SIRGAS 2000 - UTM 24S); Codificação: UTF-8
vw_PontosdeOnibus.fid-5b41923a_19c3ec54e70_cd1,2512,POINT (-38.462971 -3.807936),4529,"AVENIDA MAE LISBOA, 1780",-3.807936,-38.462971,ETUFOR,2022,EPSG: 31984 (SIRGAS 2000 - UTM 24S); Codificação: UTF-8
vw_PontosdeOnibus.fid-5b41923a_19c3ec54e70_cd2,2513,POINT (-38.579379 -3.791427),453,"RUA CON CASTRO, 2457",-3.791427,-38.579379,ETUFOR,2022,EPSG: 31984 (SIRGAS 2000 - UTM 24S); Codificação: UTF-8
vw_PontosdeOnibus.fid-5b41923a_19c3ec54e70_cd3,2514,POINT (-38.56963 -3.754865),4538,"VILA PIAUI, 1191",-3.754865,-38.56963,ETUFOR,2022,EPSG: 31984 (SIRGAS 2000 - UTM 24S); Codificação: UTF-8
vw_PontosdeOnibus.fid-5b41923a_19c3ec54e70_cd4,2515,POINT (-38.580973 -3.793162),454,"RUA CON CASTRO, 2779",-3.793162,-38.580973,ETUFOR,2022,EPSG: 31984 (SIRGAS 2000 - UTM 24S); Codificação: UTF-8
vw_PontosdeOnibus.fid-5b41923a_19c3ec54e70_cd5,2516,POINT (-38.611114 -3.772231),4543,"AVENIDA B CJ CEARA, 1413",-3.772231,-38.611114,ETUFOR,2022,EPSG: 31984 (SIRGAS 2000 - UTM 24S); Codificação: UTF-8
vw_PontosdeOnibus.fid-5b41923a_19c3ec54e70_cd6,2517,POINT (-38.609589 -3.770988),4544,"AVENIDA ALANIS MARIA LAURINDO DE OLIVEIRA, 1220",-3.770988,-38.609589,ETUFOR,2022,EPSG: 31984 (SIRGAS 2000 - UTM 24S); Codificação: UTF-8
vw_PontosdeOnibus.fid-5b41923a_19c3ec54e70_cd7,2518,POINT (-38.602425 -3.763367),4545,"AVENIDA D CJ CEARA, 1250B",-3.763367,-38.602425,ETUFOR,2022,EPSG: 31984 (SIRGAS 2000 - UTM 24S); Codificação: UTF-8
vw_PontosdeOnibus.fid-5b41923a_19c3ec54e70_cd8,2519,POINT (-38.609957 -3.767148),4546,"AVENIDA MIN ALBUQUERQUE LIMA, 187",-3.767148,-38.609957,ETUFOR,2022,EPSG: 31984 (SIRGAS 2000 - UTM 24S); Codificação: UTF-8
vw_PontosdeOnibus.fid-5b41923a_19c3ec54e70_cd9,2520,POINT (-38.61961 -3.773502),4547,"AVENIDA J CJ CEARA, 2898",-3.773502,-38.61961,ETUFOR,2022,EPSG: 31984 (SIRGAS 2000 - UTM 24S); Codificação: UTF-8
vw_PontosdeOnibus.fid-5b41923a_19c3ec54e70_cda,2521,POINT (-38.620393 -3.775025),4548,"AVENIDA J CJ CEARA, 978",-3.775025,-38.620393,ETUFOR,2022,EPSG: 31984 (SIRGAS 2000 - UTM 24S); Codificação: UTF-8
vw_PontosdeOnibus.fid-5b41923a_19c3ec54e70_cdb,2522,POINT (-38.573338 -3.817914),4549,"RUA 1 CJ SITIO CORREGO, 170",-3.817914,-38.573338,ETUFOR,2022,EPSG: 31984 (SIRGAS 2000 - UTM 24S); Codificação: UTF-8
vw_PontosdeOnibus.fid-5b41923a_19c3ec54e70_cdc,2523,POINT (-38.581316 -3.793536),455,"RUA CON CASTRO, 2760",-3.793536,-38.581316,ETUFOR,2022,EPSG: 31984 (SIRGAS 2000 - UTM 24S); Codificação: UTF-8
vw_PontosdeOnibus.fid-5b41923a_19c3ec54e70_cdd,2524,POINT (-38.570498 -3.817255),4550,"RUA 9 CJ SITIO CORREGO, 59",-3.817255,-38.570498,ETUFOR,2022,EPSG: 31984 (SIRGAS 2000 - UTM 24S); Codificação: UTF-8
vw_PontosdeOnibus.fid-5b41923a_19c3ec54e70_cde,2525,POINT (-38.485416 -3.828041),4552,"RUA MEM DE SA, 675",-3.828041,-38.485416,ETUFOR,2022,EPSG: 31984 (SIRGAS 2000 - UTM 24S); Codificação: UTF-8
vw_PontosdeOnibus.fid-5b41923a_19c3ec54e70_cdf,2526,POINT (-38.500478 -3.773437),4556,"RUA ESMERINDA MENDES, 691",-3.773437,-38.500478,ETUFOR,2022,EPSG: 31984 (SIRGAS 2000 - UTM 24S); Codificação: UTF-8
vw_PontosdeOnibus.fid-5b41923a_19c3ec54e70_ce0,2527,POINT (-38.588168 -3.799835),456,"RUA DOM XISTO ALBANO, 1906",-3.799835,-38.588168,ETUFOR,2022,EPSG: 31984 (SIRGAS 2000 - UTM 24S); Codificação: UTF-8
vw_PontosdeOnibus.fid-5b41923a_19c3ec54e70_ce1,2528,POINT (-38.57064 -3.835477),4560,"RUA PLANALTINA, 1520",-3.835477,-38.57064,ETUFOR,2022,EPSG: 31984 (SIRGAS 2000 - UTM 24S); Codificação: UTF-8
vw_PontosdeOnibus.fid-5b41923a_19c3ec54e70_ce2,2529,POINT (-38.572001 -3.837163),4563,"AVENIDA FRANCISCA MARIA DA CONCEICAO, 1221",-3.837163,-38.572001,ETUFOR,2022,EPSG: 31984 (SIRGAS 2000 - UTM 24S); Codificação: UTF-8
vw_PontosdeOnibus.fid-5b41923a_19c3ec54e70_ce3,2530,POINT (-38.571779 -3.837338),4564,"AVENIDA FRANCISCA MARIA DA CONCEICAO, 1175",-3.837338,-38.571779,ETUFOR,2022,EPSG: 31984 (SIRGAS 2000 - UTM 24S); Codificação: UTF-8
vw_PontosdeOnibus.fid-5b41923a_19c3ec54e70_ce4,2531,POINT (-38.573133 -3.836238),4565,"AVENIDA FRANCISCA MARIA DA CONCEICAO, 1480",-3.836238,-38.573133,ETUFOR,2022,EPSG: 31984 (SIRGAS 2000 - UTM 24S); Codificação: UTF-8
vw_PontosdeOnibus.fid-5b41923a_19c3ec54e70_ce5,2532,POINT (-38.57292 -3.836411),4566,"AVENIDA FRANCISCA MARIA DA CONCEICAO, 1420",-3.836411,-38.57292,ETUFOR,2022,EPSG: 31984 (SIRGAS 2000 - UTM 24S); Codificação: UTF-8
vw_PontosdeOnibus.fid-5b41923a_19c3ec54e70_ce6,2533,POINT (-38.574028 -3.837325),4567,"RUA AURORA, 170",-3.837325,-38.574028,ETUFOR,2022,EPSG: 31984 (SIRGAS 2000 - UTM 24S); Codificação: UTF-8
vw_PontosdeOnibus.fid-5b41923a_19c3ec54e70_ce7,2534,POINT (-38.574103 -3.83756),4568,"RUA VINTE QUATRO DE MAIO, 185",-3.83756,-38.574103,ETUFOR,2022,EPSG: 31984 (SIRGAS 2000 - UTM 24S); Codificação: UTF-8
vw_PontosdeOnibus.fid-5b41923a_19c3ec54e70_ce8,2535,POINT (-38.576767 -3.838746),4569,"AVENIDA NOVA FORTALEZA [72], 1080",-3.838746,-38.576767,ETUFOR,2022,EPSG: 31984 (SIRGAS 2000 - UTM 24S); Codificação: UTF-8
vw_PontosdeOnibus.fid-5b41923a_19c3ec54e70_ce9,2536,POINT (-38.578683 -3.838227),4570,"AVENIDA NOVA FORTALEZA [72], 1376",-3.838227,-38.578683,ETUFOR,2022,EPSG: 31984 (SIRGAS 2000 - UTM 24S); Codificação: UTF-8
vw_PontosdeOnibus.fid-5b41923a_19c3ec54e70_cea,2537,POINT (-38.578476 -3.838375),4571,"AVENIDA NOVA FORTALEZA [72], 1326",-3.838375,-38.578476,ETUFOR,2022,EPSG: 31984 (SIRGAS 2000 - UTM 24S); Codificação: UTF-8
vw_PontosdeOnibus.fid-5b41923a_19c3ec54e70_ceb,2538,POINT (-38.579903 -3.837905),4572,"AVENIDA NOVA FORTALEZA [72], 1578",-3.837905,-38.579903,ETUFOR,2022,EPSG: 31984 (SIRGAS 2000 - UTM 24S); Codificação: UTF-8
vw_PontosdeOnibus.fid-5b41923a_19c3ec54e70_cec,2539,POINT (-38.580304 -3.83824),4573,"RUA STA TEREZA, 390",-3.83824,-38.580304,ETUFOR,2022,EPSG: 31984 (SIRGAS 2000 - UTM 24S); Codificação: UTF-8
vw_PontosdeOnibus.fid-5b41923a_19c3ec54e70_ced,2540,POINT (-38.580735 -3.83961),4574,"RUA STA TEREZA, 447",-3.83961,-38.580735,ETUFOR,2022,EPSG: 31984 (SIRGAS 2000 - UTM 24S); Codificação: UTF-8
vw_PontosdeOnibus.fid-5b41923a_19c3ec54e70_cee,2541,POINT (-38.580793 -3.839815),4575,"RUA STA TEREZA, 447",-3.839815,-38.580793,ETUFOR,2022,EPSG: 31984 (SIRGAS 2000 - UTM 24S); Codificação: UTF-8
vw_PontosdeOnibus.fid-5b41923a_19c3ec54e70_cef,2542,POINT (-38.578859 -3.840492),4576,"AVENIDA JOAO RAMOS, 2533",-3.840492,-38.578859,ETUFOR,2022,EPSG: 31984 (SIRGAS 2000 - UTM 24S); Codificação: UTF-8
vw_PontosdeOnibus.fid-5b41923a_19c3ec54e70_cf0,2543,POINT (-38.576959 -3.841048),4578,"AVENIDA MONTE FLOR, 2242",-3.841048,-38.576959,ETUFOR,2022,EPSG: 31984 (SIRGAS 2000 - UTM 24S); Codificação: UTF-8
vw_PontosdeOnibus.fid-5b41923a_19c3ec54e70_cf1,2544,POINT (-38.575017 -3.84155),4580,"AVENIDA JOAO RAMOS, 1834",-3.84155,-38.575017,ETUFOR,2022,EPSG: 31984 (SIRGAS 2000 - UTM 24S); Codificação: UTF-8
vw_PontosdeOnibus.fid-5b41923a_19c3ec54e70_cf2,2545,POINT (-38.574949 -3.841489),4581,"AVENIDA JOAO RAMOS, 1975",-3.841489,-38.574949,ETUFOR,2022,EPSG: 31984 (SIRGAS 2000 - UTM 24S); Codificação: UTF-8
vw_PontosdeOnibus.fid-5b41923a_19c3ec54e70_cf3,2546,POINT (-38.567829 -3.843347),4582,"AVENIDA JOAO RAMOS, SN",-3.843347,-38.567829,ETUFOR,2022,EPSG: 31984 (SIRGAS 2000 - UTM 24S); Codificação: UTF-8
vw_PontosdeOnibus.fid-5b41923a_19c3ec54e70_cf4,2547,POINT (-38.567729 -3.840729),4584,"AVENIDA FRANCISCA MARIA DA CONCEICAO, 550 A",-3.840729,-38.567729,ETUFOR,2022,EPSG: 31984 (SIRGAS 2000 - UTM 24S); Codificação: UTF-8
vw_PontosdeOnibus.fid-5b41923a_19c3ec54e70_cf5,2548,POINT (-38.562431 -3.823454),4585,"AVENIDA B RES MARCOS FREIRE, SN",-3.823454,-38.562431,ETUFOR,2022,EPSG: 31984 (SIRGAS 2000 - UTM 24S); Codificação: UTF-8
vw_PontosdeOnibus.fid-5b41923a_19c3ec54e70_cf6,2549,POINT (-38.573317 -3.827085),4586,"RUA ARTUR DE SOUZA, 601",-3.827085,-38.573317,ETUFOR,2022,EPSG: 31984 (SIRGAS 2000 - UTM 24S); Codificação: UTF-8
vw_PontosdeOnibus.fid-5b41923a_19c3ec54e70_cf7,2550,POINT (-38.559579 -3.824291),4588,"RUA 3 CJ PEQ MONDUBIM, 135",-3.824291,-38.559579,ETUFOR,2022,EPSG: 31984 (SIRGAS 2000 - UTM 24S); Codificação: UTF-8
vw_PontosdeOnibus.fid-5b41923a_19c3ec54e70_cf8,2551,POINT (-38.467649 -3.788342),4589,"AVENIDA EDILSON B SOARES, 1968",-3.788342,-38.467649,ETUFOR,2022,EPSG: 31984 (SIRGAS 2000 - UTM 24S); Codificação: UTF-8
vw_PontosdeOnibus.fid-5b41923a_19c3ec54e70_cf9,2552,POINT (-38.45878 -3.793464),4590,"RUA DOR CORREIA LIMA, 1732",-3.793464,-38.45878,ETUFOR,2022,EPSG: 31984 (SIRGAS 2000 - UTM 24S); Codificação: UTF-8
vw_PontosdeOnibus.fid-5b41923a_19c3ec54e70_cfa,2553,POINT (-38.45873 -3.795133),4591,"RUA DOR CORREIA LIMA, 1800",-3.795133,-38.45873,ETUFOR,2022,EPSG: 31984 (SIRGAS 2000 - UTM 24S); Codificação: UTF-8
vw_PontosdeOnibus.fid-5b41923a_19c3ec54e70_cfb,2554,POINT (-38.469759 -3.797372),4592,"RUA EUCLIDES O DE SOUSA, 1152",-3.797372,-38.469759,ETUFOR,2022,EPSG: 31984 (SIRGAS 2000 - UTM 24S); Codificação: UTF-8
vw_PontosdeOnibus.fid-5b41923a_19c3ec54e70_cfc,2555,POINT (-38.471974 -3.791273),4593,"RUA CEL OLEGARIO MEMORIA, 1764",-3.791273,-38.471974,ETUFOR,2022,EPSG: 31984 (SIRGAS 2000 - UTM 24S); Codificação: UTF-8
vw_PontosdeOnibus.fid-5b41923a_19c3ec54e70_cfd,2556,POINT (-38.557728 -3.819625),4595,"AVENIDA BERNARDO MANOEL, S/N",-3.819625,-38.557728,ETUFOR,2022,EPSG: 31984 (SIRGAS 2000 - UTM 24S); Codificação: UTF-8
vw_PontosdeOnibus.fid-5b41923a_19c3ec54e70_cfe,2557,POINT (-38.569219 -3.809201),4596,"RUA 26 BATALHAO, 292",-3.809201,-38.569219,ETUFOR,2022,EPSG: 31984 (SIRGAS 2000 - UTM 24S); Codificação: UTF-8
vw_PontosdeOnibus.fid-5b41923a_19c3ec54e70_cff,2558,POINT (-38.565063 -3.790528),4597,"RUA NORUEGA, 220",-3.790528,-38.565063,ETUFOR,2022,EPSG: 31984 (SIRGAS 2000 - UTM 24S); Codificação: UTF-8
vw_PontosdeOnibus.fid-5b41923a_19c3ec54e70_d00,2559,POINT (-38.481336 -3.795883),4598,"AVENIDA OLIVEIRA PAIVA, 2939",-3.795883,-38.481336,ETUFOR,2022,EPSG: 31984 (SIRGAS 2000 - UTM 24S); Codificação: UTF-8
vw_PontosdeOnibus.fid-5b41923a_19c3ec54e70_d01,2560,POINT (-38.48082 -3.795757),4599,"AVENIDA OLIVEIRA PAIVA, 2989",-3.795757,-38.48082,ETUFOR,2022,EPSG: 31984 (SIRGAS 2000 - UTM 24S); Codificação: UTF-8
vw_PontosdeOnibus.fid-5b41923a_19c3ec54e70_d02,2561,POINT (-38.58521 -3.795391),460,"RUA COM GARCIA, 13534",-3.795391,-38.58521,ETUFOR,2022,EPSG: 31984 (SIRGAS 2000 - UTM 24S); Codificação: UTF-8
vw_PontosdeOnibus.fid-5b41923a_19c3ec54e70_d03,2562,POINT (-38.488974 -3.80402),4602,"RUA DOR WALTER PORTO, 1718",-3.80402,-38.488974,ETUFOR,2022,EPSG: 31984 (SIRGAS 2000 - UTM 24S); Codificação: UTF-8
vw_PontosdeOnibus.fid-5b41923a_19c3ec54e70_d04,2563,POINT (-38.497389 -3.802223),4603,"RUA JOAOZITO ARRUDA, 2250",-3.802223,-38.497389,ETUFOR,2022,EPSG: 31984 (SIRGAS 2000 - UTM 24S); Codificação: UTF-8
vw_PontosdeOnibus.fid-5b41923a_19c3ec54e70_d05,2564,POINT (-38.498338 -3.803839),4604,"RUA JOAOZITO ARRUDA, 2179",-3.803839,-38.498338,ETUFOR,2022,EPSG: 31984 (SIRGAS 2000 - UTM 24S); Codificação: UTF-8
vw_PontosdeOnibus.fid-5b41923a_19c3ec54e70_d06,2565,POINT (-38.49949 -3.803988),4605,"RUA NS 06 RES CAJAZEIRAS, 101",-3.803988,-38.49949,ETUFOR,2022,EPSG: 31984 (SIRGAS 2000 - UTM 24S); Codificação: UTF-8
vw_PontosdeOnibus.fid-5b41923a_19c3ec54e70_d07,2566,POINT (-38.499367 -3.803164),4606,"RUA NS 05 RES CAJAZEIRAS, 92",-3.803164,-38.499367,ETUFOR,2022,EPSG: 31984 (SIRGAS 2000 - UTM 24S); Codificação: UTF-8
vw_PontosdeOnibus.fid-5b41923a_19c3ec54e70_d08,2567,POINT (-38.583769 -3.796181),461,"RUA CÔNEGO DE CASTRO, 3137",-3.796181,-38.583769,ETUFOR,2022,EPSG: 31984 (SIRGAS 2000 - UTM 24S); Codificação: UTF-8
vw_PontosdeOnibus.fid-5b41923a_19c3ec54e70_d09,2568,POINT (-38.594988 -3.821284),4618,"RUA TULIPAS NEGRAS, 1700",-3.821284,-38.594988,ETUFOR,2022,EPSG: 31984 (SIRGAS 2000 - UTM 24S); Codificação: UTF-8
vw_PontosdeOnibus.fid-5b41923a_19c3ec54e70_d0a,2569,POINT (-38.59427 -3.821792),4619,"RUA TULIPAS NEGRAS, 1080",-3.821792,-38.59427,ETUFOR,2022,EPSG: 31984 (SIRGAS 2000 - UTM 24S); Codificação: UTF-8
vw_PontosdeOnibus.fid-5b41923a_19c3ec54e70_d0b,2570,POINT (-38.583869 -3.796289),462,"RUA CON CASTRO, 3198",-3.796289,-38.583869,ETUFOR,2022,EPSG: 31984 (SIRGAS 2000 - UTM 24S); Codificação: UTF-8
vw_PontosdeOnibus.fid-5b41923a_19c3ec54e70_d0c,2571,POINT (-38.593134 -3.8226),4620,"RUA TULIPAS NEGRAS, 1360",-3.8226,-38.593134,ETUFOR,2022,EPSG: 31984 (SIRGAS 2000 - UTM 24S); Codificação: UTF-8
vw_PontosdeOnibus.fid-5b41923a_19c3ec54e70_d0d,2572,POINT (-38.592165 -3.823274),4621,"RUA TULIPAS NEGRAS, 1257",-3.823274,-38.592165,ETUFOR,2022,EPSG: 31984 (SIRGAS 2000 - UTM 24S); Codificação: UTF-8
vw_PontosdeOnibus.fid-5b41923a_19c3ec54e70_d0e,2573,POINT (-38.591127 -3.820324),4624,"RUA GETULIO VARGAS, 252",-3.820324,-38.591127,ETUFOR,2022,EPSG: 31984 (SIRGAS 2000 - UTM 24S); Codificação: UTF-8
vw_PontosdeOnibus.fid-5b41923a_19c3ec54e70_d0f,2574,POINT (-38.505798 -3.798711),4629,"RODOVIA BR 116, SN",-3.798711,-38.505798,ETUFOR,2022,EPSG: 31984 (SIRGAS 2000 - UTM 24S); Codificação: UTF-8
vw_PontosdeOnibus.fid-5b41923a_19c3ec54e70_d10,2575,POINT (-38.585288 -3.797814),463,"RUA CON CASTRO, 3450",-3.797814,-38.585288,ETUFOR,2022,EPSG: 31984 (SIRGAS 2000 - UTM 24S); Codificação: UTF-8
vw_PontosdeOnibus.fid-5b41923a_19c3ec54e70_d11,2576,POINT (-38.499651 -3.790183),4631,"RUA CHICO LEMOS, 280",-3.790183,-38.499651,ETUFOR,2022,EPSG: 31984 (SIRGAS 2000 - UTM 24S); Codificação: UTF-8
vw_PontosdeOnibus.fid-5b41923a_19c3ec54e70_d12,2577,POINT (-38.488387 -3.798526),4633,"RUA JOSE FURTADO, 1658",-3.798526,-38.488387,ETUFOR,2022,EPSG: 31984 (SIRGAS 2000 - UTM 24S); Codificação: UTF-8
vw_PontosdeOnibus.fid-5b41923a_19c3ec54e70_d13,2578,POINT (-38.585752 -3.795752),464,"RUA RAIMUNDO NERY, 254 A",-3.795752,-38.585752,ETUFOR,2022,EPSG: 31984 (SIRGAS 2000 - UTM 24S); Codificação: UTF-8
vw_PontosdeOnibus.fid-5b41923a_19c3ec54e70_d14,2579,POINT (-38.593899 -3.736709),4644,"RUA ANARIO BRAGA, 903",-3.736709,-38.593899,ETUFOR,2022,EPSG: 31984 (SIRGAS 2000 - UTM 24S); Codificação: UTF-8
vw_PontosdeOnibus.fid-5b41923a_19c3ec54e70_d15,2580,POINT (-38.589038 -3.733914),4645,"AVENIDA SGT HERMINIO, 5625",-3.733914,-38.589038,ETUFOR,2022,EPSG: 31984 (SIRGAS 2000 - UTM 24S); Codificação: UTF-8
vw_PontosdeOnibus.fid-5b41923a_19c3ec54e70_d16,2581,POINT (-38.578883 -3.731367),4646,"AVENIDA SGT HERMINIO, 4305",-3.731367,-38.578883,ETUFOR,2022,EPSG: 31984 (SIRGAS 2000 - UTM 24S); Codificação: UTF-8
vw_PontosdeOnibus.fid-5b41923a_19c3ec54e70_d17,2582,POINT (-38.59582 -3.747207),4647,"RUA HIPOLITO PAMPLONA, 734",-3.747207,-38.59582,ETUFOR,2022,EPSG: 31984 (SIRGAS 2000 - UTM 24S); Codificação: UTF-8
vw_PontosdeOnibus.fid-5b41923a_19c3ec54e70_d18,2583,POINT (-38.595794 -3.747409),4648,"RUA HIPOLITO PAMPLONA, 739",-3.747409,-38.595794,ETUFOR,2022,EPSG: 31984 (SIRGAS 2000 - UTM 24S); Codificação: UTF-8
vw_PontosdeOnibus.fid-5b41923a_19c3ec54e70_d19,2584,POINT (-38.589484 -3.746723),4649,"TRAVESSA PRO JOAQUIM NOGUEIRA D29, 439",-3.746723,-38.589484,ETUFOR,2022,EPSG: 31984 (SIRGAS 2000 - UTM 24S); Codificação: UTF-8
vw_PontosdeOnibus.fid-5b41923a_19c3ec54e70_d1a,2585,POINT (-38.577123 -3.793394),465,"RUA DELTA, 740",-3.793394,-38.577123,ETUFOR,2022,EPSG: 31984 (SIRGAS 2000 - UTM 24S); Codificação: UTF-8
vw_PontosdeOnibus.fid-5b41923a_19c3ec54e70_d1b,2586,POINT (-38.584799 -3.745987),4650,"RUA DEMÉRITO DE MENEZES, 835",-3.745987,-38.584799,ETUFOR,2022,EPSG: 31984 (SIRGAS 2000 - UTM 24S); Codificação: UTF-8
vw_PontosdeOnibus.fid-5b41923a_19c3ec54e70_d1c,2587,POINT (-38.516355 -3.79549),4652,"RUA JOSE MESSEIAS MATOS, SN",-3.79549,-38.516355,ETUFOR,2022,EPSG: 31984 (SIRGAS 2000 - UTM 24S); Codificação: UTF-8
vw_PontosdeOnibus.fid-5b41923a_19c3ec54e70_d1d,2588,POINT (-38.562801 -3.736278),4654,"RUA ERICO MOTA, 66",-3.736278,-38.562801,ETUFOR,2022,EPSG: 31984 (SIRGAS 2000 - UTM 24S); Codificação: UTF-8
vw_PontosdeOnibus.fid-5b41923a_19c3ec54e70_d1e,2589,POINT (-38.587912 -3.727786),4656,"AVENIDA DA INDEPENDENCIA, 800",-3.727786,-38.587912,ETUFOR,2022,EPSG: 31984 (SIRGAS 2000 - UTM 24S); Codificação: UTF-8
vw_PontosdeOnibus.fid-5b41923a_19c3ec54e70_d1f,2590,POINT (-38.588899 -3.727503),4657,"AVENIDA DA INDEPENDENCIA, 941",-3.727503,-38.588899,ETUFOR,2022,EPSG: 31984 (SIRGAS 2000 - UTM 24S); Codificação: UTF-8
vw_PontosdeOnibus.fid-5b41923a_19c3ec54e70_d20,2591,POINT (-38.591019 -3.726895),4659,"AVENIDA DA INDEPENDENCIA, 1070",-3.726895,-38.591019,ETUFOR,2022,EPSG: 31984 (SIRGAS 2000 - UTM 24S); Codificação: UTF-8
vw_PontosdeOnibus.fid-5b41923a_19c3ec54e70_d21,2592,POINT (-38.568825 -3.793353),466,"AVENIDA GODOFREDO MACIEL, 1732",-3.793353,-38.568825,ETUFOR,2022,EPSG: 31984 (SIRGAS 2000 - UTM 24S); Codificação: UTF-8
vw_PontosdeOnibus.fid-5b41923a_19c3ec54e70_d22,2593,POINT (-38.591717 -3.726692),4660,"AVENIDA DA INDEPENDENCIA, 1252",-3.726692,-38.591717,ETUFOR,2022,EPSG: 31984 (SIRGAS 2000 - UTM 24S); Codificação: UTF-8
vw_PontosdeOnibus.fid-5b41923a_19c3ec54e70_d23,2594,POINT (-38.593819 -3.726086),4661,"AVENIDA DA INDEPENDENCIA, 1441",-3.726086,-38.593819,ETUFOR,2022,EPSG: 31984 (SIRGAS 2000 - UTM 24S); Codificação: UTF-8
vw_PontosdeOnibus.fid-5b41923a_19c3ec54e70_d24,2595,POINT (-38.594949 -3.725746),4662,"AVENIDA INDEPENDENCIA, 1621",-3.725746,-38.594949,ETUFOR,2022,EPSG: 31984 (SIRGAS 2000 - UTM 24S); Codificação: UTF-8
vw_PontosdeOnibus.fid-5b41923a_19c3ec54e70_d25,2596,POINT (-38.595828 -3.725476),4663,"AVENIDA DA INDEPENDENCIA, 1728",-3.725476,-38.595828,ETUFOR,2022,EPSG: 31984 (SIRGAS 2000 - UTM 24S); Codificação: UTF-8
vw_PontosdeOnibus.fid-5b41923a_19c3ec54e70_d26,2597,POINT (-38.597931 -3.724865),4664,"AVENIDA DA INDEPENDENCIA, 2018",-3.724865,-38.597931,ETUFOR,2022,EPSG: 31984 (SIRGAS 2000 - UTM 24S); Codificação: UTF-8
vw_PontosdeOnibus.fid-5b41923a_19c3ec54e70_d27,2598,POINT (-38.599344 -3.724446),4665,"AVENIDA DA INDEPENDENCIA, 2178",-3.724446,-38.599344,ETUFOR,2022,EPSG: 31984 (SIRGAS 2000 - UTM 24S); Codificação: UTF-8
vw_PontosdeOnibus.fid-5b41923a_19c3ec54e70_d28,2599,POINT (-38.600196 -3.73659),4666,"RUA DOMINGOS BRAGA, 262",-3.73659,-38.600196,ETUFOR,2022,EPSG: 31984 (SIRGAS 2000 - UTM 24S); Codificação: UTF-8
vw_PontosdeOnibus.fid-5b41923a_19c3ec54e70_d29,2600,POINT (-38.598457 -3.72529),4669,"RUA XXIV CIDADE OESTE, 1055",-3.72529,-38.598457,ETUFOR,2022,EPSG: 31984 (SIRGAS 2000 - UTM 24S); Codificação: UTF-8
vw_PontosdeOnibus.fid-5b41923a_19c3ec54e70_d2a,2601,POINT (-38.568743 -3.793511),467,"AVENIDA GODOFREDO MACIEL, 1732",-3.793511,-38.568743,ETUFOR,2022,EPSG: 31984 (SIRGAS 2000 - UTM 24S); Codificação: UTF-8
vw_PontosdeOnibus.fid-5b41923a_19c3ec54e70_d2b,2602,POINT (-38.590366 -3.720275),4670,"RUA CARLOS WALRAVEN, 162",-3.720275,-38.590366,ETUFOR,2022,EPSG: 31984 (SIRGAS 2000 - UTM 24S); Codificação: UTF-8
vw_PontosdeOnibus.fid-5b41923a_19c3ec54e70_d2c,2603,POINT (-38.584425 -3.732443),4671,"AVENIDA CEL CARVALHO, SN",-3.732443,-38.584425,ETUFOR,2022,EPSG: 31984 (SIRGAS 2000 - UTM 24S); Codificação: UTF-8
vw_PontosdeOnibus.fid-5b41923a_19c3ec54e70_d2d,2604,POINT (-38.584443 -3.733156),4672,"AVENIDA CEL CARVALHO, SN",-3.733156,-38.584443,ETUFOR,2022,EPSG: 31984 (SIRGAS 2000 - UTM 24S); Codificação: UTF-8
vw_PontosdeOnibus.fid-5b41923a_19c3ec54e70_d2e,2605,POINT (-38.531092 -3.795743),4673,"RUA MAL BITENCOURT, 1345",-3.795743,-38.531092,ETUFOR,2022,EPSG: 31984 (SIRGAS 2000 - UTM 24S); Codificação: UTF-8
vw_PontosdeOnibus.fid-5b41923a_19c3ec54e70_d2f,2606,POINT (-38.530371 -3.79321),4674,"RUA MAL BITENCOURT, 1050",-3.79321,-38.530371,ETUFOR,2022,EPSG: 31984 (SIRGAS 2000 - UTM 24S); Codificação: UTF-8
vw_PontosdeOnibus.fid-5b41923a_19c3ec54e70_d30,2607,POINT (-38.511075 -3.798517),4675,"RUA TEN TITO BARROS, 400",-3.798517,-38.511075,ETUFOR,2022,EPSG: 31984 (SIRGAS 2000 - UTM 24S); Codificação: UTF-8
vw_PontosdeOnibus.fid-5b41923a_19c3ec54e70_d31,2608,POINT (-38.511286 -3.798062),4676,"RUA TEN TITO BARROS, 390",-3.798062,-38.511286,ETUFOR,2022,EPSG: 31984 (SIRGAS 2000 - UTM 24S); Codificação: UTF-8
vw_PontosdeOnibus.fid-5b41923a_19c3ec54e70_d32,2609,POINT (-38.510645 -3.797012),4677,"RUA MARGARIDA DE QUEIROZ, 406",-3.797012,-38.510645,ETUFOR,2022,EPSG: 31984 (SIRGAS 2000 - UTM 24S); Codificação: UTF-8
vw_PontosdeOnibus.fid-5b41923a_19c3ec54e70_d33,2610,POINT (-38.508453 -3.797032),4678,"RUA TIBURCIO PEREIRA, 301",-3.797032,-38.508453,ETUFOR,2022,EPSG: 31984 (SIRGAS 2000 - UTM 24S); Codificação: UTF-8
vw_PontosdeOnibus.fid-5b41923a_19c3ec54e70_d34,2611,POINT (-38.577616 -3.799121),468,"RUA AMERICO ROCHA LIMA, 292",-3.799121,-38.577616,ETUFOR,2022,EPSG: 31984 (SIRGAS 2000 - UTM 24S); Codificação: UTF-8
vw_PontosdeOnibus.fid-5b41923a_19c3ec54e70_d35,2612,POINT (-38.484309 -3.787245),4680,"RUA PEDRO PAULO MOREIRA, 1518",-3.787245,-38.484309,ETUFOR,2022,EPSG: 31984 (SIRGAS 2000 - UTM 24S); Codificação: UTF-8
vw_PontosdeOnibus.fid-5b41923a_19c3ec54e70_d36,2613,POINT (-38.588724 -3.773761),4682,"RUA DIOGO CORREIA, 44",-3.773761,-38.588724,ETUFOR,2022,EPSG: 31984 (SIRGAS 2000 - UTM 24S); Codificação: UTF-8
vw_PontosdeOnibus.fid-5b41923a_19c3ec54e70_d37,2614,POINT (-38.58065 -3.799175),4684,"RUA MAJ MONTENEGRO, 748",-3.799175,-38.58065,ETUFOR,2022,EPSG: 31984 (SIRGAS 2000 - UTM 24S); Codificação: UTF-8
vw_PontosdeOnibus.fid-5b41923a_19c3ec54e70_d38,2615,POINT (-38.567691 -3.713892),4685,"AVENIDA FRANCISCO SA, 4934",-3.713892,-38.567691,ETUFOR,2022,EPSG: 31984 (SIRGAS 2000 - UTM 24S); Codificação: UTF-8
vw_PontosdeOnibus.fid-5b41923a_19c3ec54e70_d39,2616,POINT (-38.447071 -3.753581),4686,"AVENIDA DIOGUINHO, 4400",-3.753581,-38.447071,ETUFOR,2022,EPSG: 31984 (SIRGAS 2000 - UTM 24S); Codificação: UTF-8
vw_PontosdeOnibus.fid-5b41923a_19c3ec54e70_d3a,2617,POINT (-38.529702 -3.790882),4687,"RUA MAL BITENCOURT, 831",-3.790882,-38.529702,ETUFOR,2022,EPSG: 31984 (SIRGAS 2000 - UTM 24S); Codificação: UTF-8
vw_PontosdeOnibus.fid-5b41923a_19c3ec54e70_d3b,2618,POINT (-38.577389 -3.800201),469,"RUA DELTA, 1227",-3.800201,-38.577389,ETUFOR,2022,EPSG: 31984 (SIRGAS 2000 - UTM 24S); Codificação: UTF-8
vw_PontosdeOnibus.fid-5b41923a_19c3ec54e70_d3c,2619,POINT (-38.497779 -3.780102),4694,"RUA DES FAUSTINO ALBUQUERQUE, 57",-3.780102,-38.497779,ETUFOR,2022,EPSG: 31984 (SIRGAS 2000 - UTM 24S); Codificação: UTF-8
vw_PontosdeOnibus.fid-5b41923a_19c3ec54e70_d3d,2620,POINT (-38.497791 -3.78014),4695,"RUA DES FAUSTINO ALBUQUERQUE, 50",-3.78014,-38.497791,ETUFOR,2022,EPSG: 31984 (SIRGAS 2000 - UTM 24S); Codificação: UTF-8
vw_PontosdeOnibus.fid-5b41923a_19c3ec54e70_d3e,2621,POINT (-38.596735 -3.714037),4698,"AVENIDA DOM ALOISIO LORSCHEIDER, 960",-3.714037,-38.596735,ETUFOR,2022,EPSG: 31984 (SIRGAS 2000 - UTM 24S); Codificação: UTF-8
vw_PontosdeOnibus.fid-5b41923a_19c3ec54e70_d3f,2622,POINT (-38.600311 -3.718186),4699,"AVENIDA E CJ DOS BANCARIOS, 279",-3.718186,-38.600311,ETUFOR,2022,EPSG: 31984 (SIRGAS 2000 - UTM 24S); Codificação: UTF-8
vw_PontosdeOnibus.fid-5b41923a_19c3ec54e70_d40,2623,POINT (-38.578339 -3.70264),47,"RUA SEN ROBERT  KENNEDY, 269",-3.70264,-38.578339,ETUFOR,2022,EPSG: 31984 (SIRGAS 2000 - UTM 24S); Codificação: UTF-8
vw_PontosdeOnibus.fid-5b41923a_19c3ec54e70_d41,2624,POINT (-38.577257 -3.796976),470,"RUA DELTA, 997",-3.796976,-38.577257,ETUFOR,2022,EPSG: 31984 (SIRGAS 2000 - UTM 24S); Codificação: UTF-8
vw_PontosdeOnibus.fid-5b41923a_19c3ec54e70_d42,2625,POINT (-38.597772 -3.721375),4700,"AVENIDA MAJ ASSIS, 2265",-3.721375,-38.597772,ETUFOR,2022,EPSG: 31984 (SIRGAS 2000 - UTM 24S); Codificação: UTF-8
vw_PontosdeOnibus.fid-5b41923a_19c3ec54e70_d43,2626,POINT (-38.578901 -3.698711),4701,"RUA DOS ABOLICIONISTAS, 30",-3.698711,-38.578901,ETUFOR,2022,EPSG: 31984 (SIRGAS 2000 - UTM 24S); Codificação: UTF-8
vw_PontosdeOnibus.fid-5b41923a_19c3ec54e70_d44,2627,POINT (-38.582133 -3.6946),4706,"RUA COSTA OESTE, 3829",-3.6946,-38.582133,ETUFOR,2022,EPSG: 31984 (SIRGAS 2000 - UTM 24S); Codificação: UTF-8
vw_PontosdeOnibus.fid-5b41923a_19c3ec54e70_d45,2628,POINT (-38.569599 -3.7957),471,"AVENIDA GODOFREDO MACIEL, 2299",-3.7957,-38.569599,ETUFOR,2022,EPSG: 31984 (SIRGAS 2000 - UTM 24S); Codificação: UTF-8
vw_PontosdeOnibus.fid-5b41923a_19c3ec54e70_d46,2629,POINT (-38.532475 -3.817574),4711,"AVENIDA PADARIA ESPIRITUAL, SN",-3.817574,-38.532475,ETUFOR,2022,EPSG: 31984 (SIRGAS 2000 - UTM 24S); Codificação: UTF-8
vw_PontosdeOnibus.fid-5b41923a_19c3ec54e70_d47,2630,POINT (-38.532647 -3.817525),4712,"AVENIDA PADRIA ESPIRITUAL, SN",-3.817525,-38.532647,ETUFOR,2022,EPSG: 31984 (SIRGAS 2000 - UTM 24S); Codificação: UTF-8
vw_PontosdeOnibus.fid-5b41923a_19c3ec54e70_d48,2631,POINT (-38.569813 -3.795825),472,"AVENIDA GODOFREDO MACIEL, 2290",-3.795825,-38.569813,ETUFOR,2022,EPSG: 31984 (SIRGAS 2000 - UTM 24S); Codificação: UTF-8
vw_PontosdeOnibus.fid-5b41923a_19c3ec54e70_d49,2632,POINT (-38.530817 -3.756697),4721,"AVENIDA OSWALDO STUDART, S/R",-3.756697,-38.530817,ETUFOR,2022,EPSG: 31984 (SIRGAS 2000 - UTM 24S); Codificação: UTF-8
vw_PontosdeOnibus.fid-5b41923a_19c3ec54e70_d4a,2633,POINT (-38.628997 -3.812884),4729,"RUA SIQUEIRA CAMPOS, 1512",-3.812884,-38.628997,ETUFOR,2022,EPSG: 31984 (SIRGAS 2000 - UTM 24S); Codificação: UTF-8
vw_PontosdeOnibus.fid-5b41923a_19c3ec54e70_d4b,2634,POINT (-38.570056 -3.797172),473,"AVENIDA GODOFREDO MACIEL, 2440",-3.797172,-38.570056,ETUFOR,2022,EPSG: 31984 (SIRGAS 2000 - UTM 24S); Codificação: UTF-8
vw_PontosdeOnibus.fid-5b41923a_19c3ec54e70_d4c,2635,POINT (-38.62082 -3.822385),4731,"RUA ADALBERTO MALVEIRA, 140",-3.822385,-38.62082,ETUFOR,2022,EPSG: 31984 (SIRGAS 2000 - UTM 24S); Codificação: UTF-8
vw_PontosdeOnibus.fid-5b41923a_19c3ec54e70_d4d,2636,POINT (-38.586143 -3.788443),4735,"AVENIDA GAL OSORIO DE PAIVA, S/R",-3.788443,-38.586143,ETUFOR,2022,EPSG: 31984 (SIRGAS 2000 - UTM 24S); Codificação: UTF-8
vw_PontosdeOnibus.fid-5b41923a_19c3ec54e70_d4e,2637,POINT (-38.521508 -3.83024),4736,"AVENIDA CASTELO DE CASTRO, 164",-3.83024,-38.521508,ETUFOR,2022,EPSG: 31984 (SIRGAS 2000 - UTM 24S); Codificação: UTF-8
vw_PontosdeOnibus.fid-5b41923a_19c3ec54e70_d4f,2638,POINT (-38.521702 -3.837341),4737,"AVENIDA 307 CJ SAO CRISTOVAO, 848",-3.837341,-38.521702,ETUFOR,2022,EPSG: 31984 (SIRGAS 2000 - UTM 24S); Codificação: UTF-8
vw_PontosdeOnibus.fid-5b41923a_19c3ec54e70_d50,2639,POINT (-38.504471 -3.850393),4738,"RUA DIONISIO LEONEL ALENCAR, 3794",-3.850393,-38.504471,ETUFOR,2022,EPSG: 31984 (SIRGAS 2000 - UTM 24S); Codificação: UTF-8
vw_PontosdeOnibus.fid-5b41923a_19c3ec54e70_d51,2640,POINT (-38.506178 -3.851115),4739,"RUA VALPARAISO, 156",-3.851115,-38.506178,ETUFOR,2022,EPSG: 31984 (SIRGAS 2000 - UTM 24S); Codificação: UTF-8
vw_PontosdeOnibus.fid-5b41923a_19c3ec54e70_d52,2641,POINT (-38.570177 -3.797037),474,"AVENIDA GODOFREDO MACIEL, 2440",-3.797037,-38.570177,ETUFOR,2022,EPSG: 31984 (SIRGAS 2000 - UTM 24S); Codificação: UTF-8
vw_PontosdeOnibus.fid-5b41923a_19c3ec54e70_d53,2642,POINT (-38.52024 -3.843099),4743,"RUA JURIPEBA, 3067",-3.843099,-38.52024,ETUFOR,2022,EPSG: 31984 (SIRGAS 2000 - UTM 24S); Codificação: UTF-8
vw_PontosdeOnibus.fid-5b41923a_19c3ec54e70_d54,2643,POINT (-38.508312 -3.820039),4744,"AVENIDA CAP WALDEMAR PAULA LIMA, 736",-3.820039,-38.508312,ETUFOR,2022,EPSG: 31984 (SIRGAS 2000 - UTM 24S); Codificação: UTF-8
vw_PontosdeOnibus.fid-5b41923a_19c3ec54e70_d55,2644,POINT (-38.508284 -3.81994),4745,"AVENIDA CAP WALDEMAR PAULA LIMA, 724",-3.81994,-38.508284,ETUFOR,2022,EPSG: 31984 (SIRGAS 2000 - UTM 24S); Codificação: UTF-8
vw_PontosdeOnibus.fid-5b41923a_19c3ec54e70_d56,2645,POINT (-38.511135 -3.822105),4746,"RUA PARAISO, 320",-3.822105,-38.511135,ETUFOR,2022,EPSG: 31984 (SIRGAS 2000 - UTM 24S); Codificação: UTF-8
vw_PontosdeOnibus.fid-5b41923a_19c3ec54e70_d57,2646,POINT (-38.484797 -3.841037),4747,"RUA GURGEL DO AMARAL, 1410",-3.841037,-38.484797,ETUFOR,2022,EPSG: 31984 (SIRGAS 2000 - UTM 24S); Codificação: UTF-8
vw_PontosdeOnibus.fid-5b41923a_19c3ec54e70_d58,2647,POINT (-38.484337 -3.852021),4751,"RUA ASA BRANCA, 305",-3.852021,-38.484337,ETUFOR,2022,EPSG: 31984 (SIRGAS 2000 - UTM 24S); Codificação: UTF-8
vw_PontosdeOnibus.fid-5b41923a_19c3ec54e70_d59,2648,POINT (-38.482938 -3.851567),4752,"RUA FRANCISCO CARLOS, 1032",-3.851567,-38.482938,ETUFOR,2022,EPSG: 31984 (SIRGAS 2000 - UTM 24S); Codificação: UTF-8
vw_PontosdeOnibus.fid-5b41923a_19c3ec54e70_d5a,2649,POINT (-38.480573 -3.85064),4753,"RUA CEL LUIS FIDELIS, 1753",-3.85064,-38.480573,ETUFOR,2022,EPSG: 31984 (SIRGAS 2000 - UTM 24S); Codificação: UTF-8
vw_PontosdeOnibus.fid-5b41923a_19c3ec54e70_d5b,2650,POINT (-38.478502 -3.849696),4754,"RUA 03 JD DE MESSEJANA, 14",-3.849696,-38.478502,ETUFOR,2022,EPSG: 31984 (SIRGAS 2000 - UTM 24S); Codificação: UTF-8
vw_PontosdeOnibus.fid-5b41923a_19c3ec54e70_d5c,2651,POINT (-38.494825 -3.848609),4756,"RUA PEDRO DE ALENCAR, 2310",-3.848609,-38.494825,ETUFOR,2022,EPSG: 31984 (SIRGAS 2000 - UTM 24S); Codificação: UTF-8
vw_PontosdeOnibus.fid-5b41923a_19c3ec54e70_d5d,2652,POINT (-38.514098 -3.894348),4759,"RUA JORGE FIGUEIREDO, 1442",-3.894348,-38.514098,ETUFOR,2022,EPSG: 31984 (SIRGAS 2000 - UTM 24S); Codificação: UTF-8
vw_PontosdeOnibus.fid-5b41923a_19c3ec54e70_d5e,2653,POINT (-38.517208 -3.891545),4760,"RUA JORGE FIGUEIREDO, SN",-3.891545,-38.517208,ETUFOR,2022,EPSG: 31984 (SIRGAS 2000 - UTM 24S); Codificação: UTF-8
vw_PontosdeOnibus.fid-5b41923a_19c3ec54e70_d5f,2654,POINT (-38.517278 -3.891657),4761,"RUA JORGE FIGUEIREDO, SN",-3.891657,-38.517278,ETUFOR,2022,EPSG: 31984 (SIRGAS 2000 - UTM 24S); Codificação: UTF-8
vw_PontosdeOnibus.fid-5b41923a_19c3ec54e70_d60,2655,POINT (-38.520315 -3.867043),4762,"AVENIDA CEL DIONÍZIO ALENCAR / ANCURI, SN",-3.867043,-38.520315,ETUFOR,2022,EPSG: 31984 (SIRGAS 2000 - UTM 24S); Codificação: UTF-8
vw_PontosdeOnibus.fid-5b41923a_19c3ec54e70_d61,2656,POINT (-38.517837 -3.846809),4763,"AVENIDA B CJ HAB ST SAO JOAO, 125",-3.846809,-38.517837,ETUFOR,2022,EPSG: 31984 (SIRGAS 2000 - UTM 24S); Codificação: UTF-8
vw_PontosdeOnibus.fid-5b41923a_19c3ec54e70_d62,2657,POINT (-38.527078 -3.848024),4765,"RUA SILVINHA TELES D-69, 450",-3.848024,-38.527078,ETUFOR,2022,EPSG: 31984 (SIRGAS 2000 - UTM 24S); Codificação: UTF-8
vw_PontosdeOnibus.fid-5b41923a_19c3ec54e70_d63,2658,POINT (-38.542641 -3.732183),4766,"RUA JUSTINIANO DE SERPA, 115 A",-3.732183,-38.542641,ETUFOR,2022,EPSG: 31984 (SIRGAS 2000 - UTM 24S); Codificação: UTF-8
vw_PontosdeOnibus.fid-5b41923a_19c3ec54e70_d64,2659,POINT (-38.539392 -3.735806),4767,"RUA TEREZA CRISTINA, 1846",-3.735806,-38.539392,ETUFOR,2022,EPSG: 31984 (SIRGAS 2000 - UTM 24S); Codificação: UTF-8
vw_PontosdeOnibus.fid-5b41923a_19c3ec54e70_d65,2660,POINT (-38.56484 -3.729245),4769,"RUA OLAVO BILAC, 993",-3.729245,-38.56484,ETUFOR,2022,EPSG: 31984 (SIRGAS 2000 - UTM 24S); Codificação: UTF-8
vw_PontosdeOnibus.fid-5b41923a_19c3ec54e70_d66,2661,POINT (-38.56582 -3.792971),477,"RUA NORUEGA, 846",-3.792971,-38.56582,ETUFOR,2022,EPSG: 31984 (SIRGAS 2000 - UTM 24S); Codificação: UTF-8
vw_PontosdeOnibus.fid-5b41923a_19c3ec54e70_d67,2662,POINT (-38.569222 -3.730496),4770,"AVENIDA GOV PARSIFAL BARROSO, 300",-3.730496,-38.569222,ETUFOR,2022,EPSG: 31984 (SIRGAS 2000 - UTM 24S); Codificação: UTF-8
vw_PontosdeOnibus.fid-5b41923a_19c3ec54e70_d68,2663,POINT (-38.569272 -3.728364),4771,"AVENIDA GOV PARSIFAL BARROSO, 118",-3.728364,-38.569272,ETUFOR,2022,EPSG: 31984 (SIRGAS 2000 - UTM 24S); Codificação: UTF-8
vw_PontosdeOnibus.fid-5b41923a_19c3ec54e70_d69,2664,POINT (-38.56881 -3.726458),4772,"AVENIDA DOR THEBERGE, 2750",-3.726458,-38.56881,ETUFOR,2022,EPSG: 31984 (SIRGAS 2000 - UTM 24S); Codificação: UTF-8
vw_PontosdeOnibus.fid-5b41923a_19c3ec54e70_d6a,2665,POINT (-38.56795 -3.723538),4773,"AVENIDA DOR THEBERGE, 2416",-3.723538,-38.56795,ETUFOR,2022,EPSG: 31984 (SIRGAS 2000 - UTM 24S); Codificação: UTF-8
vw_PontosdeOnibus.fid-5b41923a_19c3ec54e70_d6b,2666,POINT (-38.564211 -3.722486),4775,"RUA BARÃO DO CRATO, SN",-3.722486,-38.564211,ETUFOR,2022,EPSG: 31984 (SIRGAS 2000 - UTM 24S); Codificação: UTF-8
vw_PontosdeOnibus.fid-5b41923a_19c3ec54e70_d6c,2667,POINT (-38.568176 -3.724503),4776,"AVENIDA DOR THEBERGE, 2520",-3.724503,-38.568176,ETUFOR,2022,EPSG: 31984 (SIRGAS 2000 - UTM 24S); Codificação: UTF-8
vw_PontosdeOnibus.fid-5b41923a_19c3ec54e70_d6d,2668,POINT (-38.558957 -3.71149),4777,"AVENIDA PASTEUR, 654",-3.71149,-38.558957,ETUFOR,2022,EPSG: 31984 (SIRGAS 2000 - UTM 24S); Codificação: UTF-8
vw_PontosdeOnibus.fid-5b41923a_19c3ec54e70_d6e,2669,POINT (-38.553003 -3.710265),4778,"TRAVESSA NOSSA SRA DAS GRACAS, 503",-3.710265,-38.553003,ETUFOR,2022,EPSG: 31984 (SIRGAS 2000 - UTM 24S); Codificação: UTF-8
vw_PontosdeOnibus.fid-5b41923a_19c3ec54e70_d6f,2670,POINT (-38.552922 -3.710302),4779,"TRAVESSA NOSSA SRA DAS GRACAS, 503",-3.710302,-38.552922,ETUFOR,2022,EPSG: 31984 (SIRGAS 2000 - UTM 24S); Codificação: UTF-8
vw_PontosdeOnibus.fid-5b41923a_19c3ec54e70_d70,2671,POINT (-38.55712 -3.709142),4781,"RUA NOSSA SRA DAS GRACAS, 1021",-3.709142,-38.55712,ETUFOR,2022,EPSG: 31984 (SIRGAS 2000 - UTM 24S); Codificação: UTF-8
vw_PontosdeOnibus.fid-5b41923a_19c3ec54e70_d71,2672,POINT (-38.543452 -3.7148),4783,"AVENIDA PRS CASTELO BRANCO, SN",-3.7148,-38.543452,ETUFOR,2022,EPSG: 31984 (SIRGAS 2000 - UTM 24S); Codificação: UTF-8
vw_PontosdeOnibus.fid-5b41923a_19c3ec54e70_d72,2673,POINT (-38.542548 -3.721098),4784,"RUA SÃO PAULO, 1941",-3.721098,-38.542548,ETUFOR,2022,EPSG: 31984 (SIRGAS 2000 - UTM 24S); Codificação: UTF-8
vw_PontosdeOnibus.fid-5b41923a_19c3ec54e70_d73,2674,POINT (-38.587379 -3.71947),4785,"AVENIDA CEL CARVALHO, 1925",-3.71947,-38.587379,ETUFOR,2022,EPSG: 31984 (SIRGAS 2000 - UTM 24S); Codificação: UTF-8
vw_PontosdeOnibus.fid-5b41923a_19c3ec54e70_d74,2675,POINT (-38.580233 -3.728357),4788,"RUA RAIMUNDO BIZARRIA, 1037",-3.728357,-38.580233,ETUFOR,2022,EPSG: 31984 (SIRGAS 2000 - UTM 24S); Codificação: UTF-8
vw_PontosdeOnibus.fid-5b41923a_19c3ec54e70_d75,2676,POINT (-38.569911 -3.783811),4791,"RUA PRIMEIRO DE JANEIRO, 1066",-3.783811,-38.569911,ETUFOR,2022,EPSG: 31984 (SIRGAS 2000 - UTM 24S); Codificação: UTF-8
vw_PontosdeOnibus.fid-5b41923a_19c3ec54e70_d76,2677,POINT (-38.572163 -3.783622),4794,"RUA CON CASTRO, 1358",-3.783622,-38.572163,ETUFOR,2022,EPSG: 31984 (SIRGAS 2000 - UTM 24S); Codificação: UTF-8
vw_PontosdeOnibus.fid-5b41923a_19c3ec54e70_d77,2678,POINT (-38.516591 -3.796589),4796,"RUA JOSE MESSEIAS MATOS, 600",-3.796589,-38.516591,ETUFOR,2022,EPSG: 31984 (SIRGAS 2000 - UTM 24S); Codificação: UTF-8
vw_PontosdeOnibus.fid-5b41923a_19c3ec54e70_d78,2679,POINT (-38.516892 -3.798008),4797,"RUA JOSE MESSEIAS MATOS, 736",-3.798008,-38.516892,ETUFOR,2022,EPSG: 31984 (SIRGAS 2000 - UTM 24S); Codificação: UTF-8
vw_PontosdeOnibus.fid-5b41923a_19c3ec54e70_d79,2680,POINT (-38.516903 -3.798061),4798,"RUA JOSE MESSEIAS MATOS, 747",-3.798061,-38.516903,ETUFOR,2022,EPSG: 31984 (SIRGAS 2000 - UTM 24S); Codificação: UTF-8
vw_PontosdeOnibus.fid-5b41923a_19c3ec54e70_d7a,2681,POINT (-38.517212 -3.799513),4799,"RUA JOSE MESSEIAS MATOS, 930",-3.799513,-38.517212,ETUFOR,2022,EPSG: 31984 (SIRGAS 2000 - UTM 24S); Codificação: UTF-8
vw_PontosdeOnibus.fid-5b41923a_19c3ec54e70_d7b,2682,POINT (-38.517211 -3.799511),4800,"RUA JOSE MESSEIAS MATOS, 921",-3.799511,-38.517211,ETUFOR,2022,EPSG: 31984 (SIRGAS 2000 - UTM 24S); Codificação: UTF-8
vw_PontosdeOnibus.fid-5b41923a_19c3ec54e70_d7c,2683,POINT (-38.517972 -3.801141),4801,"RUA B ESPL CASTELAO, 226",-3.801141,-38.517972,ETUFOR,2022,EPSG: 31984 (SIRGAS 2000 - UTM 24S); Codificação: UTF-8
vw_PontosdeOnibus.fid-5b41923a_19c3ec54e70_d7d,2684,POINT (-38.519329 -3.803241),4802,"RUA ADELIA FEIJO, 120",-3.803241,-38.519329,ETUFOR,2022,EPSG: 31984 (SIRGAS 2000 - UTM 24S); Codificação: UTF-8
vw_PontosdeOnibus.fid-5b41923a_19c3ec54e70_d7e,2685,POINT (-38.518273 -3.804113),4803,"RUA ADELIA FEIJO, 355",-3.804113,-38.518273,ETUFOR,2022,EPSG: 31984 (SIRGAS 2000 - UTM 24S); Codificação: UTF-8
vw_PontosdeOnibus.fid-5b41923a_19c3ec54e70_d7f,2686,POINT (-38.523093 -3.815639),4807,"RUA AMANCIO PEREIRA, 502",-3.815639,-38.523093,ETUFOR,2022,EPSG: 31984 (SIRGAS 2000 - UTM 24S); Codificação: UTF-8
vw_PontosdeOnibus.fid-5b41923a_19c3ec54e70_d80,2687,POINT (-38.524004 -3.81839),4809,"RUA CRISTAIS PAULISTA, 1175",-3.81839,-38.524004,ETUFOR,2022,EPSG: 31984 (SIRGAS 2000 - UTM 24S); Codificação: UTF-8
vw_PontosdeOnibus.fid-5b41923a_19c3ec54e70_d81,2688,POINT (-38.567423 -3.791776),481,"AVENIDA GODOFREDO MACIEL, SN",-3.791776,-38.567423,ETUFOR,2022,EPSG: 31984 (SIRGAS 2000 - UTM 24S); Codificação: UTF-8
vw_PontosdeOnibus.fid-5b41923a_19c3ec54e70_d82,2689,POINT (-38.479832 -3.746218),4817,"RUA PRO OTAVIO LOBO, SN",-3.746218,-38.479832,ETUFOR,2022,EPSG: 31984 (SIRGAS 2000 - UTM 24S); Codificação: UTF-8
vw_PontosdeOnibus.fid-5b41923a_19c3ec54e70_d83,2690,POINT (-38.478622 -3.744105),4818,"RUA PRO OTAVIO LOBO, 590",-3.744105,-38.478622,ETUFOR,2022,EPSG: 31984 (SIRGAS 2000 - UTM 24S); Codificação: UTF-8
vw_PontosdeOnibus.fid-5b41923a_19c3ec54e70_d84,2691,POINT (-38.567578 -3.791709),482,"AVENIDA GODOFREDO MACIEL, SN",-3.791709,-38.567578,ETUFOR,2022,EPSG: 31984 (SIRGAS 2000 - UTM 24S); Codificação: UTF-8
vw_PontosdeOnibus.fid-5b41923a_19c3ec54e70_d85,2692,POINT (-38.482525 -3.776301),4821,"RUA LUIZA MIRANDA COELHO, 15011531",-3.776301,-38.482525,ETUFOR,2022,EPSG: 31984 (SIRGAS 2000 - UTM 24S); Codificação: UTF-8
vw_PontosdeOnibus.fid-5b41923a_19c3ec54e70_d86,2693,POINT (-38.496968 -3.812778),4822,"RUA ARAUJO TORREAO, SN",-3.812778,-38.496968,ETUFOR,2022,EPSG: 31984 (SIRGAS 2000 - UTM 24S); Codificação: UTF-8
vw_PontosdeOnibus.fid-5b41923a_19c3ec54e70_d87,2694,POINT (-38.497058 -3.812573),4823,"RUA ARAUJO TORREAO, SN",-3.812573,-38.497058,ETUFOR,2022,EPSG: 31984 (SIRGAS 2000 - UTM 24S); Codificação: UTF-8
vw_PontosdeOnibus.fid-5b41923a_19c3ec54e70_d88,2695,POINT (-38.49616 -3.81268),4824,"RUA INACIO VASCONCELOS, 343",-3.81268,-38.49616,ETUFOR,2022,EPSG: 31984 (SIRGAS 2000 - UTM 24S); Codificação: UTF-8
vw_PontosdeOnibus.fid-5b41923a_19c3ec54e70_d89,2696,POINT (-38.495343 -3.812315),4825,"RUA INACIO VASCONCELOS, 400",-3.812315,-38.495343,ETUFOR,2022,EPSG: 31984 (SIRGAS 2000 - UTM 24S); Codificação: UTF-8
vw_PontosdeOnibus.fid-5b41923a_19c3ec54e70_d8a,2697,POINT (-38.494185 -3.811804),4826,"RUA INACIO VASCONCELOS, 550",-3.811804,-38.494185,ETUFOR,2022,EPSG: 31984 (SIRGAS 2000 - UTM 24S); Codificação: UTF-8
vw_PontosdeOnibus.fid-5b41923a_19c3ec54e70_d8b,2698,POINT (-38.492521 -3.814756),4829,"RUA HOMEM DE MELO, 654",-3.814756,-38.492521,ETUFOR,2022,EPSG: 31984 (SIRGAS 2000 - UTM 24S); Codificação: UTF-8
vw_PontosdeOnibus.fid-5b41923a_19c3ec54e70_d8c,2699,POINT (-38.492693 -3.814832),4830,"RUA HOMEM DE MELO, 640",-3.814832,-38.492693,ETUFOR,2022,EPSG: 31984 (SIRGAS 2000 - UTM 24S); Codificação: UTF-8
vw_PontosdeOnibus.fid-5b41923a_19c3ec54e70_d8d,2700,POINT (-38.494498 -3.815636),4831,"RUA ELISARIO MENDES, 421",-3.815636,-38.494498,ETUFOR,2022,EPSG: 31984 (SIRGAS 2000 - UTM 24S); Codificação: UTF-8
vw_PontosdeOnibus.fid-5b41923a_19c3ec54e70_d8e,2701,POINT (-38.548427 -3.767036),4833,"RUA ISAIAS BORIS, 336",-3.767036,-38.548427,ETUFOR,2022,EPSG: 31984 (SIRGAS 2000 - UTM 24S); Codificação: UTF-8
vw_PontosdeOnibus.fid-5b41923a_19c3ec54e70_d8f,2702,POINT (-38.492024 -3.809694),4835,"AVENIDA MIN JOSE AMERICO, 888",-3.809694,-38.492024,ETUFOR,2022,EPSG: 31984 (SIRGAS 2000 - UTM 24S); Codificação: UTF-8
vw_PontosdeOnibus.fid-5b41923a_19c3ec54e70_d90,2703,POINT (-38.493624 -3.810242),4836,"AVENIDA MIN JOSE AMERICO, 686",-3.810242,-38.493624,ETUFOR,2022,EPSG: 31984 (SIRGAS 2000 - UTM 24S); Codificação: UTF-8
vw_PontosdeOnibus.fid-5b41923a_19c3ec54e70_d91,2704,POINT (-38.495116 -3.810874),4837,"AVENIDA MIN JOSE AMERICO, 495",-3.810874,-38.495116,ETUFOR,2022,EPSG: 31984 (SIRGAS 2000 - UTM 24S); Codificação: UTF-8
vw_PontosdeOnibus.fid-5b41923a_19c3ec54e70_d92,2705,POINT (-38.497023 -3.811861),4838,"AVENIDA MIN JOSE AMERICO, 505",-3.811861,-38.497023,ETUFOR,2022,EPSG: 31984 (SIRGAS 2000 - UTM 24S); Codificação: UTF-8
vw_PontosdeOnibus.fid-5b41923a_19c3ec54e70_d93,2706,POINT (-38.506555 -3.827512),4839,"RUA MOCAMBINHO, 980",-3.827512,-38.506555,ETUFOR,2022,EPSG: 31984 (SIRGAS 2000 - UTM 24S); Codificação: UTF-8
vw_PontosdeOnibus.fid-5b41923a_19c3ec54e70_d94,2707,POINT (-38.566119 -3.796476),484,"RUA LEON GRADVOHL, 299",-3.796476,-38.566119,ETUFOR,2022,EPSG: 31984 (SIRGAS 2000 - UTM 24S); Codificação: UTF-8
vw_PontosdeOnibus.fid-5b41923a_19c3ec54e70_d95,2708,POINT (-38.488498 -3.769694),4843,"RUA GONTRAN GIFONI, 1080",-3.769694,-38.488498,ETUFOR,2022,EPSG: 31984 (SIRGAS 2000 - UTM 24S); Codificação: UTF-8
vw_PontosdeOnibus.fid-5b41923a_19c3ec54e70_d96,2709,POINT (-38.520853 -3.753519),4846,"AVENIDA 13 DE MAIO, 100",-3.753519,-38.520853,ETUFOR,2022,EPSG: 31984 (SIRGAS 2000 - UTM 24S); Codificação: UTF-8
vw_PontosdeOnibus.fid-5b41923a_19c3ec54e70_d97,2710,POINT (-38.559589 -3.713448),4847,"AVENIDA PASTEUR, 856",-3.713448,-38.559589,ETUFOR,2022,EPSG: 31984 (SIRGAS 2000 - UTM 24S); Codificação: UTF-8
vw_PontosdeOnibus.fid-5b41923a_19c3ec54e70_d98,2711,POINT (-38.559556 -3.713348),4848,"AVENIDA PASTEUR, 863",-3.713348,-38.559556,ETUFOR,2022,EPSG: 31984 (SIRGAS 2000 - UTM 24S); Codificação: UTF-8
vw_PontosdeOnibus.fid-5b41923a_19c3ec54e70_d99,2712,POINT (-38.565982 -3.796042),485,"RUA LEON GRADVOHL, 299",-3.796042,-38.565982,ETUFOR,2022,EPSG: 31984 (SIRGAS 2000 - UTM 24S); Codificação: UTF-8
vw_PontosdeOnibus.fid-5b41923a_19c3ec54e70_d9a,2713,POINT (-38.554673 -3.709742),4850,"RUA NOSSA SRA DAS GRACAS, 452",-3.709742,-38.554673,ETUFOR,2022,EPSG: 31984 (SIRGAS 2000 - UTM 24S); Codificação: UTF-8
vw_PontosdeOnibus.fid-5b41923a_19c3ec54e70_d9b,2714,POINT (-38.554585 -3.709756),4851,"RUA NOSSA SRA DAS GRACAS, 693",-3.709756,-38.554585,ETUFOR,2022,EPSG: 31984 (SIRGAS 2000 - UTM 24S); Codificação: UTF-8
vw_PontosdeOnibus.fid-5b41923a_19c3ec54e70_d9c,2715,POINT (-38.562277 -3.70751),4852,"RUA NOSSA SRA DAS GRACAS, 1255",-3.70751,-38.562277,ETUFOR,2022,EPSG: 31984 (SIRGAS 2000 - UTM 24S); Codificação: UTF-8
vw_PontosdeOnibus.fid-5b41923a_19c3ec54e70_d9d,2716,POINT (-38.562507 -3.707441),4853,"RUA NOSSA SRA DAS GRACAS, 1312",-3.707441,-38.562507,ETUFOR,2022,EPSG: 31984 (SIRGAS 2000 - UTM 24S); Codificação: UTF-8
vw_PontosdeOnibus.fid-5b41923a_19c3ec54e70_d9e,2717,POINT (-38.55824 -3.708708),4854,"RUA NOSSA SRA DAS GRACAS, 1021",-3.708708,-38.55824,ETUFOR,2022,EPSG: 31984 (SIRGAS 2000 - UTM 24S); Codificação: UTF-8
vw_PontosdeOnibus.fid-5b41923a_19c3ec54e70_d9f,2718,POINT (-38.558394 -3.708664),4855,"RUA NOSSA SRA DAS GRACAS, 1012",-3.708664,-38.558394,ETUFOR,2022,EPSG: 31984 (SIRGAS 2000 - UTM 24S); Codificação: UTF-8
vw_PontosdeOnibus.fid-5b41923a_19c3ec54e70_da0,2719,POINT (-38.547319 -3.746766),4856,"AVENIDA JOSE BASTOS, 2840",-3.746766,-38.547319,ETUFOR,2022,EPSG: 31984 (SIRGAS 2000 - UTM 24S); Codificação: UTF-8
vw_PontosdeOnibus.fid-5b41923a_19c3ec54e70_da1,2720,POINT (-38.506656 -3.79633),4857,"RODOVIA BR 116, 1289",-3.79633,-38.506656,ETUFOR,2022,EPSG: 31984 (SIRGAS 2000 - UTM 24S); Codificação: UTF-8
vw_PontosdeOnibus.fid-5b41923a_19c3ec54e70_da2,2721,POINT (-38.566151 -3.797089),486,"RUA FRANCISCO GLICERIO, 470",-3.797089,-38.566151,ETUFOR,2022,EPSG: 31984 (SIRGAS 2000 - UTM 24S); Codificação: UTF-8
vw_PontosdeOnibus.fid-5b41923a_19c3ec54e70_da3,2722,POINT (-38.565995 -3.805198),4861,"AVENIDA BENJAMIM BRASIL, 714 A",-3.805198,-38.565995,ETUFOR,2022,EPSG: 31984 (SIRGAS 2000 - UTM 24S); Codificação: UTF-8
vw_PontosdeOnibus.fid-5b41923a_19c3ec54e70_da4,2723,POINT (-38.562368 -3.799952),4863,"RUA 10 CAMPO DOS INGLESES, 615",-3.799952,-38.562368,ETUFOR,2022,EPSG: 31984 (SIRGAS 2000 - UTM 24S); Codificação: UTF-8
vw_PontosdeOnibus.fid-5b41923a_19c3ec54e70_da5,2724,POINT (-38.563362 -3.784915),4864,"RUA FAGUNDES VARELA, 685",-3.784915,-38.563362,ETUFOR,2022,EPSG: 31984 (SIRGAS 2000 - UTM 24S); Codificação: UTF-8
vw_PontosdeOnibus.fid-5b41923a_19c3ec54e70_da6,2725,POINT (-38.47607 -3.791347),4865,"AVENIDA ENG LEAL LIMA VERDE, 274",-3.791347,-38.47607,ETUFOR,2022,EPSG: 31984 (SIRGAS 2000 - UTM 24S); Codificação: UTF-8
vw_PontosdeOnibus.fid-5b41923a_19c3ec54e70_da7,2726,POINT (-38.536281 -3.78207),4866,"RUA SEN CARLOS JEREISSATI, 1550",-3.78207,-38.536281,ETUFOR,2022,EPSG: 31984 (SIRGAS 2000 - UTM 24S); Codificação: UTF-8
vw_PontosdeOnibus.fid-5b41923a_19c3ec54e70_da8,2727,POINT (-38.546654 -3.778712),4867,"AVENIDA SEN CARLOS JEREISSATI, S/N",-3.778712,-38.546654,ETUFOR,2022,EPSG: 31984 (SIRGAS 2000 - UTM 24S); Codificação: UTF-8
vw_PontosdeOnibus.fid-5b41923a_19c3ec54e70_da9,2728,POINT (-38.524345 -3.821376),4868,"RUA SILVIA MARIA PEROBA PESSOA, 103",-3.821376,-38.524345,ETUFOR,2022,EPSG: 31984 (SIRGAS 2000 - UTM 24S); Codificação: UTF-8
vw_PontosdeOnibus.fid-5b41923a_19c3ec54e70_daa,2729,POINT (-38.524283 -3.821108),4869,"RUA SILVIA MARIA PEROBA PESSOA, 50",-3.821108,-38.524283,ETUFOR,2022,EPSG: 31984 (SIRGAS 2000 - UTM 24S); Codificação: UTF-8
vw_PontosdeOnibus.fid-5b41923a_19c3ec54e70_dab,2730,POINT (-38.566049 -3.797119),487,"RUA FRANCISCO GLICERIO, 475",-3.797119,-38.566049,ETUFOR,2022,EPSG: 31984 (SIRGAS 2000 - UTM 24S); Codificação: UTF-8
vw_PontosdeOnibus.fid-5b41923a_19c3ec54e70_dac,2731,POINT (-38.525483 -3.821137),4870,"RUA ESMERALDA, 119",-3.821137,-38.525483,ETUFOR,2022,EPSG: 31984 (SIRGAS 2000 - UTM 24S); Codificação: UTF-8
vw_PontosdeOnibus.fid-5b41923a_19c3ec54e70_dad,2732,POINT (-38.525412 -3.820798),4871,"RUA ESMERALDA, 120",-3.820798,-38.525412,ETUFOR,2022,EPSG: 31984 (SIRGAS 2000 - UTM 24S); Codificação: UTF-8
vw_PontosdeOnibus.fid-5b41923a_19c3ec54e70_dae,2733,POINT (-38.524527 -3.819628),4872,"RUA EMILIANO DE ALMEIDA BRAGA, 1109",-3.819628,-38.524527,ETUFOR,2022,EPSG: 31984 (SIRGAS 2000 - UTM 24S); Codificação: UTF-8
vw_PontosdeOnibus.fid-5b41923a_19c3ec54e70_daf,2734,POINT (-38.516834 -3.771574),4873,"RODOVIA BR 116, SN",-3.771574,-38.516834,ETUFOR,2022,EPSG: 31984 (SIRGAS 2000 - UTM 24S); Codificação: UTF-8
vw_PontosdeOnibus.fid-5b41923a_19c3ec54e70_db0,2735,POINT (-38.516688 -3.77121),4874,"RODOVIA BR 116, SN",-3.77121,-38.516688,ETUFOR,2022,EPSG: 31984 (SIRGAS 2000 - UTM 24S); Codificação: UTF-8
vw_PontosdeOnibus.fid-5b41923a_19c3ec54e70_db1,2736,POINT (-38.501616 -3.807856),4875,"RODOVIA BR 116, 2658",-3.807856,-38.501616,ETUFOR,2022,EPSG: 31984 (SIRGAS 2000 - UTM 24S); Codificação: UTF-8
vw_PontosdeOnibus.fid-5b41923a_19c3ec54e70_db2,2737,POINT (-38.497299 -3.861515),4877,"RODOVIA BR 116, SN",-3.861515,-38.497299,ETUFOR,2022,EPSG: 31984 (SIRGAS 2000 - UTM 24S); Codificação: UTF-8
vw_PontosdeOnibus.fid-5b41923a_19c3ec54e70_db3,2738,POINT (-38.497962 -3.868544),4878,"RODOVIA BR 116, 4920",-3.868544,-38.497962,ETUFOR,2022,EPSG: 31984 (SIRGAS 2000 - UTM 24S); Codificação: UTF-8
vw_PontosdeOnibus.fid-5b41923a_19c3ec54e70_db4,2739,POINT (-38.542307 -3.715186),4879,"AVENIDA PRS CASTELO BRANCO, 2110",-3.715186,-38.542307,ETUFOR,2022,EPSG: 31984 (SIRGAS 2000 - UTM 24S); Codificação: UTF-8
vw_PontosdeOnibus.fid-5b41923a_19c3ec54e70_db5,2740,POINT (-38.565727 -3.799133),488,"RUA ROSA CRUZ, 222",-3.799133,-38.565727,ETUFOR,2022,EPSG: 31984 (SIRGAS 2000 - UTM 24S); Codificação: UTF-8
vw_PontosdeOnibus.fid-5b41923a_19c3ec54e70_db6,2741,POINT (-38.481208 -3.788223),4881,"RUA ENG ANTONIO F ANTERO, 465",-3.788223,-38.481208,ETUFOR,2022,EPSG: 31984 (SIRGAS 2000 - UTM 24S); Codificação: UTF-8
vw_PontosdeOnibus.fid-5b41923a_19c3ec54e70_db7,2742,POINT (-38.479699 -3.789388),4885,"AVENIDA EDILSON B SOARES, SN",-3.789388,-38.479699,ETUFOR,2022,EPSG: 31984 (SIRGAS 2000 - UTM 24S); Codificação: UTF-8
vw_PontosdeOnibus.fid-5b41923a_19c3ec54e70_db8,2743,POINT (-38.477821 -3.790724),4887,"RUA ELISEU ORIA, 239",-3.790724,-38.477821,ETUFOR,2022,EPSG: 31984 (SIRGAS 2000 - UTM 24S); Codificação: UTF-8
vw_PontosdeOnibus.fid-5b41923a_19c3ec54e70_db9,2744,POINT (-38.598649 -3.770232),4889,"AVENIDA MIN ALBUQUERQUE LIMA, 1431",-3.770232,-38.598649,ETUFOR,2022,EPSG: 31984 (SIRGAS 2000 - UTM 24S); Codificação: UTF-8
vw_PontosdeOnibus.fid-5b41923a_19c3ec54e70_dba,2745,POINT (-38.565668 -3.799149),489,"RUA ROSA CRUZ, 222",-3.799149,-38.565668,ETUFOR,2022,EPSG: 31984 (SIRGAS 2000 - UTM 24S); Codificação: UTF-8
vw_PontosdeOnibus.fid-5b41923a_19c3ec54e70_dbb,2746,POINT (-38.59604 -3.745581),4890,"RUA HIPOLITO PAMPLONA, 412",-3.745581,-38.59604,ETUFOR,2022,EPSG: 31984 (SIRGAS 2000 - UTM 24S); Codificação: UTF-8
vw_PontosdeOnibus.fid-5b41923a_19c3ec54e70_dbc,2747,POINT (-38.52363 -3.83367),4891,"RUA 212 CJ SAO CRISTOVAO, 274",-3.83367,-38.52363,ETUFOR,2022,EPSG: 31984 (SIRGAS 2000 - UTM 24S); Codificação: UTF-8
vw_PontosdeOnibus.fid-5b41923a_19c3ec54e70_dbd,2748,POINT (-38.523585 -3.83221),4892,"RUA 212 CJ SAO CRISTOVAO, 61",-3.83221,-38.523585,ETUFOR,2022,EPSG: 31984 (SIRGAS 2000 - UTM 24S); Codificação: UTF-8
vw_PontosdeOnibus.fid-5b41923a_19c3ec54e70_dbe,2791,POINT (-38.545603 -3.745248),4945,"AVENIDA JOSE BASTOS,",-3.745248,-38.545603,ETUFOR,2022,EPSG: 31984 (SIRGAS 2000 - UTM 24S); Codificação: UTF-8
vw_PontosdeOnibus.fid-5b41923a_19c3ec54e70_dbf,2749,POINT (-38.589756 -3.829259),4893,"RUA JUVENCIO PORFIRIO SALES, 844",-3.829259,-38.589756,ETUFOR,2022,EPSG: 31984 (SIRGAS 2000 - UTM 24S); Codificação: UTF-8
vw_PontosdeOnibus.fid-5b41923a_19c3ec54e70_dc0,2750,POINT (-38.523073 -3.785704),4894,"RUA PEDRO DANTAS, 625",-3.785704,-38.523073,ETUFOR,2022,EPSG: 31984 (SIRGAS 2000 - UTM 24S); Codificação: UTF-8
vw_PontosdeOnibus.fid-5b41923a_19c3ec54e70_dc1,2751,POINT (-38.599712 -3.823453),4896,"RUA HERCULANO PENA, S/N",-3.823453,-38.599712,ETUFOR,2022,EPSG: 31984 (SIRGAS 2000 - UTM 24S); Codificação: UTF-8
vw_PontosdeOnibus.fid-5b41923a_19c3ec54e70_dc2,2752,POINT (-38.597889 -3.824675),4897,"RUA HERCULANO PENA, 1441",-3.824675,-38.597889,ETUFOR,2022,EPSG: 31984 (SIRGAS 2000 - UTM 24S); Codificação: UTF-8
vw_PontosdeOnibus.fid-5b41923a_19c3ec54e70_dc3,2753,POINT (-38.596434 -3.824184),4898,"RUA INA BRITO, 1454",-3.824184,-38.596434,ETUFOR,2022,EPSG: 31984 (SIRGAS 2000 - UTM 24S); Codificação: UTF-8
vw_PontosdeOnibus.fid-5b41923a_19c3ec54e70_dc4,2754,POINT (-38.595371 -3.82133),4899,"RUA VICENTE CELESTINO, 896",-3.82133,-38.595371,ETUFOR,2022,EPSG: 31984 (SIRGAS 2000 - UTM 24S); Codificação: UTF-8
vw_PontosdeOnibus.fid-5b41923a_19c3ec54e70_dc5,2755,POINT (-38.577431 -3.700678),49,"RUA SEN ROBERT  KENNEDY, 161",-3.700678,-38.577431,ETUFOR,2022,EPSG: 31984 (SIRGAS 2000 - UTM 24S); Codificação: UTF-8
vw_PontosdeOnibus.fid-5b41923a_19c3ec54e70_dc6,2756,POINT (-38.564117 -3.798141),490,"TRAVESSA CLOVIS METON, 315",-3.798141,-38.564117,ETUFOR,2022,EPSG: 31984 (SIRGAS 2000 - UTM 24S); Codificação: UTF-8
vw_PontosdeOnibus.fid-5b41923a_19c3ec54e70_dc7,2757,POINT (-38.41697 -3.8083),4900,"AVENIDA MAE MANOEL MAVIGNIER, 6975",-3.8083,-38.41697,ETUFOR,2022,EPSG: 31984 (SIRGAS 2000 - UTM 24S); Codificação: UTF-8
vw_PontosdeOnibus.fid-5b41923a_19c3ec54e70_dc8,2758,POINT (-38.416846 -3.80832),4901,"AVENIDA MAE MANOEL MAVIGNIER, 6975",-3.80832,-38.416846,ETUFOR,2022,EPSG: 31984 (SIRGAS 2000 - UTM 24S); Codificação: UTF-8
vw_PontosdeOnibus.fid-5b41923a_19c3ec54e70_dc9,2759,POINT (-38.588314 -3.78967),4902,"RUA AGAMENON, SN",-3.78967,-38.588314,ETUFOR,2022,EPSG: 31984 (SIRGAS 2000 - UTM 24S); Codificação: UTF-8
vw_PontosdeOnibus.fid-5b41923a_19c3ec54e70_dca,2760,POINT (-38.582704 -3.7619),4903,"AVENIDA SEN FERNANDES TAVORA, 1018",-3.7619,-38.582704,ETUFOR,2022,EPSG: 31984 (SIRGAS 2000 - UTM 24S); Codificação: UTF-8
vw_PontosdeOnibus.fid-5b41923a_19c3ec54e70_dcb,2761,POINT (-38.59939 -3.723256),4906,"RUA PEDRO FERREIRA, 1960",-3.723256,-38.59939,ETUFOR,2022,EPSG: 31984 (SIRGAS 2000 - UTM 24S); Codificação: UTF-8
vw_PontosdeOnibus.fid-5b41923a_19c3ec54e70_dcc,2762,POINT (-38.600583 -3.722557),4907,"RUA PEDRO SAMPAIO, 1289",-3.722557,-38.600583,ETUFOR,2022,EPSG: 31984 (SIRGAS 2000 - UTM 24S); Codificação: UTF-8
vw_PontosdeOnibus.fid-5b41923a_19c3ec54e70_dcd,2763,POINT (-38.601562 -3.723171),4908,"RUA CAMPOS MOURAO, 2018",-3.723171,-38.601562,ETUFOR,2022,EPSG: 31984 (SIRGAS 2000 - UTM 24S); Codificação: UTF-8
vw_PontosdeOnibus.fid-5b41923a_19c3ec54e70_dce,2764,POINT (-38.602005 -3.724263),4909,"RUA STA MARIA GORETE, 104 A",-3.724263,-38.602005,ETUFOR,2022,EPSG: 31984 (SIRGAS 2000 - UTM 24S); Codificação: UTF-8
vw_PontosdeOnibus.fid-5b41923a_19c3ec54e70_dcf,2765,POINT (-38.564042 -3.797733),491,"RUA FRANCISCO GLICERIO, S/R",-3.797733,-38.564042,ETUFOR,2022,EPSG: 31984 (SIRGAS 2000 - UTM 24S); Codificação: UTF-8
vw_PontosdeOnibus.fid-5b41923a_19c3ec54e70_dd0,2766,POINT (-38.602103 -3.726094),4910,"RUA IV CIDADE OESTE, 333",-3.726094,-38.602103,ETUFOR,2022,EPSG: 31984 (SIRGAS 2000 - UTM 24S); Codificação: UTF-8
vw_PontosdeOnibus.fid-5b41923a_19c3ec54e70_dd1,2767,POINT (-38.546881 -3.74262),4911,"AVENIDA PDE CICERO, 458",-3.74262,-38.546881,ETUFOR,2022,EPSG: 31984 (SIRGAS 2000 - UTM 24S); Codificação: UTF-8
vw_PontosdeOnibus.fid-5b41923a_19c3ec54e70_dd2,2768,POINT (-38.548976 -3.740711),4912,"AVENIDA PDE CICERO, 783",-3.740711,-38.548976,ETUFOR,2022,EPSG: 31984 (SIRGAS 2000 - UTM 24S); Codificação: UTF-8
vw_PontosdeOnibus.fid-5b41923a_19c3ec54e70_dd3,2769,POINT (-38.549189 -3.742004),4913,"RUA TIRADENTES, 493",-3.742004,-38.549189,ETUFOR,2022,EPSG: 31984 (SIRGAS 2000 - UTM 24S); Codificação: UTF-8
vw_PontosdeOnibus.fid-5b41923a_19c3ec54e70_dd4,2770,POINT (-38.552916 -3.742734),4914,"RUA FRANCISCA CLOTILDE, 550",-3.742734,-38.552916,ETUFOR,2022,EPSG: 31984 (SIRGAS 2000 - UTM 24S); Codificação: UTF-8
vw_PontosdeOnibus.fid-5b41923a_19c3ec54e70_dd5,2771,POINT (-38.552929 -3.742748),4915,"RUA FRANCISCA CLOTILDE, 526",-3.742748,-38.552929,ETUFOR,2022,EPSG: 31984 (SIRGAS 2000 - UTM 24S); Codificação: UTF-8
vw_PontosdeOnibus.fid-5b41923a_19c3ec54e70_dd6,2772,POINT (-38.542382 -3.757061),4918,"RUA SAMUEL UCHOA, 172",-3.757061,-38.542382,ETUFOR,2022,EPSG: 31984 (SIRGAS 2000 - UTM 24S); Codificação: UTF-8
vw_PontosdeOnibus.fid-5b41923a_19c3ec54e70_dd7,2773,POINT (-38.534655 -3.793591),492,"AVENIDA SILAS MUNGUBA, SN",-3.793591,-38.534655,ETUFOR,2022,EPSG: 31984 (SIRGAS 2000 - UTM 24S); Codificação: UTF-8
vw_PontosdeOnibus.fid-5b41923a_19c3ec54e70_dd8,2774,POINT (-38.591544 -3.740065),4921,"RUA HUGO VITOR, 51",-3.740065,-38.591544,ETUFOR,2022,EPSG: 31984 (SIRGAS 2000 - UTM 24S); Codificação: UTF-8
vw_PontosdeOnibus.fid-5b41923a_19c3ec54e70_dd9,2775,POINT (-38.530141 -3.800787),4922,"AVENIDA DR SILAS MUNGUBA, 6448",-3.800787,-38.530141,ETUFOR,2022,EPSG: 31984 (SIRGAS 2000 - UTM 24S); Codificação: UTF-8
vw_PontosdeOnibus.fid-5b41923a_19c3ec54e70_dda,2776,POINT (-38.47269 -3.771688),4926,"RUA COMERCIO    (D57), S/R",-3.771688,-38.47269,ETUFOR,2022,EPSG: 31984 (SIRGAS 2000 - UTM 24S); Codificação: UTF-8
vw_PontosdeOnibus.fid-5b41923a_19c3ec54e70_ddb,2777,POINT (-38.517355 -3.76395),4927,"RUA CAP VASCONCELOS    (D46), 231",-3.76395,-38.517355,ETUFOR,2022,EPSG: 31984 (SIRGAS 2000 - UTM 24S); Codificação: UTF-8
vw_PontosdeOnibus.fid-5b41923a_19c3ec54e70_ddc,2778,POINT (-38.494885 -3.770365),4928,"RUA DORALICE COSTA, 110",-3.770365,-38.494885,ETUFOR,2022,EPSG: 31984 (SIRGAS 2000 - UTM 24S); Codificação: UTF-8
vw_PontosdeOnibus.fid-5b41923a_19c3ec54e70_ddd,2779,POINT (-38.496589 -3.769807),4929,"RUA DOURALICE COSTA, 690",-3.769807,-38.496589,ETUFOR,2022,EPSG: 31984 (SIRGAS 2000 - UTM 24S); Codificação: UTF-8
vw_PontosdeOnibus.fid-5b41923a_19c3ec54e70_dde,2780,POINT (-38.532999 -3.795186),493,"AVENIDA DEDÉ BRASIL, 4813",-3.795186,-38.532999,ETUFOR,2022,EPSG: 31984 (SIRGAS 2000 - UTM 24S); Codificação: UTF-8
vw_PontosdeOnibus.fid-5b41923a_19c3ec54e70_ddf,2781,POINT (-38.497409 -3.770868),4930,"TRAVESSA LIV LUIZ MAIA, 253",-3.770868,-38.497409,ETUFOR,2022,EPSG: 31984 (SIRGAS 2000 - UTM 24S); Codificação: UTF-8
vw_PontosdeOnibus.fid-5b41923a_19c3ec54e70_de0,2782,POINT (-38.494651 -3.774644),4931,"RUA MON CARNEIRO DA CUNHA, 118",-3.774644,-38.494651,ETUFOR,2022,EPSG: 31984 (SIRGAS 2000 - UTM 24S); Codificação: UTF-8
vw_PontosdeOnibus.fid-5b41923a_19c3ec54e70_de1,2783,POINT (-38.501652 -3.780635),4933,"AVENIDA ROGACIANO LEITE, 2513",-3.780635,-38.501652,ETUFOR,2022,EPSG: 31984 (SIRGAS 2000 - UTM 24S); Codificação: UTF-8
vw_PontosdeOnibus.fid-5b41923a_19c3ec54e70_de2,2784,POINT (-38.502259 -3.780814),4935,"RUA PDE FRANCISCO PITA, 437",-3.780814,-38.502259,ETUFOR,2022,EPSG: 31984 (SIRGAS 2000 - UTM 24S); Codificação: UTF-8
vw_PontosdeOnibus.fid-5b41923a_19c3ec54e70_de3,2785,POINT (-38.506051 -3.786295),4936,"RUA BARRA NOVA, 147",-3.786295,-38.506051,ETUFOR,2022,EPSG: 31984 (SIRGAS 2000 - UTM 24S); Codificação: UTF-8
vw_PontosdeOnibus.fid-5b41923a_19c3ec54e70_de4,2786,POINT (-38.50508 -3.782397),4937,"RUA BARRA NOVA, 1280",-3.782397,-38.50508,ETUFOR,2022,EPSG: 31984 (SIRGAS 2000 - UTM 24S); Codificação: UTF-8
vw_PontosdeOnibus.fid-5b41923a_19c3ec54e70_de5,2787,POINT (-38.485609 -3.784684),4938,"AVENIDA EDUARDO BRIGIDO MONTEIRO, SN",-3.784684,-38.485609,ETUFOR,2022,EPSG: 31984 (SIRGAS 2000 - UTM 24S); Codificação: UTF-8
vw_PontosdeOnibus.fid-5b41923a_19c3ec54e70_de6,2788,POINT (-38.551768 -3.832829),4939,"AVENIDA N JOSÉ WALTER, 711",-3.832829,-38.551768,ETUFOR,2022,EPSG: 31984 (SIRGAS 2000 - UTM 24S); Codificação: UTF-8
vw_PontosdeOnibus.fid-5b41923a_19c3ec54e70_de7,2789,POINT (-38.532871 -3.795193),494,"AVENIDA DEDE BRASIL, 4813",-3.795193,-38.532871,ETUFOR,2022,EPSG: 31984 (SIRGAS 2000 - UTM 24S); Codificação: UTF-8
vw_PontosdeOnibus.fid-5b41923a_19c3ec54e70_de8,2790,POINT (-38.549691 -3.786669),4941,"AVENIDA DR. SILAS MUNGUBA, 2672",-3.786669,-38.549691,ETUFOR,2022,EPSG: 31984 (SIRGAS 2000 - UTM 24S); Codificação: UTF-8
vw_PontosdeOnibus.fid-5b41923a_19c3ec54e70_de9,2792,POINT (-38.460713 -3.832427),4946,"RUA NEUZA FERREIRA, 50",-3.832427,-38.460713,ETUFOR,2022,EPSG: 31984 (SIRGAS 2000 - UTM 24S); Codificação: UTF-8
vw_PontosdeOnibus.fid-5b41923a_19c3ec54e70_dea,2793,POINT (-38.490168 -3.817564),4947,"RUA JOHN LENNON, SN",-3.817564,-38.490168,ETUFOR,2022,EPSG: 31984 (SIRGAS 2000 - UTM 24S); Codificação: UTF-8
vw_PontosdeOnibus.fid-5b41923a_19c3ec54e70_deb,2794,POINT (-38.489766 -3.817228),4948,"RUA PEDRO A SILVA, 737",-3.817228,-38.489766,ETUFOR,2022,EPSG: 31984 (SIRGAS 2000 - UTM 24S); Codificação: UTF-8
vw_PontosdeOnibus.fid-5b41923a_19c3ec54e70_dec,2795,POINT (-38.49049 -3.821089),4949,"RUA JOHN LENNON, 569",-3.821089,-38.49049,ETUFOR,2022,EPSG: 31984 (SIRGAS 2000 - UTM 24S); Codificação: UTF-8
vw_PontosdeOnibus.fid-5b41923a_19c3ec54e70_ded,2796,POINT (-38.497852 -3.868975),4950,"RODOVIA BR 116, 4665",-3.868975,-38.497852,ETUFOR,2022,EPSG: 31984 (SIRGAS 2000 - UTM 24S); Codificação: UTF-8
vw_PontosdeOnibus.fid-5b41923a_19c3ec54e70_dee,2797,POINT (-38.497835 -3.865159),4952,"RODOVIA BR 116, 4220",-3.865159,-38.497835,ETUFOR,2022,EPSG: 31984 (SIRGAS 2000 - UTM 24S); Codificação: UTF-8
vw_PontosdeOnibus.fid-5b41923a_19c3ec54e70_def,2798,POINT (-38.496668 -3.858849),4953,"RODOVIA BR 116, 3815",-3.858849,-38.496668,ETUFOR,2022,EPSG: 31984 (SIRGAS 2000 - UTM 24S); Codificação: UTF-8
vw_PontosdeOnibus.fid-5b41923a_19c3ec54e70_df0,2799,POINT (-38.50104 -3.881141),4954,"RODOVIA BR 116, SN",-3.881141,-38.50104,ETUFOR,2022,EPSG: 31984 (SIRGAS 2000 - UTM 24S); Codificação: UTF-8
vw_PontosdeOnibus.fid-5b41923a_19c3ec54e70_df1,2800,POINT (-38.500977 -3.881799),4955,"RODOVIA BR 116, S/Nº",-3.881799,-38.500977,ETUFOR,2022,EPSG: 31984 (SIRGAS 2000 - UTM 24S); Codificação: UTF-8
vw_PontosdeOnibus.fid-5b41923a_19c3ec54e70_df2,2801,POINT (-38.496197 -3.856321),4956,"RODOVIA BR 116, 3118",-3.856321,-38.496197,ETUFOR,2022,EPSG: 31984 (SIRGAS 2000 - UTM 24S); Codificação: UTF-8
vw_PontosdeOnibus.fid-5b41923a_19c3ec54e70_df3,2802,POINT (-38.496897 -3.86076),4957,"RODOVIA BR 116, 3515",-3.86076,-38.496897,ETUFOR,2022,EPSG: 31984 (SIRGAS 2000 - UTM 24S); Codificação: UTF-8
vw_PontosdeOnibus.fid-5b41923a_19c3ec54e70_df4,2803,POINT (-38.553796 -3.809995),4960,"RUA 13 PLANALTO ITAPERI, 85",-3.809995,-38.553796,ETUFOR,2022,EPSG: 31984 (SIRGAS 2000 - UTM 24S); Codificação: UTF-8
vw_PontosdeOnibus.fid-5b41923a_19c3ec54e70_df5,2804,POINT (-38.547178 -3.805263),4961,"RUA H LOT EXPEDICIONÁRIOS, SN",-3.805263,-38.547178,ETUFOR,2022,EPSG: 31984 (SIRGAS 2000 - UTM 24S); Codificação: UTF-8
vw_PontosdeOnibus.fid-5b41923a_19c3ec54e70_df6,2805,POINT (-38.552761 -3.809483),4972,"RUA 12 PLANALTO ITAPERI, 151",-3.809483,-38.552761,ETUFOR,2022,EPSG: 31984 (SIRGAS 2000 - UTM 24S); Codificação: UTF-8
vw_PontosdeOnibus.fid-5b41923a_19c3ec54e70_df7,2806,POINT (-38.520284 -3.733728),4979,"RUA DNA LEOPOLDINA, 907",-3.733728,-38.520284,ETUFOR,2022,EPSG: 31984 (SIRGAS 2000 - UTM 24S); Codificação: UTF-8
vw_PontosdeOnibus.fid-5b41923a_19c3ec54e70_df8,2807,POINT (-38.530257 -3.792812),498,"RUA MAL BITENCOURT, 1019",-3.792812,-38.530257,ETUFOR,2022,EPSG: 31984 (SIRGAS 2000 - UTM 24S); Codificação: UTF-8
vw_PontosdeOnibus.fid-5b41923a_19c3ec54e70_df9,2808,POINT (-38.532161 -3.733229),4982,"RUA METON DE ALENCAR, SN",-3.733229,-38.532161,ETUFOR,2022,EPSG: 31984 (SIRGAS 2000 - UTM 24S); Codificação: UTF-8
vw_PontosdeOnibus.fid-5b41923a_19c3ec54e70_dfa,2809,POINT (-38.559317 -3.755838),4989,"RUA CEL NUNES DE MELO, 2260",-3.755838,-38.559317,ETUFOR,2022,EPSG: 31984 (SIRGAS 2000 - UTM 24S); Codificação: UTF-8
vw_PontosdeOnibus.fid-5b41923a_19c3ec54e70_dfb,2810,POINT (-38.531603 -3.79707),499,"AVENIDA DEDE BRASIL, 4997",-3.79707,-38.531603,ETUFOR,2022,EPSG: 31984 (SIRGAS 2000 - UTM 24S); Codificação: UTF-8
vw_PontosdeOnibus.fid-5b41923a_19c3ec54e70_dfc,2811,POINT (-38.559405 -3.755925),4990,"RUA CEL NUNES DE MELO, 2249",-3.755925,-38.559405,ETUFOR,2022,EPSG: 31984 (SIRGAS 2000 - UTM 24S); Codificação: UTF-8
vw_PontosdeOnibus.fid-5b41923a_19c3ec54e70_dfd,2812,POINT (-38.56182 -3.75473),4992,"RUA AMAZONAS, 540",-3.75473,-38.56182,ETUFOR,2022,EPSG: 31984 (SIRGAS 2000 - UTM 24S); Codificação: UTF-8
vw_PontosdeOnibus.fid-5b41923a_19c3ec54e70_dfe,2813,POINT (-38.546571 -3.803331),4994,"RUA H LOT EXPEDICIONÁRIOS, 337",-3.803331,-38.546571,ETUFOR,2022,EPSG: 31984 (SIRGAS 2000 - UTM 24S); Codificação: UTF-8
vw_PontosdeOnibus.fid-5b41923a_19c3ec54e70_dff,2814,POINT (-38.501713 -3.887891),4996,"RODOVIA BR 116, 6421",-3.887891,-38.501713,ETUFOR,2022,EPSG: 31984 (SIRGAS 2000 - UTM 24S); Codificação: UTF-8
vw_PontosdeOnibus.fid-5b41923a_19c3ec54e70_e00,2815,POINT (-38.501907 -3.887852),4997,"RODOVIA BR 116, 7698",-3.887852,-38.501907,ETUFOR,2022,EPSG: 31984 (SIRGAS 2000 - UTM 24S); Codificação: UTF-8
vw_PontosdeOnibus.fid-5b41923a_19c3ec54e70_e01,2816,POINT (-38.500583 -3.877911),4998,"RODOVIA BR 116, S/N",-3.877911,-38.500583,ETUFOR,2022,EPSG: 31984 (SIRGAS 2000 - UTM 24S); Codificação: UTF-8
vw_PontosdeOnibus.fid-5b41923a_19c3ec54e70_e02,2817,POINT (-38.500267 -3.877523),4999,"RODOVIA LERISSE PORTO, S/N",-3.877523,-38.500267,ETUFOR,2022,EPSG: 31984 (SIRGAS 2000 - UTM 24S); Codificação: UTF-8
vw_PontosdeOnibus.fid-5b41923a_19c3ec54e70_e03,2818,POINT (-38.588491 -3.700216),5,"AVENIDA RAD JOSÉ LIMA VERDE, CUCA BARR",-3.700216,-38.588491,ETUFOR,2022,EPSG: 31984 (SIRGAS 2000 - UTM 24S); Codificação: UTF-8
vw_PontosdeOnibus.fid-5b41923a_19c3ec54e70_e04,2819,POINT (-38.531641 -3.797168),500,"AVENIDA DEDÉ BRASIL, 5002",-3.797168,-38.531641,ETUFOR,2022,EPSG: 31984 (SIRGAS 2000 - UTM 24S); Codificação: UTF-8
vw_PontosdeOnibus.fid-5b41923a_19c3ec54e70_e05,2820,POINT (-38.468788 -3.815395),5001,"AVENIDA ODILON GUIMARAES, 3705",-3.815395,-38.468788,ETUFOR,2022,EPSG: 31984 (SIRGAS 2000 - UTM 24S); Codificação: UTF-8
vw_PontosdeOnibus.fid-5b41923a_19c3ec54e70_e06,2821,POINT (-38.624339 -3.783486),5004,"AVENIDA OSCAR ARARIPE, 3780",-3.783486,-38.624339,ETUFOR,2022,EPSG: 31984 (SIRGAS 2000 - UTM 24S); Codificação: UTF-8
vw_PontosdeOnibus.fid-5b41923a_19c3ec54e70_e07,2822,POINT (-38.580268 -3.807327),5005,"RUA WALDIR DIOGO, 329",-3.807327,-38.580268,ETUFOR,2022,EPSG: 31984 (SIRGAS 2000 - UTM 24S); Codificação: UTF-8
vw_PontosdeOnibus.fid-5b41923a_19c3ec54e70_e08,2823,POINT (-38.54336 -3.798236),5006,"RUA 8 PLANALTO MIRASSOL, 141",-3.798236,-38.54336,ETUFOR,2022,EPSG: 31984 (SIRGAS 2000 - UTM 24S); Codificação: UTF-8
vw_PontosdeOnibus.fid-5b41923a_19c3ec54e70_e09,2824,POINT (-38.53057 -3.799916),501,"AVENIDA DR SILAS MUNGUBA, 6400",-3.799916,-38.53057,ETUFOR,2022,EPSG: 31984 (SIRGAS 2000 - UTM 24S); Codificação: UTF-8
vw_PontosdeOnibus.fid-5b41923a_19c3ec54e70_e0a,2825,POINT (-38.550629 -3.770815),5016,"RUA 15 DE NOVEMBRO, 1094",-3.770815,-38.550629,ETUFOR,2022,EPSG: 31984 (SIRGAS 2000 - UTM 24S); Codificação: UTF-8
vw_PontosdeOnibus.fid-5b41923a_19c3ec54e70_e0b,2826,POINT (-38.486313 -3.763434),5017,"RUA FIRMINO ROCHA AGUIAR, SN",-3.763434,-38.486313,ETUFOR,2022,EPSG: 31984 (SIRGAS 2000 - UTM 24S); Codificação: UTF-8
vw_PontosdeOnibus.fid-5b41923a_19c3ec54e70_e0c,2827,POINT (-38.550571 -3.775152),5018,"AVENIDA SEN CARLOS JEREISSATI, 1087",-3.775152,-38.550571,ETUFOR,2022,EPSG: 31984 (SIRGAS 2000 - UTM 24S); Codificação: UTF-8
vw_PontosdeOnibus.fid-5b41923a_19c3ec54e70_e0d,2828,POINT (-38.51801 -3.794821),502,"AVENIDA ALBERTO CRAVEIRO, 1795",-3.794821,-38.51801,ETUFOR,2022,EPSG: 31984 (SIRGAS 2000 - UTM 24S); Codificação: UTF-8
vw_PontosdeOnibus.fid-5b41923a_19c3ec54e70_e0e,2829,POINT (-38.594551 -3.740666),5022,"RUA PDE PERDIGAO SAMPAIO, 492",-3.740666,-38.594551,ETUFOR,2022,EPSG: 31984 (SIRGAS 2000 - UTM 24S); Codificação: UTF-8
vw_PontosdeOnibus.fid-5b41923a_19c3ec54e70_e0f,2830,POINT (-38.498721 -3.783307),5025,"RUA DES FAUSTINO ALBUQUERQUE, 335",-3.783307,-38.498721,ETUFOR,2022,EPSG: 31984 (SIRGAS 2000 - UTM 24S); Codificação: UTF-8
vw_PontosdeOnibus.fid-5b41923a_19c3ec54e70_e10,2831,POINT (-38.499136 -3.784776),5027,"RUA DES FAUSTINO ALBUQUERQUE, 583",-3.784776,-38.499136,ETUFOR,2022,EPSG: 31984 (SIRGAS 2000 - UTM 24S); Codificação: UTF-8
vw_PontosdeOnibus.fid-5b41923a_19c3ec54e70_e11,2832,POINT (-38.518215 -3.794809),503,"AVENIDA ALBERTO CRAVEIRO, 1670",-3.794809,-38.518215,ETUFOR,2022,EPSG: 31984 (SIRGAS 2000 - UTM 24S); Codificação: UTF-8
vw_PontosdeOnibus.fid-5b41923a_19c3ec54e70_e12,2833,POINT (-38.529105 -3.737228),5033,"RUA DOMINGOS OLIMPIO, 591",-3.737228,-38.529105,ETUFOR,2022,EPSG: 31984 (SIRGAS 2000 - UTM 24S); Codificação: UTF-8
vw_PontosdeOnibus.fid-5b41923a_19c3ec54e70_e13,2834,POINT (-38.534099 -3.74471),5034,"RUA BAR RIO BRANCO, 2928",-3.74471,-38.534099,ETUFOR,2022,EPSG: 31984 (SIRGAS 2000 - UTM 24S); Codificação: UTF-8
vw_PontosdeOnibus.fid-5b41923a_19c3ec54e70_e14,2835,POINT (-38.532756 -3.740559),5035,"RUA BAR RIO BRANCO, 2732",-3.740559,-38.532756,ETUFOR,2022,EPSG: 31984 (SIRGAS 2000 - UTM 24S); Codificação: UTF-8
vw_PontosdeOnibus.fid-5b41923a_19c3ec54e70_e15,2836,POINT (-38.532261 -3.739048),5036,"RUA BAR RIO BRANCO, SN",-3.739048,-38.532261,ETUFOR,2022,EPSG: 31984 (SIRGAS 2000 - UTM 24S); Codificação: UTF-8
vw_PontosdeOnibus.fid-5b41923a_19c3ec54e70_e16,2837,POINT (-38.539126 -3.733951),5037,"RUA DOMINGOS OLIMPIO, 1800",-3.733951,-38.539126,ETUFOR,2022,EPSG: 31984 (SIRGAS 2000 - UTM 24S); Codificação: UTF-8
vw_PontosdeOnibus.fid-5b41923a_19c3ec54e70_e17,2838,POINT (-38.532207 -3.730067),5039,"RUA PEDRO PRIMEIRO, 856",-3.730067,-38.532207,ETUFOR,2022,EPSG: 31984 (SIRGAS 2000 - UTM 24S); Codificação: UTF-8
vw_PontosdeOnibus.fid-5b41923a_19c3ec54e70_e18,2839,POINT (-38.51758 -3.792782),504,"AVENIDA ALBERTO CRAVEIRO, 1425",-3.792782,-38.51758,ETUFOR,2022,EPSG: 31984 (SIRGAS 2000 - UTM 24S); Codificação: UTF-8
vw_PontosdeOnibus.fid-5b41923a_19c3ec54e70_e19,2840,POINT (-38.52924 -3.721633),5043,"RUA GAL SAMPAIO, SN",-3.721633,-38.52924,ETUFOR,2022,EPSG: 31984 (SIRGAS 2000 - UTM 24S); Codificação: UTF-8
vw_PontosdeOnibus.fid-5b41923a_19c3ec54e70_e1a,2841,POINT (-38.577691 -3.783557),5044,"RUA LEAO DO NORTE, 323",-3.783557,-38.577691,ETUFOR,2022,EPSG: 31984 (SIRGAS 2000 - UTM 24S); Codificação: UTF-8
vw_PontosdeOnibus.fid-5b41923a_19c3ec54e70_e1b,2842,POINT (-38.584811 -3.787135),5046,"AVENIDA AUGUSTO DOS ANJOS, SN",-3.787135,-38.584811,ETUFOR,2022,EPSG: 31984 (SIRGAS 2000 - UTM 24S); Codificação: UTF-8
vw_PontosdeOnibus.fid-5b41923a_19c3ec54e70_e1c,2843,POINT (-38.589588 -3.800256),5048,"RUA COM GARCIA, 2060",-3.800256,-38.589588,ETUFOR,2022,EPSG: 31984 (SIRGAS 2000 - UTM 24S); Codificação: UTF-8
vw_PontosdeOnibus.fid-5b41923a_19c3ec54e70_e1d,2844,POINT (-38.582835 -3.80537),5049,"TRAVESSA WALDIR DIOGO, 67",-3.80537,-38.582835,ETUFOR,2022,EPSG: 31984 (SIRGAS 2000 - UTM 24S); Codificação: UTF-8
vw_PontosdeOnibus.fid-5b41923a_19c3ec54e70_e1e,2845,POINT (-38.554033 -3.748457),5051,"RUA PAPI JUNIOR, 1383",-3.748457,-38.554033,ETUFOR,2022,EPSG: 31984 (SIRGAS 2000 - UTM 24S); Codificação: UTF-8
vw_PontosdeOnibus.fid-5b41923a_19c3ec54e70_e1f,2846,POINT (-38.602219 -3.713725),5053,"RUA BETA, 204",-3.713725,-38.602219,ETUFOR,2022,EPSG: 31984 (SIRGAS 2000 - UTM 24S); Codificação: UTF-8
vw_PontosdeOnibus.fid-5b41923a_19c3ec54e70_e20,2847,POINT (-38.607234 -3.775393),5054,"AVENIDA H CJ CEARA, 1076",-3.775393,-38.607234,ETUFOR,2022,EPSG: 31984 (SIRGAS 2000 - UTM 24S); Codificação: UTF-8
vw_PontosdeOnibus.fid-5b41923a_19c3ec54e70_e21,2848,POINT (-38.620471 -3.798971),5056,"RUA URUCUTUBA, 2477",-3.798971,-38.620471,ETUFOR,2022,EPSG: 31984 (SIRGAS 2000 - UTM 24S); Codificação: UTF-8
vw_PontosdeOnibus.fid-5b41923a_19c3ec54e70_e22,2849,POINT (-38.605924 -3.808878),5058,"AVENIDA GAL OSORIO DE PAIVA, 6023",-3.808878,-38.605924,ETUFOR,2022,EPSG: 31984 (SIRGAS 2000 - UTM 24S); Codificação: UTF-8
vw_PontosdeOnibus.fid-5b41923a_19c3ec54e70_e23,2850,POINT (-38.425181 -3.811201),5059,"AVENIDA MAE MANOEL MAVIGNIER, 5860",-3.811201,-38.425181,ETUFOR,2022,EPSG: 31984 (SIRGAS 2000 - UTM 24S); Codificação: UTF-8
vw_PontosdeOnibus.fid-5b41923a_19c3ec54e70_e24,2851,POINT (-38.433366 -3.810046),5060,"AVENIDA MAE MANOEL MAVIGNIER, 5512",-3.810046,-38.433366,ETUFOR,2022,EPSG: 31984 (SIRGAS 2000 - UTM 24S); Codificação: UTF-8
vw_PontosdeOnibus.fid-5b41923a_19c3ec54e70_e25,2852,POINT (-38.499108 -3.813487),5061,"AVENIDA FRE CIRILO, 3333",-3.813487,-38.499108,ETUFOR,2022,EPSG: 31984 (SIRGAS 2000 - UTM 24S); Codificação: UTF-8
vw_PontosdeOnibus.fid-5b41923a_19c3ec54e70_e26,2853,POINT (-38.480494 -3.845447),5062,"RUA JOSÉ TEIXEIRA COSTA, SN",-3.845447,-38.480494,ETUFOR,2022,EPSG: 31984 (SIRGAS 2000 - UTM 24S); Codificação: UTF-8
vw_PontosdeOnibus.fid-5b41923a_19c3ec54e70_e27,2854,POINT (-38.523075 -3.868274),5064,"AVENIDA CEL DIONÍZIO ALENCAR / ANCURI, SN",-3.868274,-38.523075,ETUFOR,2022,EPSG: 31984 (SIRGAS 2000 - UTM 24S); Codificação: UTF-8
vw_PontosdeOnibus.fid-5b41923a_19c3ec54e70_e28,2855,POINT (-38.52646 -3.870718),5065,"AVENIDA CEL DIONÍZIO ALENCAR / ANCURI, SN",-3.870718,-38.52646,ETUFOR,2022,EPSG: 31984 (SIRGAS 2000 - UTM 24S); Codificação: UTF-8
vw_PontosdeOnibus.fid-5b41923a_19c3ec54e70_e29,2856,POINT (-38.528192 -3.873853),5066,"AVENIDA CEL DIONÍZIO ALENCAR / ANCURI, 1790",-3.873853,-38.528192,ETUFOR,2022,EPSG: 31984 (SIRGAS 2000 - UTM 24S); Codificação: UTF-8
vw_PontosdeOnibus.fid-5b41923a_19c3ec54e70_e2a,2857,POINT (-38.528698 -3.875411),5067,"AVENIDA CEL DIONÍZIO ALENCAR / ANCURI, 1923",-3.875411,-38.528698,ETUFOR,2022,EPSG: 31984 (SIRGAS 2000 - UTM 24S); Codificação: UTF-8
vw_PontosdeOnibus.fid-5b41923a_19c3ec54e70_e2b,2858,POINT (-38.511257 -3.845445),5068,"RUA MORADA NOVA, 528",-3.845445,-38.511257,ETUFOR,2022,EPSG: 31984 (SIRGAS 2000 - UTM 24S); Codificação: UTF-8
vw_PontosdeOnibus.fid-5b41923a_19c3ec54e70_e2c,2859,POINT (-38.505905 -3.846706),5069,"RUA NUNES FEIJO, 1140",-3.846706,-38.505905,ETUFOR,2022,EPSG: 31984 (SIRGAS 2000 - UTM 24S); Codificação: UTF-8
vw_PontosdeOnibus.fid-5b41923a_19c3ec54e70_e2d,2860,POINT (-38.516119 -3.794358),507,"RUA JOSE MESSEIAS MATOS, 277",-3.794358,-38.516119,ETUFOR,2022,EPSG: 31984 (SIRGAS 2000 - UTM 24S); Codificação: UTF-8
vw_PontosdeOnibus.fid-5b41923a_19c3ec54e70_e2e,2861,POINT (-38.505254 -3.84695),5070,"RUA NUNES FEIJO, 1180",-3.84695,-38.505254,ETUFOR,2022,EPSG: 31984 (SIRGAS 2000 - UTM 24S); Codificação: UTF-8
vw_PontosdeOnibus.fid-5b41923a_19c3ec54e70_e2f,2862,POINT (-38.508719 -3.845599),5071,"RUA NUNES FEIJO, 5071",-3.845599,-38.508719,ETUFOR,2022,EPSG: 31984 (SIRGAS 2000 - UTM 24S); Codificação: UTF-8
vw_PontosdeOnibus.fid-5b41923a_19c3ec54e70_e30,2863,POINT (-38.623266 -3.787518),5072,"RUA BOM JESUS, 3335",-3.787518,-38.623266,ETUFOR,2022,EPSG: 31984 (SIRGAS 2000 - UTM 24S); Codificação: UTF-8
vw_PontosdeOnibus.fid-5b41923a_19c3ec54e70_e31,2864,POINT (-38.623362 -3.787492),5073,"RUA BOM JESUS, 3336",-3.787492,-38.623362,ETUFOR,2022,EPSG: 31984 (SIRGAS 2000 - UTM 24S); Codificação: UTF-8
vw_PontosdeOnibus.fid-5b41923a_19c3ec54e70_e32,2865,POINT (-38.461867 -3.808744),5075,"AVENIDA ODILON GUIMARAES, 4674",-3.808744,-38.461867,ETUFOR,2022,EPSG: 31984 (SIRGAS 2000 - UTM 24S); Codificação: UTF-8
vw_PontosdeOnibus.fid-5b41923a_19c3ec54e70_e33,2866,POINT (-38.461735 -3.80826),5076,"AVENIDA ODILON GUIMARAES, 4674",-3.80826,-38.461735,ETUFOR,2022,EPSG: 31984 (SIRGAS 2000 - UTM 24S); Codificação: UTF-8
vw_PontosdeOnibus.fid-5b41923a_19c3ec54e70_e34,2867,POINT (-38.552897 -3.832251),5082,"AVENIDA I CJ JOSE WALTER, 915",-3.832251,-38.552897,ETUFOR,2022,EPSG: 31984 (SIRGAS 2000 - UTM 24S); Codificação: UTF-8
vw_PontosdeOnibus.fid-5b41923a_19c3ec54e70_e35,2868,POINT (-38.513903 -3.781432),5083,"RODOVIA BR 116, 6685",-3.781432,-38.513903,ETUFOR,2022,EPSG: 31984 (SIRGAS 2000 - UTM 24S); Codificação: UTF-8
vw_PontosdeOnibus.fid-5b41923a_19c3ec54e70_e36,2869,POINT (-38.517111 -3.769625),5084,"RODOVIA BR 116, S/R",-3.769625,-38.517111,ETUFOR,2022,EPSG: 31984 (SIRGAS 2000 - UTM 24S); Codificação: UTF-8
vw_PontosdeOnibus.fid-5b41923a_19c3ec54e70_e37,2870,POINT (-38.448727 -3.750196),5086,"AVENIDA DIOGUINHO, 4126",-3.750196,-38.448727,ETUFOR,2022,EPSG: 31984 (SIRGAS 2000 - UTM 24S); Codificação: UTF-8
vw_PontosdeOnibus.fid-5b41923a_19c3ec54e70_e38,2871,POINT (-38.448596 -3.750466),5087,"AVENIDA DIOGUINHO, 4250",-3.750466,-38.448596,ETUFOR,2022,EPSG: 31984 (SIRGAS 2000 - UTM 24S); Codificação: UTF-8
vw_PontosdeOnibus.fid-5b41923a_19c3ec54e70_e39,2872,POINT (-38.446098 -3.75562),5088,"AVENIDA DIOGUINHO, SN",-3.75562,-38.446098,ETUFOR,2022,EPSG: 31984 (SIRGAS 2000 - UTM 24S); Codificação: UTF-8
vw_PontosdeOnibus.fid-5b41923a_19c3ec54e70_e3a,2873,POINT (-38.517193 -3.761718),5090,"RUA BORGES DE MELO, 18",-3.761718,-38.517193,ETUFOR,2022,EPSG: 31984 (SIRGAS 2000 - UTM 24S); Codificação: UTF-8
vw_PontosdeOnibus.fid-5b41923a_19c3ec54e70_e3b,2874,POINT (-38.5697 -3.738689),5091,"RUA CAMPUS DO PICI, SN",-3.738689,-38.5697,ETUFOR,2022,EPSG: 31984 (SIRGAS 2000 - UTM 24S); Codificação: UTF-8
vw_PontosdeOnibus.fid-5b41923a_19c3ec54e70_e3c,2875,POINT (-38.59857 -3.820801),5093,"RUA UMARIZEIRA, 976",-3.820801,-38.59857,ETUFOR,2022,EPSG: 31984 (SIRGAS 2000 - UTM 24S); Codificação: UTF-8
vw_PontosdeOnibus.fid-5b41923a_19c3ec54e70_e3d,2876,POINT (-38.588381 -3.781475),5094,"RUA EMILIO DE MENESES, 711",-3.781475,-38.588381,ETUFOR,2022,EPSG: 31984 (SIRGAS 2000 - UTM 24S); Codificação: UTF-8
vw_PontosdeOnibus.fid-5b41923a_19c3ec54e70_e3e,2877,POINT (-38.556469 -3.800226),5095,"RUA IPÊ AMARELO, 1032",-3.800226,-38.556469,ETUFOR,2022,EPSG: 31984 (SIRGAS 2000 - UTM 24S); Codificação: UTF-8
vw_PontosdeOnibus.fid-5b41923a_19c3ec54e70_e3f,2878,POINT (-38.556492 -3.800258),5096,"RUA K CJ JANA BARROSO, 1032",-3.800258,-38.556492,ETUFOR,2022,EPSG: 31984 (SIRGAS 2000 - UTM 24S); Codificação: UTF-8
vw_PontosdeOnibus.fid-5b41923a_19c3ec54e70_e40,2879,POINT (-38.55414 -3.795457),5097,"RUA BETEL, 1891",-3.795457,-38.55414,ETUFOR,2022,EPSG: 31984 (SIRGAS 2000 - UTM 24S); Codificação: UTF-8
vw_PontosdeOnibus.fid-5b41923a_19c3ec54e70_e41,2880,POINT (-38.553952 -3.79498),5098,"RUA BETEL, 1802",-3.79498,-38.553952,ETUFOR,2022,EPSG: 31984 (SIRGAS 2000 - UTM 24S); Codificação: UTF-8
vw_PontosdeOnibus.fid-5b41923a_19c3ec54e70_e42,2881,POINT (-38.553305 -3.79358),5099,"RUA BETEL, 1671",-3.79358,-38.553305,ETUFOR,2022,EPSG: 31984 (SIRGAS 2000 - UTM 24S); Codificação: UTF-8
vw_PontosdeOnibus.fid-5b41923a_19c3ec54e70_e43,2882,POINT (-38.552476 -3.791827),5100,"RUA BETEL, 1545",-3.791827,-38.552476,ETUFOR,2022,EPSG: 31984 (SIRGAS 2000 - UTM 24S); Codificação: UTF-8
vw_PontosdeOnibus.fid-5b41923a_19c3ec54e70_e44,2883,POINT (-38.552427 -3.791722),5101,"RUA BETEL, 1545",-3.791722,-38.552427,ETUFOR,2022,EPSG: 31984 (SIRGAS 2000 - UTM 24S); Codificação: UTF-8
vw_PontosdeOnibus.fid-5b41923a_19c3ec54e70_e45,2884,POINT (-38.471088 -3.728334),5102,"RUA JOOSIAS PAULO DE SOUZA, 178",-3.728334,-38.471088,ETUFOR,2022,EPSG: 31984 (SIRGAS 2000 - UTM 24S); Codificação: UTF-8
vw_PontosdeOnibus.fid-5b41923a_19c3ec54e70_e46,2885,POINT (-38.469705 -3.727669),5103,"RUA JOOSIAS PAULO DE SOUZA, 383",-3.727669,-38.469705,ETUFOR,2022,EPSG: 31984 (SIRGAS 2000 - UTM 24S); Codificação: UTF-8
vw_PontosdeOnibus.fid-5b41923a_19c3ec54e70_e47,2886,POINT (-38.478977 -3.813527),5104,"AVENIDA ISABEL MAIA ALENCAR, 120",-3.813527,-38.478977,ETUFOR,2022,EPSG: 31984 (SIRGAS 2000 - UTM 24S); Codificação: UTF-8
vw_PontosdeOnibus.fid-5b41923a_19c3ec54e70_e48,2887,POINT (-38.477352 -3.814868),5105,"AVENIDA ISABEL MAIA ALENCAR, SN",-3.814868,-38.477352,ETUFOR,2022,EPSG: 31984 (SIRGAS 2000 - UTM 24S); Codificação: UTF-8
vw_PontosdeOnibus.fid-5b41923a_19c3ec54e70_e49,2888,POINT (-38.478571 -3.817441),5106,"RUA PASCOAL MOREIRA, 620",-3.817441,-38.478571,ETUFOR,2022,EPSG: 31984 (SIRGAS 2000 - UTM 24S); Codificação: UTF-8
vw_PontosdeOnibus.fid-5b41923a_19c3ec54e70_e4a,2889,POINT (-38.555074 -3.810556),5110,"AVENIDA BERNARDO MANOEL, 10394",-3.810556,-38.555074,ETUFOR,2022,EPSG: 31984 (SIRGAS 2000 - UTM 24S); Codificação: UTF-8
vw_PontosdeOnibus.fid-5b41923a_19c3ec54e70_e4b,2890,POINT (-38.59487 -3.738422),5111,"RUA PDE PERDIGAO SAMPAIO, 250",-3.738422,-38.59487,ETUFOR,2022,EPSG: 31984 (SIRGAS 2000 - UTM 24S); Codificação: UTF-8
vw_PontosdeOnibus.fid-5b41923a_19c3ec54e70_e4c,2891,POINT (-38.596595 -3.732966),5112,"RUA PDE PERDIGAO SAMPAIO, 57",-3.732966,-38.596595,ETUFOR,2022,EPSG: 31984 (SIRGAS 2000 - UTM 24S); Codificação: UTF-8
vw_PontosdeOnibus.fid-5b41923a_19c3ec54e70_e4d,2892,POINT (-38.593967 -3.739649),5113,"RUA TOMAS RODRIGUES, 305",-3.739649,-38.593967,ETUFOR,2022,EPSG: 31984 (SIRGAS 2000 - UTM 24S); Codificação: UTF-8
vw_PontosdeOnibus.fid-5b41923a_19c3ec54e70_e4e,2893,POINT (-38.594745 -3.738106),5114,"RUA PRS PRUDENTE, 88",-3.738106,-38.594745,ETUFOR,2022,EPSG: 31984 (SIRGAS 2000 - UTM 24S); Codificação: UTF-8
vw_PontosdeOnibus.fid-5b41923a_19c3ec54e70_e4f,2894,POINT (-38.588997 -3.731806),5116,"RUA DEP MATOSO FILHO, 447",-3.731806,-38.588997,ETUFOR,2022,EPSG: 31984 (SIRGAS 2000 - UTM 24S); Codificação: UTF-8
vw_PontosdeOnibus.fid-5b41923a_19c3ec54e70_e50,2895,POINT (-38.570784 -3.799025),5117,"AVENIDA GODOFREDO MACIEL, 2640",-3.799025,-38.570784,ETUFOR,2022,EPSG: 31984 (SIRGAS 2000 - UTM 24S); Codificação: UTF-8
vw_PontosdeOnibus.fid-5b41923a_19c3ec54e70_e51,2896,POINT (-38.491949 -3.813131),5119,"RUA FAUSTO AGUIAR, 798",-3.813131,-38.491949,ETUFOR,2022,EPSG: 31984 (SIRGAS 2000 - UTM 24S); Codificação: UTF-8
vw_PontosdeOnibus.fid-5b41923a_19c3ec54e70_e52,2897,POINT (-38.516606 -3.796656),512,"RUA JOSE MESSEIAS MATOS, 605",-3.796656,-38.516606,ETUFOR,2022,EPSG: 31984 (SIRGAS 2000 - UTM 24S); Codificação: UTF-8
vw_PontosdeOnibus.fid-5b41923a_19c3ec54e70_e53,2898,POINT (-38.492016 -3.812964),5120,"RUA FAUSTO AGUIAR, 780",-3.812964,-38.492016,ETUFOR,2022,EPSG: 31984 (SIRGAS 2000 - UTM 24S); Codificação: UTF-8
vw_PontosdeOnibus.fid-5b41923a_19c3ec54e70_e54,2899,POINT (-38.494087 -3.811759),5121,"RUA INACIO VASCONCELOS, 582",-3.811759,-38.494087,ETUFOR,2022,EPSG: 31984 (SIRGAS 2000 - UTM 24S); Codificação: UTF-8
vw_PontosdeOnibus.fid-5b41923a_19c3ec54e70_e55,2900,POINT (-38.551836 -3.776661),5127,"RUA GALILEU, 318",-3.776661,-38.551836,ETUFOR,2022,EPSG: 31984 (SIRGAS 2000 - UTM 24S); Codificação: UTF-8
vw_PontosdeOnibus.fid-5b41923a_19c3ec54e70_e56,2901,POINT (-38.589754 -3.727257),5128,"AVENIDA DA INDEPENDENCIA, 1024",-3.727257,-38.589754,ETUFOR,2022,EPSG: 31984 (SIRGAS 2000 - UTM 24S); Codificação: UTF-8
vw_PontosdeOnibus.fid-5b41923a_19c3ec54e70_e57,2902,POINT (-38.554548 -3.827297),5129,"AVENIDA J CJ JOSE WALTER, 251",-3.827297,-38.554548,ETUFOR,2022,EPSG: 31984 (SIRGAS 2000 - UTM 24S); Codificação: UTF-8
vw_PontosdeOnibus.fid-5b41923a_19c3ec54e70_e58,2903,POINT (-38.556089 -3.826328),5132,"AVENIDA L CJ JOSE WALTER, 180",-3.826328,-38.556089,ETUFOR,2022,EPSG: 31984 (SIRGAS 2000 - UTM 24S); Codificação: UTF-8
vw_PontosdeOnibus.fid-5b41923a_19c3ec54e70_e59,2904,POINT (-38.555337 -3.828843),5133,"AVENIDA C CJ JOSE WALTER, 390",-3.828843,-38.555337,ETUFOR,2022,EPSG: 31984 (SIRGAS 2000 - UTM 24S); Codificação: UTF-8
vw_PontosdeOnibus.fid-5b41923a_19c3ec54e70_e5a,2905,POINT (-38.554752 -3.83067),5134,"RUA 69 CJ JOSE WALTER, 131",-3.83067,-38.554752,ETUFOR,2022,EPSG: 31984 (SIRGAS 2000 - UTM 24S); Codificação: UTF-8
vw_PontosdeOnibus.fid-5b41923a_19c3ec54e70_e5b,2906,POINT (-38.553916 -3.825273),5136,"AVENIDA J CJ JOSE WALTER, 11",-3.825273,-38.553916,ETUFOR,2022,EPSG: 31984 (SIRGAS 2000 - UTM 24S); Codificação: UTF-8
vw_PontosdeOnibus.fid-5b41923a_19c3ec54e70_e5c,2907,POINT (-38.537944 -3.740069),5137,"TRAVESSA JUVENAL GALENO, SN",-3.740069,-38.537944,ETUFOR,2022,EPSG: 31984 (SIRGAS 2000 - UTM 24S); Codificação: UTF-8
vw_PontosdeOnibus.fid-5b41923a_19c3ec54e70_e5d,2908,POINT (-38.469058 -3.79327),514,"RUA SANDRA GENTIL, 1090",-3.79327,-38.469058,ETUFOR,2022,EPSG: 31984 (SIRGAS 2000 - UTM 24S); Codificação: UTF-8
vw_PontosdeOnibus.fid-5b41923a_19c3ec54e70_e5e,2909,POINT (-38.498603 -3.773556),5140,"RUA MON CARNEIRO DA CUNHA, S/N",-3.773556,-38.498603,ETUFOR,2022,EPSG: 31984 (SIRGAS 2000 - UTM 24S); Codificação: UTF-8
vw_PontosdeOnibus.fid-5b41923a_19c3ec54e70_e5f,2910,POINT (-38.496507 -3.773968),5141,"RUA MON CARNEIRO DA CUNHA, 350",-3.773968,-38.496507,ETUFOR,2022,EPSG: 31984 (SIRGAS 2000 - UTM 24S); Codificação: UTF-8
vw_PontosdeOnibus.fid-5b41923a_19c3ec54e70_e60,2911,POINT (-38.486138 -3.742174),5142,"AVENIDA ENG SANTANA JUNIOR, 1915",-3.742174,-38.486138,ETUFOR,2022,EPSG: 31984 (SIRGAS 2000 - UTM 24S); Codificação: UTF-8
vw_PontosdeOnibus.fid-5b41923a_19c3ec54e70_e61,2912,POINT (-38.492202 -3.733954),5143,"AVENIDA SEN VIRGILIO TAVORA, 850",-3.733954,-38.492202,ETUFOR,2022,EPSG: 31984 (SIRGAS 2000 - UTM 24S); Codificação: UTF-8
vw_PontosdeOnibus.fid-5b41923a_19c3ec54e70_e62,2913,POINT (-38.491145 -3.730663),5144,"AVENIDA SEN VIRGILIO TAVORA, 200",-3.730663,-38.491145,ETUFOR,2022,EPSG: 31984 (SIRGAS 2000 - UTM 24S); Codificação: UTF-8
vw_PontosdeOnibus.fid-5b41923a_19c3ec54e70_e63,2914,POINT (-38.575839 -3.781455),5145,"AVENIDA GAL OSORIO DE PAIVA, 1595",-3.781455,-38.575839,ETUFOR,2022,EPSG: 31984 (SIRGAS 2000 - UTM 24S); Codificação: UTF-8
vw_PontosdeOnibus.fid-5b41923a_19c3ec54e70_e64,2915,POINT (-38.503281 -3.798726),5146,"AVENIDA OLIVEIRA PAIVA, 233",-3.798726,-38.503281,ETUFOR,2022,EPSG: 31984 (SIRGAS 2000 - UTM 24S); Codificação: UTF-8
vw_PontosdeOnibus.fid-5b41923a_19c3ec54e70_e65,2916,POINT (-38.533589 -3.730526),5149,"AVENIDA DUQ CAXIAS, 1340",-3.730526,-38.533589,ETUFOR,2022,EPSG: 31984 (SIRGAS 2000 - UTM 24S); Codificação: UTF-8
vw_PontosdeOnibus.fid-5b41923a_19c3ec54e70_e66,2917,POINT (-38.470152 -3.792211),515,"AVENIDA SAPIRANGAS, 601",-3.792211,-38.470152,ETUFOR,2022,EPSG: 31984 (SIRGAS 2000 - UTM 24S); Codificação: UTF-8
vw_PontosdeOnibus.fid-5b41923a_19c3ec54e70_e67,2918,POINT (-38.481263 -3.729849),5150,"AVENIDA ALM HENRIQUE SABOIA, 856",-3.729849,-38.481263,ETUFOR,2022,EPSG: 31984 (SIRGAS 2000 - UTM 24S); Codificação: UTF-8
vw_PontosdeOnibus.fid-5b41923a_19c3ec54e70_e68,2919,POINT (-38.442054 -3.763922),5152,"AVENIDA DIOGUINHO, 5700",-3.763922,-38.442054,ETUFOR,2022,EPSG: 31984 (SIRGAS 2000 - UTM 24S); Codificação: UTF-8
vw_PontosdeOnibus.fid-5b41923a_19c3ec54e70_e69,2920,POINT (-38.441623 -3.764789),5153,"AVENIDA DIOGUINHO, 5747",-3.764789,-38.441623,ETUFOR,2022,EPSG: 31984 (SIRGAS 2000 - UTM 24S); Codificação: UTF-8
vw_PontosdeOnibus.fid-5b41923a_19c3ec54e70_e6a,2921,POINT (-38.557625 -3.801944),5156,"RUA IPÊ AMARELO, 1072",-3.801944,-38.557625,ETUFOR,2022,EPSG: 31984 (SIRGAS 2000 - UTM 24S); Codificação: UTF-8
vw_PontosdeOnibus.fid-5b41923a_19c3ec54e70_e6b,2922,POINT (-38.568106 -3.831538),5158,"RUA PARANAI, 1222",-3.831538,-38.568106,ETUFOR,2022,EPSG: 31984 (SIRGAS 2000 - UTM 24S); Codificação: UTF-8
vw_PontosdeOnibus.fid-5b41923a_19c3ec54e70_e6c,2923,POINT (-38.571714 -3.833667),5161,"RUA CHICO MENDES  (D34), 1125",-3.833667,-38.571714,ETUFOR,2022,EPSG: 31984 (SIRGAS 2000 - UTM 24S); Codificação: UTF-8
vw_PontosdeOnibus.fid-5b41923a_19c3ec54e70_e6d,2924,POINT (-38.57113 -3.834711),5162,"RUA JOAQUIM CORREIA, 670",-3.834711,-38.57113,ETUFOR,2022,EPSG: 31984 (SIRGAS 2000 - UTM 24S); Codificação: UTF-8
vw_PontosdeOnibus.fid-5b41923a_19c3ec54e70_e6e,2925,POINT (-38.569043 -3.839675),5163,"AVENIDA FRANCISCA MARIA DA CONCEICAO, 747",-3.839675,-38.569043,ETUFOR,2022,EPSG: 31984 (SIRGAS 2000 - UTM 24S); Codificação: UTF-8
vw_PontosdeOnibus.fid-5b41923a_19c3ec54e70_e6f,2926,POINT (-38.566268 -3.841453),5164,"RUA RETIRO DA FELICIDADE, 161",-3.841453,-38.566268,ETUFOR,2022,EPSG: 31984 (SIRGAS 2000 - UTM 24S); Codificação: UTF-8
vw_PontosdeOnibus.fid-5b41923a_19c3ec54e70_e70,2927,POINT (-38.574987 -3.839303),5165,"AVENIDA NOVA FORTALEZA [72], 919",-3.839303,-38.574987,ETUFOR,2022,EPSG: 31984 (SIRGAS 2000 - UTM 24S); Codificação: UTF-8
vw_PontosdeOnibus.fid-5b41923a_19c3ec54e70_e71,2928,POINT (-38.571825 -3.834399),5168,"RUA JOAQUIM CORREIA, 751",-3.834399,-38.571825,ETUFOR,2022,EPSG: 31984 (SIRGAS 2000 - UTM 24S); Codificação: UTF-8
vw_PontosdeOnibus.fid-5b41923a_19c3ec54e70_e72,2929,POINT (-38.572676 -3.832932),5169,"RUA APOCALIPSE, 841",-3.832932,-38.572676,ETUFOR,2022,EPSG: 31984 (SIRGAS 2000 - UTM 24S); Codificação: UTF-8
vw_PontosdeOnibus.fid-5b41923a_19c3ec54e70_e73,2930,POINT (-38.566994 -3.834383),5172,"RUA CEL QUEIROZ, 559",-3.834383,-38.566994,ETUFOR,2022,EPSG: 31984 (SIRGAS 2000 - UTM 24S); Codificação: UTF-8
vw_PontosdeOnibus.fid-5b41923a_19c3ec54e70_e74,2931,POINT (-38.56517 -3.832624),5173,"RUA ANTONIO BARBOSA, 1471",-3.832624,-38.56517,ETUFOR,2022,EPSG: 31984 (SIRGAS 2000 - UTM 24S); Codificação: UTF-8
vw_PontosdeOnibus.fid-5b41923a_19c3ec54e70_e75,2932,POINT (-38.492568 -3.760379),5174,"AVENIDA ROGACIANO LEITE, 431",-3.760379,-38.492568,ETUFOR,2022,EPSG: 31984 (SIRGAS 2000 - UTM 24S); Codificação: UTF-8
vw_PontosdeOnibus.fid-5b41923a_19c3ec54e70_e76,2933,POINT (-38.499688 -3.774628),5175,"AVENIDA ROGACIANO LEITE, 2352",-3.774628,-38.499688,ETUFOR,2022,EPSG: 31984 (SIRGAS 2000 - UTM 24S); Codificação: UTF-8
vw_PontosdeOnibus.fid-5b41923a_19c3ec54e70_e77,2934,POINT (-38.559128 -3.826618),5178,"AVENIDA JOAO DE ARAUJO LIMA, 591",-3.826618,-38.559128,ETUFOR,2022,EPSG: 31984 (SIRGAS 2000 - UTM 24S); Codificação: UTF-8
vw_PontosdeOnibus.fid-5b41923a_19c3ec54e70_e78,2935,POINT (-38.463833 -3.796867),518,"RUA EUCLIDES O DE SOUSA, 1699",-3.796867,-38.463833,ETUFOR,2022,EPSG: 31984 (SIRGAS 2000 - UTM 24S); Codificação: UTF-8
vw_PontosdeOnibus.fid-5b41923a_19c3ec54e70_e79,2936,POINT (-38.573071 -3.812218),5180,"AVENIDA PRS COSTA E SILVA, 715",-3.812218,-38.573071,ETUFOR,2022,EPSG: 31984 (SIRGAS 2000 - UTM 24S); Codificação: UTF-8
vw_PontosdeOnibus.fid-5b41923a_19c3ec54e70_e7a,2937,POINT (-38.574999 -3.812378),5181,"AVENIDA GODOFREDO MACIEL, 492",-3.812378,-38.574999,ETUFOR,2022,EPSG: 31984 (SIRGAS 2000 - UTM 24S); Codificação: UTF-8
vw_PontosdeOnibus.fid-5b41923a_19c3ec54e70_e7b,2938,POINT (-38.579933 -3.827544),5182,"AVENIDA GODOFREDO MACIEL, 6102",-3.827544,-38.579933,ETUFOR,2022,EPSG: 31984 (SIRGAS 2000 - UTM 24S); Codificação: UTF-8
vw_PontosdeOnibus.fid-5b41923a_19c3ec54e70_e7c,2939,POINT (-38.487778 -3.776721),5184,"AVENIDA PINTO BANDEIRA (D56), 705",-3.776721,-38.487778,ETUFOR,2022,EPSG: 31984 (SIRGAS 2000 - UTM 24S); Codificação: UTF-8
vw_PontosdeOnibus.fid-5b41923a_19c3ec54e70_e7d,2940,POINT (-38.489932 -3.776399),5185,"AVENIDA COMODORO ESTACIO BRÍGIDO, 2155",-3.776399,-38.489932,ETUFOR,2022,EPSG: 31984 (SIRGAS 2000 - UTM 24S); Codificação: UTF-8
vw_PontosdeOnibus.fid-5b41923a_19c3ec54e70_e7e,2941,POINT (-38.492365 -3.775658),5186,"AVENIDA NORTE/SITIO DUNGA, 1800",-3.775658,-38.492365,ETUFOR,2022,EPSG: 31984 (SIRGAS 2000 - UTM 24S); Codificação: UTF-8
vw_PontosdeOnibus.fid-5b41923a_19c3ec54e70_e7f,2942,POINT (-38.570898 -3.79994),5189,"AVENIDA GODOFREDO MACIEL, 2743",-3.79994,-38.570898,ETUFOR,2022,EPSG: 31984 (SIRGAS 2000 - UTM 24S); Codificação: UTF-8
vw_PontosdeOnibus.fid-5b41923a_19c3ec54e70_e80,2943,POINT (-38.467025 -3.79716),519,"RUA EUCLIDES O DE SOUSA, 1452",-3.79716,-38.467025,ETUFOR,2022,EPSG: 31984 (SIRGAS 2000 - UTM 24S); Codificação: UTF-8
vw_PontosdeOnibus.fid-5b41923a_19c3ec54e70_e81,2944,POINT (-38.558122 -3.763137),5190,"AVENIDA JOAO PESSOA, 6000",-3.763137,-38.558122,ETUFOR,2022,EPSG: 31984 (SIRGAS 2000 - UTM 24S); Codificação: UTF-8
vw_PontosdeOnibus.fid-5b41923a_19c3ec54e70_e82,2945,POINT (-38.557006 -3.760926),5192,"AVENIDA JOAO PESSOA, 5708",-3.760926,-38.557006,ETUFOR,2022,EPSG: 31984 (SIRGAS 2000 - UTM 24S); Codificação: UTF-8
vw_PontosdeOnibus.fid-5b41923a_19c3ec54e70_e83,2946,POINT (-38.55083 -3.753948),5193,"AVENIDA JOAO PESSOA, 4717",-3.753948,-38.55083,ETUFOR,2022,EPSG: 31984 (SIRGAS 2000 - UTM 24S); Codificação: UTF-8
vw_PontosdeOnibus.fid-5b41923a_19c3ec54e70_e84,2947,POINT (-38.541762 -3.736365),5194,"RUA JUSTINIANO DE SERPA, 595",-3.736365,-38.541762,ETUFOR,2022,EPSG: 31984 (SIRGAS 2000 - UTM 24S); Codificação: UTF-8
vw_PontosdeOnibus.fid-5b41923a_19c3ec54e70_e85,2948,POINT (-38.552879 -3.767743),5195,"RUA BAR SOBRAL, 712",-3.767743,-38.552879,ETUFOR,2022,EPSG: 31984 (SIRGAS 2000 - UTM 24S); Codificação: UTF-8
vw_PontosdeOnibus.fid-5b41923a_19c3ec54e70_e86,2949,POINT (-38.512009 -3.77229),5196,"AVENIDA RAUL BARBOSA, 6570",-3.77229,-38.512009,ETUFOR,2022,EPSG: 31984 (SIRGAS 2000 - UTM 24S); Codificação: UTF-8
vw_PontosdeOnibus.fid-5b41923a_19c3ec54e70_e87,2950,POINT (-38.510596 -3.770238),5197,"AVENIDA RAUL BARBOSA, 5612",-3.770238,-38.510596,ETUFOR,2022,EPSG: 31984 (SIRGAS 2000 - UTM 24S); Codificação: UTF-8
vw_PontosdeOnibus.fid-5b41923a_19c3ec54e70_e88,2951,POINT (-38.509046 -3.766895),5198,"AVENIDA RAUL BARBOSA, 5380",-3.766895,-38.509046,ETUFOR,2022,EPSG: 31984 (SIRGAS 2000 - UTM 24S); Codificação: UTF-8
vw_PontosdeOnibus.fid-5b41923a_19c3ec54e70_e89,2952,POINT (-38.595408 -3.749242),5199,"RUA AZEVEDO BARRETO, 996",-3.749242,-38.595408,ETUFOR,2022,EPSG: 31984 (SIRGAS 2000 - UTM 24S); Codificação: UTF-8
vw_PontosdeOnibus.fid-5b41923a_19c3ec54e70_e8a,2953,POINT (-38.461962 -3.795604),520,"RUA TAB JOAQUIM COELHO, 1934",-3.795604,-38.461962,ETUFOR,2022,EPSG: 31984 (SIRGAS 2000 - UTM 24S); Codificação: UTF-8
vw_PontosdeOnibus.fid-5b41923a_19c3ec54e70_e8b,2954,POINT (-38.594869 -3.749332),5200,"RUA AZEVEDO BARRETO, 964",-3.749332,-38.594869,ETUFOR,2022,EPSG: 31984 (SIRGAS 2000 - UTM 24S); Codificação: UTF-8
vw_PontosdeOnibus.fid-5b41923a_19c3ec54e70_e8c,2955,POINT (-38.593004 -3.751271),5201,"RUA CAR ARCO VERDE, 291",-3.751271,-38.593004,ETUFOR,2022,EPSG: 31984 (SIRGAS 2000 - UTM 24S); Codificação: UTF-8
vw_PontosdeOnibus.fid-5b41923a_19c3ec54e70_e8d,2956,POINT (-38.592855 -3.750467),5202,"RUA ARCO VERDE, 100",-3.750467,-38.592855,ETUFOR,2022,EPSG: 31984 (SIRGAS 2000 - UTM 24S); Codificação: UTF-8
vw_PontosdeOnibus.fid-5b41923a_19c3ec54e70_e8e,2957,POINT (-38.593289 -3.752882),5204,"RUA CAR ARCO VERDE, 420",-3.752882,-38.593289,ETUFOR,2022,EPSG: 31984 (SIRGAS 2000 - UTM 24S); Codificação: UTF-8
vw_PontosdeOnibus.fid-5b41923a_19c3ec54e70_e8f,2958,POINT (-38.593797 -3.755455),5205,"RUA CAR ARCO VERDE, 687",-3.755455,-38.593797,ETUFOR,2022,EPSG: 31984 (SIRGAS 2000 - UTM 24S); Codificação: UTF-8
vw_PontosdeOnibus.fid-5b41923a_19c3ec54e70_e90,2959,POINT (-38.59376 -3.755247),5206,"RUA CAR ARCO VERDE, 715",-3.755247,-38.59376,ETUFOR,2022,EPSG: 31984 (SIRGAS 2000 - UTM 24S); Codificação: UTF-8
vw_PontosdeOnibus.fid-5b41923a_19c3ec54e70_e91,2960,POINT (-38.565011 -3.843467),5207,"AVENIDA DOS MARINHEIROS, 752",-3.843467,-38.565011,ETUFOR,2022,EPSG: 31984 (SIRGAS 2000 - UTM 24S); Codificação: UTF-8
vw_PontosdeOnibus.fid-5b41923a_19c3ec54e70_e92,2961,POINT (-38.530278 -3.732801),5208,"RUA BAR RIO BRANCO, 1771",-3.732801,-38.530278,ETUFOR,2022,EPSG: 31984 (SIRGAS 2000 - UTM 24S); Codificação: UTF-8
vw_PontosdeOnibus.fid-5b41923a_19c3ec54e70_e93,2962,POINT (-38.477198 -3.775239),5209,"RUA HILL DE MORAES, 115",-3.775239,-38.477198,ETUFOR,2022,EPSG: 31984 (SIRGAS 2000 - UTM 24S); Codificação: UTF-8
vw_PontosdeOnibus.fid-5b41923a_19c3ec54e70_e94,2963,POINT (-38.462113 -3.796237),521,"RUA EUNICE WEAVER, 03",-3.796237,-38.462113,ETUFOR,2022,EPSG: 31984 (SIRGAS 2000 - UTM 24S); Codificação: UTF-8
vw_PontosdeOnibus.fid-5b41923a_19c3ec54e70_e95,2964,POINT (-38.489485 -3.832638),5210,"RUA MANUEL C BRANCO, S/N",-3.832638,-38.489485,ETUFOR,2022,EPSG: 31984 (SIRGAS 2000 - UTM 24S); Codificação: UTF-8
vw_PontosdeOnibus.fid-5b41923a_19c3ec54e70_e96,2965,POINT (-38.541657 -3.78044),5211,"AVENIDA SEN CARLOS JEREISSATI, SN",-3.78044,-38.541657,ETUFOR,2022,EPSG: 31984 (SIRGAS 2000 - UTM 24S); Codificação: UTF-8
vw_PontosdeOnibus.fid-5b41923a_19c3ec54e70_e97,2966,POINT (-38.469131 -3.743805),5212,"RUA FRANCISCO MATOS, 100",-3.743805,-38.469131,ETUFOR,2022,EPSG: 31984 (SIRGAS 2000 - UTM 24S); Codificação: UTF-8
vw_PontosdeOnibus.fid-5b41923a_19c3ec54e70_e98,2967,POINT (-38.440814 -3.766444),5213,"AVENIDA DIOGUINHO, 5850",-3.766444,-38.440814,ETUFOR,2022,EPSG: 31984 (SIRGAS 2000 - UTM 24S); Codificação: UTF-8
vw_PontosdeOnibus.fid-5b41923a_19c3ec54e70_e99,2968,POINT (-38.456395 -3.736),5214,"AVENIDA DIOGUINHO, 2180",-3.736,-38.456395,ETUFOR,2022,EPSG: 31984 (SIRGAS 2000 - UTM 24S); Codificação: UTF-8
vw_PontosdeOnibus.fid-5b41923a_19c3ec54e70_e9a,2969,POINT (-38.456634 -3.735566),5215,"AVENIDA DIOGUINHO, 2180",-3.735566,-38.456634,ETUFOR,2022,EPSG: 31984 (SIRGAS 2000 - UTM 24S); Codificação: UTF-8
vw_PontosdeOnibus.fid-5b41923a_19c3ec54e70_e9b,2970,POINT (-38.520945 -3.820393),5218,"RUA POMPILIO GOMES, 1025",-3.820393,-38.520945,ETUFOR,2022,EPSG: 31984 (SIRGAS 2000 - UTM 24S); Codificação: UTF-8
vw_PontosdeOnibus.fid-5b41923a_19c3ec54e70_e9c,2971,POINT (-38.521732 -3.838426),5219,"AVENIDA CASTELO DE CASTRO, 966",-3.838426,-38.521732,ETUFOR,2022,EPSG: 31984 (SIRGAS 2000 - UTM 24S); Codificação: UTF-8
vw_PontosdeOnibus.fid-5b41923a_19c3ec54e70_e9d,2972,POINT (-38.604173 -3.803692),522,"RUA MARIA JULIA, 2076",-3.803692,-38.604173,ETUFOR,2022,EPSG: 31984 (SIRGAS 2000 - UTM 24S); Codificação: UTF-8
vw_PontosdeOnibus.fid-5b41923a_19c3ec54e70_e9e,2973,POINT (-38.521643 -3.838338),5220,"AVENIDA CASTELO DE CASTRO, 1005",-3.838338,-38.521643,ETUFOR,2022,EPSG: 31984 (SIRGAS 2000 - UTM 24S); Codificação: UTF-8
vw_PontosdeOnibus.fid-5b41923a_19c3ec54e70_e9f,2974,POINT (-38.452617 -3.748245),5221,"AVENIDA SANTOS DUMONT, 8060",-3.748245,-38.452617,ETUFOR,2022,EPSG: 31984 (SIRGAS 2000 - UTM 24S); Codificação: UTF-8
vw_PontosdeOnibus.fid-5b41923a_19c3ec54e70_ea0,2975,POINT (-38.518418 -3.848311),5222,"AVENIDA B CJ HAB ST SAO JOAO, 283",-3.848311,-38.518418,ETUFOR,2022,EPSG: 31984 (SIRGAS 2000 - UTM 24S); Codificação: UTF-8
vw_PontosdeOnibus.fid-5b41923a_19c3ec54e70_ea1,2976,POINT (-38.530072 -3.755783),5225,"AVENIDA OSWALDO STUDART, S/R",-3.755783,-38.530072,ETUFOR,2022,EPSG: 31984 (SIRGAS 2000 - UTM 24S); Codificação: UTF-8
vw_PontosdeOnibus.fid-5b41923a_19c3ec54e70_ea2,2977,POINT (-38.530195 -3.755772),5226,"AVENIDA DEP OSWALDO STUDART, 688",-3.755772,-38.530195,ETUFOR,2022,EPSG: 31984 (SIRGAS 2000 - UTM 24S); Codificação: UTF-8
vw_PontosdeOnibus.fid-5b41923a_19c3ec54e70_ea3,2978,POINT (-38.534927 -3.75138),5228,"AVENIDA EDUARDO GIRAO, SN",-3.75138,-38.534927,ETUFOR,2022,EPSG: 31984 (SIRGAS 2000 - UTM 24S); Codificação: UTF-8
vw_PontosdeOnibus.fid-5b41923a_19c3ec54e70_ea4,2979,POINT (-38.535177 -3.751109),5229,"AVENIDA EDUARDO GIRAO, SN",-3.751109,-38.535177,ETUFOR,2022,EPSG: 31984 (SIRGAS 2000 - UTM 24S); Codificação: UTF-8
vw_PontosdeOnibus.fid-5b41923a_19c3ec54e70_ea5,2980,POINT (-38.604256 -3.800386),523,"RUA SAO FRANCISCO    (D21), 710",-3.800386,-38.604256,ETUFOR,2022,EPSG: 31984 (SIRGAS 2000 - UTM 24S); Codificação: UTF-8
vw_PontosdeOnibus.fid-5b41923a_19c3ec54e70_ea6,2981,POINT (-38.530958 -3.753805),5230,"AVENIDA EDUARDO GIRAO, 942",-3.753805,-38.530958,ETUFOR,2022,EPSG: 31984 (SIRGAS 2000 - UTM 24S); Codificação: UTF-8
vw_PontosdeOnibus.fid-5b41923a_19c3ec54e70_ea7,2982,POINT (-38.53164 -3.753452),5231,"AVENIDA EDUARDO GIRAO, 1285",-3.753452,-38.53164,ETUFOR,2022,EPSG: 31984 (SIRGAS 2000 - UTM 24S); Codificação: UTF-8
vw_PontosdeOnibus.fid-5b41923a_19c3ec54e70_ea8,2983,POINT (-38.572127 -3.772343),5232,"AVENIDA AUGUSTO DOS ANJOS, 408",-3.772343,-38.572127,ETUFOR,2022,EPSG: 31984 (SIRGAS 2000 - UTM 24S); Codificação: UTF-8
vw_PontosdeOnibus.fid-5b41923a_19c3ec54e70_ea9,2984,POINT (-38.590881 -3.702335),5233,"AVENIDA CEL CARVALHO, 1180",-3.702335,-38.590881,ETUFOR,2022,EPSG: 31984 (SIRGAS 2000 - UTM 24S); Codificação: UTF-8
vw_PontosdeOnibus.fid-5b41923a_19c3ec54e70_eaa,2985,POINT (-38.527706 -3.735713),5234,"RUA ANTONIO POMPEU, 424",-3.735713,-38.527706,ETUFOR,2022,EPSG: 31984 (SIRGAS 2000 - UTM 24S); Codificação: UTF-8
vw_PontosdeOnibus.fid-5b41923a_19c3ec54e70_eab,2986,POINT (-38.591025 -3.778447),5237,"RUA CARLOS CHAGAS, 1199",-3.778447,-38.591025,ETUFOR,2022,EPSG: 31984 (SIRGAS 2000 - UTM 24S); Codificação: UTF-8
vw_PontosdeOnibus.fid-5b41923a_19c3ec54e70_eac,2987,POINT (-38.590932 -3.778475),5238,"RUA CARLOS CHAGAS, 1232",-3.778475,-38.590932,ETUFOR,2022,EPSG: 31984 (SIRGAS 2000 - UTM 24S); Codificação: UTF-8
vw_PontosdeOnibus.fid-5b41923a_19c3ec54e70_ead,2988,POINT (-38.591879 -3.77823),5239,"RUA CARLOS CHAGAS, 1346",-3.77823,-38.591879,ETUFOR,2022,EPSG: 31984 (SIRGAS 2000 - UTM 24S); Codificação: UTF-8
vw_PontosdeOnibus.fid-5b41923a_19c3ec54e70_eae,2989,POINT (-38.602372 -3.801076),524,"RUA SAO FRANCISCO    (D50), 309",-3.801076,-38.602372,ETUFOR,2022,EPSG: 31984 (SIRGAS 2000 - UTM 24S); Codificação: UTF-8
vw_PontosdeOnibus.fid-5b41923a_19c3ec54e70_eaf,2990,POINT (-38.589092 -3.779014),5240,"RUA CARLOS CHAGAS, 992",-3.779014,-38.589092,ETUFOR,2022,EPSG: 31984 (SIRGAS 2000 - UTM 24S); Codificação: UTF-8
vw_PontosdeOnibus.fid-5b41923a_19c3ec54e70_eb0,2991,POINT (-38.588811 -3.779103),5241,"RUA CARLOS CHAGAS, 995",-3.779103,-38.588811,ETUFOR,2022,EPSG: 31984 (SIRGAS 2000 - UTM 24S); Codificação: UTF-8
vw_PontosdeOnibus.fid-5b41923a_19c3ec54e70_eb1,2992,POINT (-38.589314 -3.774525),5242,"RUA ANDRE REBOUCAS, 81",-3.774525,-38.589314,ETUFOR,2022,EPSG: 31984 (SIRGAS 2000 - UTM 24S); Codificação: UTF-8
vw_PontosdeOnibus.fid-5b41923a_19c3ec54e70_eb2,2993,POINT (-38.590898 -3.77647),5243,"RUA BIAS MENDES, 1270",-3.77647,-38.590898,ETUFOR,2022,EPSG: 31984 (SIRGAS 2000 - UTM 24S); Codificação: UTF-8
vw_PontosdeOnibus.fid-5b41923a_19c3ec54e70_eb3,2994,POINT (-38.586974 -3.775609),5244,"RUA MARIA QUINTELA, 690",-3.775609,-38.586974,ETUFOR,2022,EPSG: 31984 (SIRGAS 2000 - UTM 24S); Codificação: UTF-8
vw_PontosdeOnibus.fid-5b41923a_19c3ec54e70_eb4,2995,POINT (-38.586675 -3.77573),5245,"RUA MARIA QUINTELA, 701",-3.77573,-38.586675,ETUFOR,2022,EPSG: 31984 (SIRGAS 2000 - UTM 24S); Codificação: UTF-8
vw_PontosdeOnibus.fid-5b41923a_19c3ec54e70_eb5,2996,POINT (-38.584507 -3.776742),5246,"RUA MARIA QUINTELA, 441",-3.776742,-38.584507,ETUFOR,2022,EPSG: 31984 (SIRGAS 2000 - UTM 24S); Codificação: UTF-8
vw_PontosdeOnibus.fid-5b41923a_19c3ec54e70_eb6,2997,POINT (-38.584698 -3.776645),5247,"RUA MARIA QUINTELA, 450",-3.776645,-38.584698,ETUFOR,2022,EPSG: 31984 (SIRGAS 2000 - UTM 24S); Codificação: UTF-8
vw_PontosdeOnibus.fid-5b41923a_19c3ec54e70_eb7,2998,POINT (-38.582946 -3.77487),5248,"TRAVESSA DAMOZEL, 34",-3.77487,-38.582946,ETUFOR,2022,EPSG: 31984 (SIRGAS 2000 - UTM 24S); Codificação: UTF-8
vw_PontosdeOnibus.fid-5b41923a_19c3ec54e70_eb8,2999,POINT (-38.602307 -3.801109),525,"RUA SAO FRANCISCO    (D50), 309",-3.801109,-38.602307,ETUFOR,2022,EPSG: 31984 (SIRGAS 2000 - UTM 24S); Codificação: UTF-8
vw_PontosdeOnibus.fid-5b41923a_19c3ec54e70_eb9,3000,POINT (-38.516975 -3.827713),5253,"RUA 10 CJ NOVA ASSUNCAO, 38",-3.827713,-38.516975,ETUFOR,2022,EPSG: 31984 (SIRGAS 2000 - UTM 24S); Codificação: UTF-8
vw_PontosdeOnibus.fid-5b41923a_19c3ec54e70_eba,3001,POINT (-38.521581 -3.822547),5258,"RUA DIAMANTE, 48",-3.822547,-38.521581,ETUFOR,2022,EPSG: 31984 (SIRGAS 2000 - UTM 24S); Codificação: UTF-8
vw_PontosdeOnibus.fid-5b41923a_19c3ec54e70_ebb,3002,POINT (-38.523378 -3.821803),5259,"RUA DIAMANTE, 225",-3.821803,-38.523378,ETUFOR,2022,EPSG: 31984 (SIRGAS 2000 - UTM 24S); Codificação: UTF-8
vw_PontosdeOnibus.fid-5b41923a_19c3ec54e70_ebc,3003,POINT (-38.602892 -3.800867),526,"RUA SAO FRANCISCO    (D50), 600",-3.800867,-38.602892,ETUFOR,2022,EPSG: 31984 (SIRGAS 2000 - UTM 24S); Codificação: UTF-8
vw_PontosdeOnibus.fid-5b41923a_19c3ec54e70_ebd,3004,POINT (-38.531513 -3.729362),5264,"RUA GAL SAMPAIO, 1219",-3.729362,-38.531513,ETUFOR,2022,EPSG: 31984 (SIRGAS 2000 - UTM 24S); Codificação: UTF-8
vw_PontosdeOnibus.fid-5b41923a_19c3ec54e70_ebe,3005,POINT (-38.602963 -3.801492),527,"RUA MARANGUAPE  (D50), 1834",-3.801492,-38.602963,ETUFOR,2022,EPSG: 31984 (SIRGAS 2000 - UTM 24S); Codificação: UTF-8
vw_PontosdeOnibus.fid-5b41923a_19c3ec54e70_ebf,3006,POINT (-38.533117 -3.729779),5283,"RUA PEDRO PRIMEIRO, 992",-3.729779,-38.533117,ETUFOR,2022,EPSG: 31984 (SIRGAS 2000 - UTM 24S); Codificação: UTF-8
vw_PontosdeOnibus.fid-5b41923a_19c3ec54e70_ec0,3007,POINT (-38.533555 -3.729638),5284,"RUA PEDRO PRIMEIRO, 1028",-3.729638,-38.533555,ETUFOR,2022,EPSG: 31984 (SIRGAS 2000 - UTM 24S); Codificação: UTF-8
vw_PontosdeOnibus.fid-5b41923a_19c3ec54e70_ec1,3008,POINT (-38.53382 -3.729556),5285,"RUA PEDRO PRIMEIRO, SN",-3.729556,-38.53382,ETUFOR,2022,EPSG: 31984 (SIRGAS 2000 - UTM 24S); Codificação: UTF-8
vw_PontosdeOnibus.fid-5b41923a_19c3ec54e70_ec2,3009,POINT (-38.533872 -3.729344),5286,"AVENIDA TRISTAO GONCALVES, 555",-3.729344,-38.533872,ETUFOR,2022,EPSG: 31984 (SIRGAS 2000 - UTM 24S); Codificação: UTF-8
vw_PontosdeOnibus.fid-5b41923a_19c3ec54e70_ec3,3010,POINT (-38.533788 -3.729066),5287,"AVENIDA TRISTAO GONCALVES, 823",-3.729066,-38.533788,ETUFOR,2022,EPSG: 31984 (SIRGAS 2000 - UTM 24S); Codificação: UTF-8
vw_PontosdeOnibus.fid-5b41923a_19c3ec54e70_ec4,3011,POINT (-38.603365 -3.80222),529,"RUA MARIA JULIA, 1930",-3.80222,-38.603365,ETUFOR,2022,EPSG: 31984 (SIRGAS 2000 - UTM 24S); Codificação: UTF-8
vw_PontosdeOnibus.fid-5b41923a_19c3ec54e70_ec5,3012,POINT (-38.533369 -3.727671),5294,"AVENIDA TRISTAO GONCALVES, 693",-3.727671,-38.533369,ETUFOR,2022,EPSG: 31984 (SIRGAS 2000 - UTM 24S); Codificação: UTF-8
vw_PontosdeOnibus.fid-5b41923a_19c3ec54e70_ec6,3013,POINT (-38.534248 -3.727833),5300,"RUA PEDRO PEREIRA, 997",-3.727833,-38.534248,ETUFOR,2022,EPSG: 31984 (SIRGAS 2000 - UTM 24S); Codificação: UTF-8
vw_PontosdeOnibus.fid-5b41923a_19c3ec54e70_ec7,3014,POINT (-38.531944 -3.728579),5301,"RUA PEDRO PEREIRA, 692",-3.728579,-38.531944,ETUFOR,2022,EPSG: 31984 (SIRGAS 2000 - UTM 24S); Codificação: UTF-8
vw_PontosdeOnibus.fid-5b41923a_19c3ec54e70_ec8,3015,POINT (-38.526033 -3.730494),5303,"RUA PEDRO PEREIRA, SN",-3.730494,-38.526033,ETUFOR,2022,EPSG: 31984 (SIRGAS 2000 - UTM 24S); Codificação: UTF-8
vw_PontosdeOnibus.fid-5b41923a_19c3ec54e70_ec9,3016,POINT (-38.46703 -3.751269),5308,"RUA ZUCA ACYOLI, 633",-3.751269,-38.46703,ETUFOR,2022,EPSG: 31984 (SIRGAS 2000 - UTM 24S); Codificação: UTF-8
vw_PontosdeOnibus.fid-5b41923a_19c3ec54e70_eca,3017,POINT (-38.607877 -3.80836),531,"RUA GAL RABELO, 236",-3.80836,-38.607877,ETUFOR,2022,EPSG: 31984 (SIRGAS 2000 - UTM 24S); Codificação: UTF-8
vw_PontosdeOnibus.fid-5b41923a_19c3ec54e70_ecb,3018,POINT (-38.470112 -3.757841),5310,"RUA PASSEIO DOS CAJUEIROS, 1577",-3.757841,-38.470112,ETUFOR,2022,EPSG: 31984 (SIRGAS 2000 - UTM 24S); Codificação: UTF-8
vw_PontosdeOnibus.fid-5b41923a_19c3ec54e70_ecc,3019,POINT (-38.469431 -3.755706),5311,"RUA PASSEIO DOS CAJUEIROS, 1393",-3.755706,-38.469431,ETUFOR,2022,EPSG: 31984 (SIRGAS 2000 - UTM 24S); Codificação: UTF-8
vw_PontosdeOnibus.fid-5b41923a_19c3ec54e70_ecd,3020,POINT (-38.569125 -3.777224),5315,"AVENIDA GAL OSORIO DE PAIVA, 796 A",-3.777224,-38.569125,ETUFOR,2022,EPSG: 31984 (SIRGAS 2000 - UTM 24S); Codificação: UTF-8
vw_PontosdeOnibus.fid-5b41923a_19c3ec54e70_ece,3021,POINT (-38.569352 -3.728904),5316,"AVENIDA GOV PARSIFAL BARROSO, 119",-3.728904,-38.569352,ETUFOR,2022,EPSG: 31984 (SIRGAS 2000 - UTM 24S); Codificação: UTF-8
vw_PontosdeOnibus.fid-5b41923a_19c3ec54e70_ecf,3022,POINT (-38.571231 -3.736138),5319,"TRAVESSA MENDES GUIMARAES, 701",-3.736138,-38.571231,ETUFOR,2022,EPSG: 31984 (SIRGAS 2000 - UTM 24S); Codificação: UTF-8
vw_PontosdeOnibus.fid-5b41923a_19c3ec54e70_ed0,3023,POINT (-38.608347 -3.808202),532,"RUA ALVES BEZERRA, 238",-3.808202,-38.608347,ETUFOR,2022,EPSG: 31984 (SIRGAS 2000 - UTM 24S); Codificação: UTF-8
vw_PontosdeOnibus.fid-5b41923a_19c3ec54e70_ed1,3024,POINT (-38.511368 -3.867475),5321,"RUA 4º ANEL VIÁRIO, 2165",-3.867475,-38.511368,ETUFOR,2022,EPSG: 31984 (SIRGAS 2000 - UTM 24S); Codificação: UTF-8
vw_PontosdeOnibus.fid-5b41923a_19c3ec54e70_ed2,3025,POINT (-38.509318 -3.864901),5322,"RUA JARDIM BOTANICO, S/R",-3.864901,-38.509318,ETUFOR,2022,EPSG: 31984 (SIRGAS 2000 - UTM 24S); Codificação: UTF-8
vw_PontosdeOnibus.fid-5b41923a_19c3ec54e70_ed3,3026,POINT (-38.508444 -3.864985),5324,"RUA CRUZEIRO    D-69, 1380",-3.864985,-38.508444,ETUFOR,2022,EPSG: 31984 (SIRGAS 2000 - UTM 24S); Codificação: UTF-8
vw_PontosdeOnibus.fid-5b41923a_19c3ec54e70_ed4,3027,POINT (-38.506844 -3.864926),5325,"RUA SAO LEOPOLDO, SN",-3.864926,-38.506844,ETUFOR,2022,EPSG: 31984 (SIRGAS 2000 - UTM 24S); Codificação: UTF-8
vw_PontosdeOnibus.fid-5b41923a_19c3ec54e70_ed5,3028,POINT (-38.506918 -3.86501),5326,"RUA SAO LEOPOLDO, S/N",-3.86501,-38.506918,ETUFOR,2022,EPSG: 31984 (SIRGAS 2000 - UTM 24S); Codificação: UTF-8
vw_PontosdeOnibus.fid-5b41923a_19c3ec54e70_ed6,3029,POINT (-38.505596 -3.863494),5327,"RUA SAO LEOPOLDO, 615",-3.863494,-38.505596,ETUFOR,2022,EPSG: 31984 (SIRGAS 2000 - UTM 24S); Codificação: UTF-8
vw_PontosdeOnibus.fid-5b41923a_19c3ec54e70_ed7,3030,POINT (-38.505699 -3.86361),5328,"RUA SAO LEOPOLDO, 416",-3.86361,-38.505699,ETUFOR,2022,EPSG: 31984 (SIRGAS 2000 - UTM 24S); Codificação: UTF-8
vw_PontosdeOnibus.fid-5b41923a_19c3ec54e70_ed8,3031,POINT (-38.503499 -3.861118),5329,"RUA SAO LEOPOLDO, 829",-3.861118,-38.503499,ETUFOR,2022,EPSG: 31984 (SIRGAS 2000 - UTM 24S); Codificação: UTF-8
vw_PontosdeOnibus.fid-5b41923a_19c3ec54e70_ed9,3032,POINT (-38.609302 -3.807285),533,"RUA ALVES BEZERRA, 381",-3.807285,-38.609302,ETUFOR,2022,EPSG: 31984 (SIRGAS 2000 - UTM 24S); Codificação: UTF-8
vw_PontosdeOnibus.fid-5b41923a_19c3ec54e70_eda,3033,POINT (-38.503556 -3.86118),5330,"RUA SAO LEOPOLDO, 832",-3.86118,-38.503556,ETUFOR,2022,EPSG: 31984 (SIRGAS 2000 - UTM 24S); Codificação: UTF-8
vw_PontosdeOnibus.fid-5b41923a_19c3ec54e70_edb,3034,POINT (-38.504518 -3.859729),5331,"AVENIDA DO VAQUEIRO, 1446",-3.859729,-38.504518,ETUFOR,2022,EPSG: 31984 (SIRGAS 2000 - UTM 24S); Codificação: UTF-8
vw_PontosdeOnibus.fid-5b41923a_19c3ec54e70_edc,3035,POINT (-38.500542 -3.86329),5333,"AVENIDA DO VAQUEIRO, 466",-3.86329,-38.500542,ETUFOR,2022,EPSG: 31984 (SIRGAS 2000 - UTM 24S); Codificação: UTF-8
vw_PontosdeOnibus.fid-5b41923a_19c3ec54e70_edd,3036,POINT (-38.499283 -3.864413),5334,"AVENIDA DO VAQUEIRO, 119",-3.864413,-38.499283,ETUFOR,2022,EPSG: 31984 (SIRGAS 2000 - UTM 24S); Codificação: UTF-8
vw_PontosdeOnibus.fid-5b41923a_19c3ec54e70_ede,3037,POINT (-38.501868 -3.862114),5335,"AVENIDA DO VAQUEIRO, 620",-3.862114,-38.501868,ETUFOR,2022,EPSG: 31984 (SIRGAS 2000 - UTM 24S); Codificação: UTF-8
vw_PontosdeOnibus.fid-5b41923a_19c3ec54e70_edf,3038,POINT (-38.504397 -3.862137),5336,"RUA SAO LEOPOLDO, SN",-3.862137,-38.504397,ETUFOR,2022,EPSG: 31984 (SIRGAS 2000 - UTM 24S); Codificação: UTF-8
vw_PontosdeOnibus.fid-5b41923a_19c3ec54e70_ee0,3039,POINT (-38.504325 -3.862057),5337,"RUA SAO LEOPOLDO, SN",-3.862057,-38.504325,ETUFOR,2022,EPSG: 31984 (SIRGAS 2000 - UTM 24S); Codificação: UTF-8
vw_PontosdeOnibus.fid-5b41923a_19c3ec54e70_ee1,3040,POINT (-38.514717 -3.82024),5338,"RUA CAP HUGO BEZERRA, 1513",-3.82024,-38.514717,ETUFOR,2022,EPSG: 31984 (SIRGAS 2000 - UTM 24S); Codificação: UTF-8
vw_PontosdeOnibus.fid-5b41923a_19c3ec54e70_ee2,3041,POINT (-38.507501 -3.820925),5339,"RUA CAP HUGO BEZERRA, 441",-3.820925,-38.507501,ETUFOR,2022,EPSG: 31984 (SIRGAS 2000 - UTM 24S); Codificação: UTF-8
vw_PontosdeOnibus.fid-5b41923a_19c3ec54e70_ee3,3042,POINT (-38.605569 -3.808252),534,"AVENIDA GAL OSORIO DE PAIVA, 5940",-3.808252,-38.605569,ETUFOR,2022,EPSG: 31984 (SIRGAS 2000 - UTM 24S); Codificação: UTF-8
vw_PontosdeOnibus.fid-5b41923a_19c3ec54e70_ee4,3043,POINT (-38.507747 -3.820903),5340,"RUA CAP HUGO BEZERRA, 387",-3.820903,-38.507747,ETUFOR,2022,EPSG: 31984 (SIRGAS 2000 - UTM 24S); Codificação: UTF-8
vw_PontosdeOnibus.fid-5b41923a_19c3ec54e70_ee5,3044,POINT (-38.506365 -3.82288),5345,"RUA DAURA, 200",-3.82288,-38.506365,ETUFOR,2022,EPSG: 31984 (SIRGAS 2000 - UTM 24S); Codificação: UTF-8
vw_PontosdeOnibus.fid-5b41923a_19c3ec54e70_ee6,3045,POINT (-38.506684 -3.822854),5346,"RUA DAURA, 203",-3.822854,-38.506684,ETUFOR,2022,EPSG: 31984 (SIRGAS 2000 - UTM 24S); Codificação: UTF-8
vw_PontosdeOnibus.fid-5b41923a_19c3ec54e70_ee7,3046,POINT (-38.50812 -3.82357),5347,"RUA MARIA PERDIGAO, 385",-3.82357,-38.50812,ETUFOR,2022,EPSG: 31984 (SIRGAS 2000 - UTM 24S); Codificação: UTF-8
vw_PontosdeOnibus.fid-5b41923a_19c3ec54e70_ee8,3047,POINT (-38.604693 -3.807604),535,"AVENIDA GEN OSÓRIO DE PAIVA, 5840",-3.807604,-38.604693,ETUFOR,2022,EPSG: 31984 (SIRGAS 2000 - UTM 24S); Codificação: UTF-8
vw_PontosdeOnibus.fid-5b41923a_19c3ec54e70_ee9,3048,POINT (-38.574582 -3.783818),5350,"RUA NEREU RAMOS, 924",-3.783818,-38.574582,ETUFOR,2022,EPSG: 31984 (SIRGAS 2000 - UTM 24S); Codificação: UTF-8
vw_PontosdeOnibus.fid-5b41923a_19c3ec54e70_eea,3049,POINT (-38.557282 -3.812386),5353,"ESTRADA PAVUNA, 940",-3.812386,-38.557282,ETUFOR,2022,EPSG: 31984 (SIRGAS 2000 - UTM 24S); Codificação: UTF-8
vw_PontosdeOnibus.fid-5b41923a_19c3ec54e70_eeb,3050,POINT (-38.556311 -3.809761),5354,"ESTRADA PAVUNA, SN",-3.809761,-38.556311,ETUFOR,2022,EPSG: 31984 (SIRGAS 2000 - UTM 24S); Codificação: UTF-8
vw_PontosdeOnibus.fid-5b41923a_19c3ec54e70_eec,3051,POINT (-38.538426 -3.740201),5355,"AVENIDA DA UNIVERSIDADE, 2476",-3.740201,-38.538426,ETUFOR,2022,EPSG: 31984 (SIRGAS 2000 - UTM 24S); Codificação: UTF-8
vw_PontosdeOnibus.fid-5b41923a_19c3ec54e70_eed,3052,POINT (-38.533251 -3.729734),5356,"RUA PEDRO PRIMEIRO, SN",-3.729734,-38.533251,ETUFOR,2022,EPSG: 31984 (SIRGAS 2000 - UTM 24S); Codificação: UTF-8
vw_PontosdeOnibus.fid-5b41923a_19c3ec54e70_eee,3053,POINT (-38.532833 -3.729868),5358,"RUA PEDRO PRIMEIRO, SN",-3.729868,-38.532833,ETUFOR,2022,EPSG: 31984 (SIRGAS 2000 - UTM 24S); Codificação: UTF-8
vw_PontosdeOnibus.fid-5b41923a_19c3ec54e70_eef,3054,POINT (-38.60712 -3.807536),536,"RUA GAL RABELO, 392",-3.807536,-38.60712,ETUFOR,2022,EPSG: 31984 (SIRGAS 2000 - UTM 24S); Codificação: UTF-8
vw_PontosdeOnibus.fid-5b41923a_19c3ec54e70_ef0,3055,POINT (-38.531995 -3.730127),5362,"RUA PEDRO PRIMEIRO, SN",-3.730127,-38.531995,ETUFOR,2022,EPSG: 31984 (SIRGAS 2000 - UTM 24S); Codificação: UTF-8
vw_PontosdeOnibus.fid-5b41923a_19c3ec54e70_ef1,3056,POINT (-38.495199 -3.822465),5365,"AVENIDA FRE CIRILO, 4080",-3.822465,-38.495199,ETUFOR,2022,EPSG: 31984 (SIRGAS 2000 - UTM 24S); Codificação: UTF-8
vw_PontosdeOnibus.fid-5b41923a_19c3ec54e70_ef2,3057,POINT (-38.605592 -3.805741),537,"RUA GAL RABELO, 236",-3.805741,-38.605592,ETUFOR,2022,EPSG: 31984 (SIRGAS 2000 - UTM 24S); Codificação: UTF-8
vw_PontosdeOnibus.fid-5b41923a_19c3ec54e70_ef3,3058,POINT (-38.602054 -3.804888),538,"AVENIDA OSORIO DE PAIVA, 5445",-3.804888,-38.602054,ETUFOR,2022,EPSG: 31984 (SIRGAS 2000 - UTM 24S); Codificação: UTF-8
vw_PontosdeOnibus.fid-5b41923a_19c3ec54e70_ef4,3059,POINT (-38.516258 -3.819571),5383,"RUA L CJ 1º DE MARÇO, 1735",-3.819571,-38.516258,ETUFOR,2022,EPSG: 31984 (SIRGAS 2000 - UTM 24S); Codificação: UTF-8
vw_PontosdeOnibus.fid-5b41923a_19c3ec54e70_ef5,3060,POINT (-38.516645 -3.818071),5384,"RUA H CJ 1º DE MARÇO, 60",-3.818071,-38.516645,ETUFOR,2022,EPSG: 31984 (SIRGAS 2000 - UTM 24S); Codificação: UTF-8
vw_PontosdeOnibus.fid-5b41923a_19c3ec54e70_ef6,3061,POINT (-38.51613 -3.817422),5385,"RUA P/CJ 1º DE MARÇO, 156",-3.817422,-38.51613,ETUFOR,2022,EPSG: 31984 (SIRGAS 2000 - UTM 24S); Codificação: UTF-8
vw_PontosdeOnibus.fid-5b41923a_19c3ec54e70_ef7,3062,POINT (-38.513458 -3.818375),5386,"RUA OITO/CJ 1º DE MARÇO, 15",-3.818375,-38.513458,ETUFOR,2022,EPSG: 31984 (SIRGAS 2000 - UTM 24S); Codificação: UTF-8
vw_PontosdeOnibus.fid-5b41923a_19c3ec54e70_ef8,3063,POINT (-38.483139 -3.784578),5389,"RUA EDUARDO BRIGIDO MONTEIRO, SN",-3.784578,-38.483139,ETUFOR,2022,EPSG: 31984 (SIRGAS 2000 - UTM 24S); Codificação: UTF-8
vw_PontosdeOnibus.fid-5b41923a_19c3ec54e70_ef9,3064,POINT (-38.599419 -3.800374),539,"RUA PEDRO MARTINS, 89",-3.800374,-38.599419,ETUFOR,2022,EPSG: 31984 (SIRGAS 2000 - UTM 24S); Codificação: UTF-8
vw_PontosdeOnibus.fid-5b41923a_19c3ec54e70_efa,3065,POINT (-38.485347 -3.784687),5390,"RUA EDUARDO BRIGIDO MONTEIRO, SN",-3.784687,-38.485347,ETUFOR,2022,EPSG: 31984 (SIRGAS 2000 - UTM 24S); Codificação: UTF-8
vw_PontosdeOnibus.fid-5b41923a_19c3ec54e70_efb,3066,POINT (-38.487003 -3.784507),5391,"RUA JUNIOR ROCHA, 23",-3.784507,-38.487003,ETUFOR,2022,EPSG: 31984 (SIRGAS 2000 - UTM 24S); Codificação: UTF-8
vw_PontosdeOnibus.fid-5b41923a_19c3ec54e70_efc,3067,POINT (-38.487278 -3.786683),5393,"RUA JUNIOR ROCHA, 271",-3.786683,-38.487278,ETUFOR,2022,EPSG: 31984 (SIRGAS 2000 - UTM 24S); Codificação: UTF-8
vw_PontosdeOnibus.fid-5b41923a_19c3ec54e70_efd,3068,POINT (-38.50248 -3.849865),5394,"RUA AUGUSTA BENEVIDES, 1161",-3.849865,-38.50248,ETUFOR,2022,EPSG: 31984 (SIRGAS 2000 - UTM 24S); Codificação: UTF-8
vw_PontosdeOnibus.fid-5b41923a_19c3ec54e70_efe,3069,POINT (-38.595222 -3.741026),5395,"RUA SALGADO FILHO, 272",-3.741026,-38.595222,ETUFOR,2022,EPSG: 31984 (SIRGAS 2000 - UTM 24S); Codificação: UTF-8
vw_PontosdeOnibus.fid-5b41923a_19c3ec54e70_eff,3070,POINT (-38.539967 -3.796516),5399,"AVENIDA E VENEZA TROPICAL, 1166",-3.796516,-38.539967,ETUFOR,2022,EPSG: 31984 (SIRGAS 2000 - UTM 24S); Codificação: UTF-8
vw_PontosdeOnibus.fid-5b41923a_19c3ec54e70_f00,3071,POINT (-38.59892 -3.801629),540,"AVENIDA GAL OSORIO DE PAIVA, 4845",-3.801629,-38.59892,ETUFOR,2022,EPSG: 31984 (SIRGAS 2000 - UTM 24S); Codificação: UTF-8
vw_PontosdeOnibus.fid-5b41923a_19c3ec54e70_f01,3072,POINT (-38.540782 -3.79776),5400,"RUA E VENEZA TROPICAL, 200",-3.79776,-38.540782,ETUFOR,2022,EPSG: 31984 (SIRGAS 2000 - UTM 24S); Codificação: UTF-8
vw_PontosdeOnibus.fid-5b41923a_19c3ec54e70_f02,3073,POINT (-38.557186 -3.761176),5401,"AVENIDA JOAO PESSOA, 5823",-3.761176,-38.557186,ETUFOR,2022,EPSG: 31984 (SIRGAS 2000 - UTM 24S); Codificação: UTF-8
vw_PontosdeOnibus.fid-5b41923a_19c3ec54e70_f03,3074,POINT (-38.476795 -3.741217),5402,"RUA PRO OTAVIO LOBO, SN",-3.741217,-38.476795,ETUFOR,2022,EPSG: 31984 (SIRGAS 2000 - UTM 24S); Codificação: UTF-8
vw_PontosdeOnibus.fid-5b41923a_19c3ec54e70_f04,3075,POINT (-38.501403 -3.859423),5403,"RUA MARIA QUINTINO, 1140",-3.859423,-38.501403,ETUFOR,2022,EPSG: 31984 (SIRGAS 2000 - UTM 24S); Codificação: UTF-8
vw_PontosdeOnibus.fid-5b41923a_19c3ec54e70_f05,3076,POINT (-38.501391 -3.859335),5404,"RUA MARIA QUINTINO, 1140",-3.859335,-38.501391,ETUFOR,2022,EPSG: 31984 (SIRGAS 2000 - UTM 24S); Codificação: UTF-8
vw_PontosdeOnibus.fid-5b41923a_19c3ec54e70_f06,3077,POINT (-38.500457 -3.853575),5405,"RUA MARIA QUINTINO, SN",-3.853575,-38.500457,ETUFOR,2022,EPSG: 31984 (SIRGAS 2000 - UTM 24S); Codificação: UTF-8
vw_PontosdeOnibus.fid-5b41923a_19c3ec54e70_f07,3078,POINT (-38.499965 -3.850874),5407,"RUA MARIA QUINTINO, 153",-3.850874,-38.499965,ETUFOR,2022,EPSG: 31984 (SIRGAS 2000 - UTM 24S); Codificação: UTF-8
vw_PontosdeOnibus.fid-5b41923a_19c3ec54e70_f08,3079,POINT (-38.500271 -3.849551),5408,"RUA AUGUSTA BENEVIDES, S/N",-3.849551,-38.500271,ETUFOR,2022,EPSG: 31984 (SIRGAS 2000 - UTM 24S); Codificação: UTF-8
vw_PontosdeOnibus.fid-5b41923a_19c3ec54e70_f09,3080,POINT (-38.498055 -3.84911),5409,"RUA AUGUSTA BENEVIDES, 866",-3.84911,-38.498055,ETUFOR,2022,EPSG: 31984 (SIRGAS 2000 - UTM 24S); Codificação: UTF-8
vw_PontosdeOnibus.fid-5b41923a_19c3ec54e70_f0a,3081,POINT (-38.599614 -3.802085),541,"AVENIDA GAL OSORIO DE PAIVA, 4951",-3.802085,-38.599614,ETUFOR,2022,EPSG: 31984 (SIRGAS 2000 - UTM 24S); Codificação: UTF-8
vw_PontosdeOnibus.fid-5b41923a_19c3ec54e70_f0b,3082,POINT (-38.5076 -3.800537),5413,"RUA TEN TITO BARROS, 870",-3.800537,-38.5076,ETUFOR,2022,EPSG: 31984 (SIRGAS 2000 - UTM 24S); Codificação: UTF-8
vw_PontosdeOnibus.fid-5b41923a_19c3ec54e70_f0c,3083,POINT (-38.507663 -3.800406),5414,"RUA TEN TITO BARROS, 820",-3.800406,-38.507663,ETUFOR,2022,EPSG: 31984 (SIRGAS 2000 - UTM 24S); Codificação: UTF-8
vw_PontosdeOnibus.fid-5b41923a_19c3ec54e70_f0d,3084,POINT (-38.507656 -3.799455),5415,"RUA DOM MARCOS TEIXEIRA, 233",-3.799455,-38.507656,ETUFOR,2022,EPSG: 31984 (SIRGAS 2000 - UTM 24S); Codificação: UTF-8
vw_PontosdeOnibus.fid-5b41923a_19c3ec54e70_f0e,3085,POINT (-38.509126 -3.798187),5416,"RUA PDE PAULINO, 315",-3.798187,-38.509126,ETUFOR,2022,EPSG: 31984 (SIRGAS 2000 - UTM 24S); Codificação: UTF-8
vw_PontosdeOnibus.fid-5b41923a_19c3ec54e70_f0f,3086,POINT (-38.532485 -3.732651),5420,"RUA GAL SAMPAIO, 1572",-3.732651,-38.532485,ETUFOR,2022,EPSG: 31984 (SIRGAS 2000 - UTM 24S); Codificação: UTF-8
vw_PontosdeOnibus.fid-5b41923a_19c3ec54e70_f10,3087,POINT (-38.575858 -3.784928),5421,"RUA LEAO DO NORTE, 203",-3.784928,-38.575858,ETUFOR,2022,EPSG: 31984 (SIRGAS 2000 - UTM 24S); Codificação: UTF-8
vw_PontosdeOnibus.fid-5b41923a_19c3ec54e70_f11,3088,POINT (-38.438757 -3.768608),5422,"RUA DES GEMINIANO JUREMA, 88",-3.768608,-38.438757,ETUFOR,2022,EPSG: 31984 (SIRGAS 2000 - UTM 24S); Codificação: UTF-8
vw_PontosdeOnibus.fid-5b41923a_19c3ec54e70_f12,3089,POINT (-38.47091 -3.748874),5423,"RUA AL  AMALIA MARIA, 35",-3.748874,-38.47091,ETUFOR,2022,EPSG: 31984 (SIRGAS 2000 - UTM 24S); Codificação: UTF-8
vw_PontosdeOnibus.fid-5b41923a_19c3ec54e70_f13,3090,POINT (-38.595205 -3.77955),5427,"RUA EMILIO DE MENESES, 1576",-3.77955,-38.595205,ETUFOR,2022,EPSG: 31984 (SIRGAS 2000 - UTM 24S); Codificação: UTF-8
vw_PontosdeOnibus.fid-5b41923a_19c3ec54e70_f14,3091,POINT (-38.496841 -3.796409),5428,"RUA CHICO LEMOS, 1052",-3.796409,-38.496841,ETUFOR,2022,EPSG: 31984 (SIRGAS 2000 - UTM 24S); Codificação: UTF-8
vw_PontosdeOnibus.fid-5b41923a_19c3ec54e70_f15,3092,POINT (-38.537031 -3.765842),5429,"AVENIDA LUCIANO CARNEIRO, 1991",-3.765842,-38.537031,ETUFOR,2022,EPSG: 31984 (SIRGAS 2000 - UTM 24S); Codificação: UTF-8
vw_PontosdeOnibus.fid-5b41923a_19c3ec54e70_f16,3093,POINT (-38.536504 -3.764203),5430,"AVENIDA LUCIANO CARNEIRO, 1810",-3.764203,-38.536504,ETUFOR,2022,EPSG: 31984 (SIRGAS 2000 - UTM 24S); Codificação: UTF-8
vw_PontosdeOnibus.fid-5b41923a_19c3ec54e70_f17,3094,POINT (-38.535912 -3.762295),5431,"AVENIDA LUCIANO CARNEIRO, 1605",-3.762295,-38.535912,ETUFOR,2022,EPSG: 31984 (SIRGAS 2000 - UTM 24S); Codificação: UTF-8
vw_PontosdeOnibus.fid-5b41923a_19c3ec54e70_f18,3095,POINT (-38.573706 -3.808912),5432,"AVENIDA GODOFREDO MACIEL, 3878",-3.808912,-38.573706,ETUFOR,2022,EPSG: 31984 (SIRGAS 2000 - UTM 24S); Codificação: UTF-8
vw_PontosdeOnibus.fid-5b41923a_19c3ec54e70_f19,3096,POINT (-38.484825 -3.82354),5434,"AVENIDA MEM DE SA, 160",-3.82354,-38.484825,ETUFOR,2022,EPSG: 31984 (SIRGAS 2000 - UTM 24S); Codificação: UTF-8
vw_PontosdeOnibus.fid-5b41923a_19c3ec54e70_f1a,3097,POINT (-38.534347 -3.767689),5435,"RUA ALM RUFINO, 360",-3.767689,-38.534347,ETUFOR,2022,EPSG: 31984 (SIRGAS 2000 - UTM 24S); Codificação: UTF-8
vw_PontosdeOnibus.fid-5b41923a_19c3ec54e70_f1b,3098,POINT (-38.533048 -3.768444),5438,"RUA JORGE ACURCIO, 900",-3.768444,-38.533048,ETUFOR,2022,EPSG: 31984 (SIRGAS 2000 - UTM 24S); Codificação: UTF-8
vw_PontosdeOnibus.fid-5b41923a_19c3ec54e70_f1c,3099,POINT (-38.534232 -3.770627),5440,"RUA JORGE ACURCIO, 1123",-3.770627,-38.534232,ETUFOR,2022,EPSG: 31984 (SIRGAS 2000 - UTM 24S); Codificação: UTF-8
vw_PontosdeOnibus.fid-5b41923a_19c3ec54e70_f1d,3100,POINT (-38.534611 -3.771178),5441,"RUA JORGE ACURCIO, 1295",-3.771178,-38.534611,ETUFOR,2022,EPSG: 31984 (SIRGAS 2000 - UTM 24S); Codificação: UTF-8
vw_PontosdeOnibus.fid-5b41923a_19c3ec54e70_f1e,3101,POINT (-38.556051 -3.831529),5442,"AVENIDA D CJ JOSE WALTER, SN",-3.831529,-38.556051,ETUFOR,2022,EPSG: 31984 (SIRGAS 2000 - UTM 24S); Codificação: UTF-8
vw_PontosdeOnibus.fid-5b41923a_19c3ec54e70_f1f,3102,POINT (-38.597221 -3.800302),5443,"RUA PEDRO C SALES (D71), 100",-3.800302,-38.597221,ETUFOR,2022,EPSG: 31984 (SIRGAS 2000 - UTM 24S); Codificação: UTF-8
vw_PontosdeOnibus.fid-5b41923a_19c3ec54e70_f20,3103,POINT (-38.595264 -3.801643),5444,"RUA REV OSMAR LIMA, 246",-3.801643,-38.595264,ETUFOR,2022,EPSG: 31984 (SIRGAS 2000 - UTM 24S); Codificação: UTF-8
vw_PontosdeOnibus.fid-5b41923a_19c3ec54e70_f21,3104,POINT (-38.596265 -3.802677),5445,"RUA REV OSMAR LIMA, 1300",-3.802677,-38.596265,ETUFOR,2022,EPSG: 31984 (SIRGAS 2000 - UTM 24S); Codificação: UTF-8
vw_PontosdeOnibus.fid-5b41923a_19c3ec54e70_f22,3105,POINT (-38.597823 -3.802469),5446,"RUA SAO FELIPE    (D71), 852",-3.802469,-38.597823,ETUFOR,2022,EPSG: 31984 (SIRGAS 2000 - UTM 24S); Codificação: UTF-8
vw_PontosdeOnibus.fid-5b41923a_19c3ec54e70_f23,3106,POINT (-38.599765 -3.804475),5447,"RUA SAO FELIPE    (D71), 1128",-3.804475,-38.599765,ETUFOR,2022,EPSG: 31984 (SIRGAS 2000 - UTM 24S); Codificação: UTF-8
vw_PontosdeOnibus.fid-5b41923a_19c3ec54e70_f24,3107,POINT (-38.597934 -3.805659),5448,"RUA MONTE PASCOAL, 468",-3.805659,-38.597934,ETUFOR,2022,EPSG: 31984 (SIRGAS 2000 - UTM 24S); Codificação: UTF-8
vw_PontosdeOnibus.fid-5b41923a_19c3ec54e70_f25,3108,POINT (-38.599101 -3.808075),5449,"RUA RAIMUNDO MARQUES, 1010",-3.808075,-38.599101,ETUFOR,2022,EPSG: 31984 (SIRGAS 2000 - UTM 24S); Codificação: UTF-8
vw_PontosdeOnibus.fid-5b41923a_19c3ec54e70_f26,3109,POINT (-38.600317 -3.809705),5450,"RUA RAIMUNDO MARQUÊS, 2051",-3.809705,-38.600317,ETUFOR,2022,EPSG: 31984 (SIRGAS 2000 - UTM 24S); Codificação: UTF-8
vw_PontosdeOnibus.fid-5b41923a_19c3ec54e70_f27,3110,POINT (-38.604418 -3.808744),5452,"RUA JARDIM FLUMINENSE, 1734",-3.808744,-38.604418,ETUFOR,2022,EPSG: 31984 (SIRGAS 2000 - UTM 24S); Codificação: UTF-8
vw_PontosdeOnibus.fid-5b41923a_19c3ec54e70_f28,3111,POINT (-38.539404 -3.749775),5453,"RUA DAMASCENO GIRAO, 1668",-3.749775,-38.539404,ETUFOR,2022,EPSG: 31984 (SIRGAS 2000 - UTM 24S); Codificação: UTF-8
vw_PontosdeOnibus.fid-5b41923a_19c3ec54e70_f29,3112,POINT (-38.593287 -3.709989),5457,"AVENIDA MOZART P.LUCENA, 3820",-3.709989,-38.593287,ETUFOR,2022,EPSG: 31984 (SIRGAS 2000 - UTM 24S); Codificação: UTF-8
vw_PontosdeOnibus.fid-5b41923a_19c3ec54e70_f2a,3113,POINT (-38.595025 -3.708415),5458,"RUA 31 CJ POLAR, 220",-3.708415,-38.595025,ETUFOR,2022,EPSG: 31984 (SIRGAS 2000 - UTM 24S); Codificação: UTF-8
vw_PontosdeOnibus.fid-5b41923a_19c3ec54e70_f2b,3114,POINT (-38.601483 -3.712404),5459,"RUA GAMA, SN",-3.712404,-38.601483,ETUFOR,2022,EPSG: 31984 (SIRGAS 2000 - UTM 24S); Codificação: UTF-8
vw_PontosdeOnibus.fid-5b41923a_19c3ec54e70_f2c,3115,POINT (-38.590498 -3.803381),546,"RUA CON CASTRO, 4320",-3.803381,-38.590498,ETUFOR,2022,EPSG: 31984 (SIRGAS 2000 - UTM 24S); Codificação: UTF-8
vw_PontosdeOnibus.fid-5b41923a_19c3ec54e70_f2d,3116,POINT (-38.600073 -3.713529),5460,"AVENIDA L CJ DOS BANCARIOS, 990",-3.713529,-38.600073,ETUFOR,2022,EPSG: 31984 (SIRGAS 2000 - UTM 24S); Codificação: UTF-8
vw_PontosdeOnibus.fid-5b41923a_19c3ec54e70_f2e,3117,POINT (-38.598542 -3.709707),5461,"AVENIDA AV. L CJ NOVA ASSUNÇÃO, 606",-3.709707,-38.598542,ETUFOR,2022,EPSG: 31984 (SIRGAS 2000 - UTM 24S); Codificação: UTF-8
vw_PontosdeOnibus.fid-5b41923a_19c3ec54e70_f2f,3118,POINT (-38.481247 -3.734487),5466,"AVENIDA ENG SANTANA JUNIOR, 773",-3.734487,-38.481247,ETUFOR,2022,EPSG: 31984 (SIRGAS 2000 - UTM 24S); Codificação: UTF-8
vw_PontosdeOnibus.fid-5b41923a_19c3ec54e70_f30,3119,POINT (-38.482184 -3.735714),5467,"AVENIDA ENG SANTANA JUNIOR, 918",-3.735714,-38.482184,ETUFOR,2022,EPSG: 31984 (SIRGAS 2000 - UTM 24S); Codificação: UTF-8
vw_PontosdeOnibus.fid-5b41923a_19c3ec54e70_f31,3120,POINT (-38.567875 -3.796555),5468,"RUA FRANCISCO GLICERIO, 722",-3.796555,-38.567875,ETUFOR,2022,EPSG: 31984 (SIRGAS 2000 - UTM 24S); Codificação: UTF-8
vw_PontosdeOnibus.fid-5b41923a_19c3ec54e70_f32,3121,POINT (-38.56777 -3.796587),5469,"RUA FRANCISCO GLICERIO, 722",-3.796587,-38.56777,ETUFOR,2022,EPSG: 31984 (SIRGAS 2000 - UTM 24S); Codificação: UTF-8
vw_PontosdeOnibus.fid-5b41923a_19c3ec54e70_f33,3122,POINT (-38.590376 -3.803238),547,"RUA CON CASTRO, 4309",-3.803238,-38.590376,ETUFOR,2022,EPSG: 31984 (SIRGAS 2000 - UTM 24S); Codificação: UTF-8
vw_PontosdeOnibus.fid-5b41923a_19c3ec54e70_f34,3123,POINT (-38.458255 -3.749205),5471,"AVENIDA SANTOS DUMONT, 7777",-3.749205,-38.458255,ETUFOR,2022,EPSG: 31984 (SIRGAS 2000 - UTM 24S); Codificação: UTF-8
vw_PontosdeOnibus.fid-5b41923a_19c3ec54e70_f35,3124,POINT (-38.458095 -3.74915),5472,"AVENIDA SANTOS DUMONT, 7777",-3.74915,-38.458095,ETUFOR,2022,EPSG: 31984 (SIRGAS 2000 - UTM 24S); Codificação: UTF-8
vw_PontosdeOnibus.fid-5b41923a_19c3ec54e70_f36,3125,POINT (-38.540919 -3.751693),5473,"RUA MAJ WEYNE, 412",-3.751693,-38.540919,ETUFOR,2022,EPSG: 31984 (SIRGAS 2000 - UTM 24S); Codificação: UTF-8
vw_PontosdeOnibus.fid-5b41923a_19c3ec54e70_f37,3126,POINT (-38.556046 -3.744156),5474,"RUA NESTOR BARBOSA, 66",-3.744156,-38.556046,ETUFOR,2022,EPSG: 31984 (SIRGAS 2000 - UTM 24S); Codificação: UTF-8
vw_PontosdeOnibus.fid-5b41923a_19c3ec54e70_f38,3127,POINT (-38.569306 -3.832304),5476,"RUA PLANALTINA, 973",-3.832304,-38.569306,ETUFOR,2022,EPSG: 31984 (SIRGAS 2000 - UTM 24S); Codificação: UTF-8
vw_PontosdeOnibus.fid-5b41923a_19c3ec54e70_f39,3128,POINT (-38.569466 -3.832683),5477,"RUA PLANALTINA, 973",-3.832683,-38.569466,ETUFOR,2022,EPSG: 31984 (SIRGAS 2000 - UTM 24S); Codificação: UTF-8
vw_PontosdeOnibus.fid-5b41923a_19c3ec54e70_f3a,3129,POINT (-38.570561 -3.83272),5478,"RUA OSCAR ROMERO, 220",-3.83272,-38.570561,ETUFOR,2022,EPSG: 31984 (SIRGAS 2000 - UTM 24S); Codificação: UTF-8
vw_PontosdeOnibus.fid-5b41923a_19c3ec54e70_f3b,3130,POINT (-38.57072 -3.832653),5479,"RUA OSCAR ROMERO, 221 A",-3.832653,-38.57072,ETUFOR,2022,EPSG: 31984 (SIRGAS 2000 - UTM 24S); Codificação: UTF-8
vw_PontosdeOnibus.fid-5b41923a_19c3ec54e70_f3c,3131,POINT (-38.571803 -3.8322),5480,"RUA OSCAR ROMERO, 491",-3.8322,-38.571803,ETUFOR,2022,EPSG: 31984 (SIRGAS 2000 - UTM 24S); Codificação: UTF-8
vw_PontosdeOnibus.fid-5b41923a_19c3ec54e70_f3d,3132,POINT (-38.571889 -3.832164),5481,"RUA OSCAR ROMERO, 492",-3.832164,-38.571889,ETUFOR,2022,EPSG: 31984 (SIRGAS 2000 - UTM 24S); Codificação: UTF-8
vw_PontosdeOnibus.fid-5b41923a_19c3ec54e70_f3e,3133,POINT (-38.581241 -3.782563),5482,"AVENIDA AUGUSTO DOS ANJOS, 1892",-3.782563,-38.581241,ETUFOR,2022,EPSG: 31984 (SIRGAS 2000 - UTM 24S); Codificação: UTF-8
vw_PontosdeOnibus.fid-5b41923a_19c3ec54e70_f3f,3134,POINT (-38.509034 -3.791229),5483,"RODOVIA BR 116, SN",-3.791229,-38.509034,ETUFOR,2022,EPSG: 31984 (SIRGAS 2000 - UTM 24S); Codificação: UTF-8
vw_PontosdeOnibus.fid-5b41923a_19c3ec54e70_f40,3135,POINT (-38.486202 -3.84052),5484,"RUA LUIZ FCO XAVIER, 56",-3.84052,-38.486202,ETUFOR,2022,EPSG: 31984 (SIRGAS 2000 - UTM 24S); Codificação: UTF-8
vw_PontosdeOnibus.fid-5b41923a_19c3ec54e70_f41,3136,POINT (-38.486149 -3.84039),5485,"RUA LUIZ FCO XAVIER, 56",-3.84039,-38.486149,ETUFOR,2022,EPSG: 31984 (SIRGAS 2000 - UTM 24S); Codificação: UTF-8
vw_PontosdeOnibus.fid-5b41923a_19c3ec54e70_f42,3137,POINT (-38.487115 -3.844607),5486,"RUA LUIZ FCO XAVIER, 570",-3.844607,-38.487115,ETUFOR,2022,EPSG: 31984 (SIRGAS 2000 - UTM 24S); Codificação: UTF-8
vw_PontosdeOnibus.fid-5b41923a_19c3ec54e70_f43,3138,POINT (-38.48717 -3.844897),5487,"RUA LUIZ FCO XAVIER, 520",-3.844897,-38.48717,ETUFOR,2022,EPSG: 31984 (SIRGAS 2000 - UTM 24S); Codificação: UTF-8
vw_PontosdeOnibus.fid-5b41923a_19c3ec54e70_f44,3139,POINT (-38.4875 -3.84683),5488,"RUA LUIZ FCO XAVIER, S/R",-3.84683,-38.4875,ETUFOR,2022,EPSG: 31984 (SIRGAS 2000 - UTM 24S); Codificação: UTF-8
vw_PontosdeOnibus.fid-5b41923a_19c3ec54e70_f45,3140,POINT (-38.487029 -3.84935),5489,"RUA MONTE VERDE, 84",-3.84935,-38.487029,ETUFOR,2022,EPSG: 31984 (SIRGAS 2000 - UTM 24S); Codificação: UTF-8
vw_PontosdeOnibus.fid-5b41923a_19c3ec54e70_f46,3141,POINT (-38.48695 -3.849353),5490,"RUA MONTE VERDE, 1172",-3.849353,-38.48695,ETUFOR,2022,EPSG: 31984 (SIRGAS 2000 - UTM 24S); Codificação: UTF-8
vw_PontosdeOnibus.fid-5b41923a_19c3ec54e70_f47,3142,POINT (-38.48546 -3.850184),5491,"RUA STA LUCRECIA, 897",-3.850184,-38.48546,ETUFOR,2022,EPSG: 31984 (SIRGAS 2000 - UTM 24S); Codificação: UTF-8
vw_PontosdeOnibus.fid-5b41923a_19c3ec54e70_f48,3143,POINT (-38.485755 -3.850179),5492,"RUA STA LUCRECIA, 919",-3.850179,-38.485755,ETUFOR,2022,EPSG: 31984 (SIRGAS 2000 - UTM 24S); Codificação: UTF-8
vw_PontosdeOnibus.fid-5b41923a_19c3ec54e70_f49,3144,POINT (-38.484115 -3.850221),5493,"RUA SANTA LUCRECIA, S/N",-3.850221,-38.484115,ETUFOR,2022,EPSG: 31984 (SIRGAS 2000 - UTM 24S); Codificação: UTF-8
vw_PontosdeOnibus.fid-5b41923a_19c3ec54e70_f4a,3145,POINT (-38.484207 -3.850216),5494,"RUA SANTA LUCRECIA, 1045",-3.850216,-38.484207,ETUFOR,2022,EPSG: 31984 (SIRGAS 2000 - UTM 24S); Codificação: UTF-8
vw_PontosdeOnibus.fid-5b41923a_19c3ec54e70_f4b,3146,POINT (-38.482773 -3.849563),5495,"RUA MOZART ANSELMO, SN",-3.849563,-38.482773,ETUFOR,2022,EPSG: 31984 (SIRGAS 2000 - UTM 24S); Codificação: UTF-8
vw_PontosdeOnibus.fid-5b41923a_19c3ec54e70_f4c,3147,POINT (-38.482797 -3.849722),5496,"RUA MOZART ANSELMO, 420",-3.849722,-38.482797,ETUFOR,2022,EPSG: 31984 (SIRGAS 2000 - UTM 24S); Codificação: UTF-8
vw_PontosdeOnibus.fid-5b41923a_19c3ec54e70_f4d,3148,POINT (-38.581436 -3.797314),5497,"RUA JULIO MACIEL (D42), 770",-3.797314,-38.581436,ETUFOR,2022,EPSG: 31984 (SIRGAS 2000 - UTM 24S); Codificação: UTF-8
vw_PontosdeOnibus.fid-5b41923a_19c3ec54e70_f4e,3149,POINT (-38.581427 -3.797314),5499,"RUA JULIO MACIEL (D42), 765",-3.797314,-38.581427,ETUFOR,2022,EPSG: 31984 (SIRGAS 2000 - UTM 24S); Codificação: UTF-8
vw_PontosdeOnibus.fid-5b41923a_19c3ec54e70_f4f,3150,POINT (-38.582794 -3.797514),5500,"RUA PDE ARIMATEIA, 291",-3.797514,-38.582794,ETUFOR,2022,EPSG: 31984 (SIRGAS 2000 - UTM 24S); Codificação: UTF-8
vw_PontosdeOnibus.fid-5b41923a_19c3ec54e70_f50,3151,POINT (-38.582805 -3.797723),5501,"RUA PDE ARIMATEIA, 293",-3.797723,-38.582805,ETUFOR,2022,EPSG: 31984 (SIRGAS 2000 - UTM 24S); Codificação: UTF-8
vw_PontosdeOnibus.fid-5b41923a_19c3ec54e70_f51,3152,POINT (-38.518327 -3.801631),5502,"RUA ADEMAR DE PAULA, 233",-3.801631,-38.518327,ETUFOR,2022,EPSG: 31984 (SIRGAS 2000 - UTM 24S); Codificação: UTF-8
vw_PontosdeOnibus.fid-5b41923a_19c3ec54e70_f52,3153,POINT (-38.586995 -3.70042),5507,"AVENIDA CASTELO BRANCO, SN",-3.70042,-38.586995,ETUFOR,2022,EPSG: 31984 (SIRGAS 2000 - UTM 24S); Codificação: UTF-8
vw_PontosdeOnibus.fid-5b41923a_19c3ec54e70_f53,3154,POINT (-38.594179 -3.807471),551,"RUA CON CASTRO, S/N",-3.807471,-38.594179,ETUFOR,2022,EPSG: 31984 (SIRGAS 2000 - UTM 24S); Codificação: UTF-8
vw_PontosdeOnibus.fid-5b41923a_19c3ec54e70_f54,3155,POINT (-38.527855 -3.735093),5510,"RUA SOLON PINHEIRO, 515",-3.735093,-38.527855,ETUFOR,2022,EPSG: 31984 (SIRGAS 2000 - UTM 24S); Codificação: UTF-8
vw_PontosdeOnibus.fid-5b41923a_19c3ec54e70_f55,3156,POINT (-38.473876 -3.747652),5511,"RUA CEL NOGUEIRA PAES, 1862",-3.747652,-38.473876,ETUFOR,2022,EPSG: 31984 (SIRGAS 2000 - UTM 24S); Codificação: UTF-8
vw_PontosdeOnibus.fid-5b41923a_19c3ec54e70_f56,3157,POINT (-38.480346 -3.73987),5512,"RUA JULIO AZEVEDO, SN",-3.73987,-38.480346,ETUFOR,2022,EPSG: 31984 (SIRGAS 2000 - UTM 24S); Codificação: UTF-8
vw_PontosdeOnibus.fid-5b41923a_19c3ec54e70_f57,3158,POINT (-38.474249 -3.814635),5514,"AVENIDA ENG LEAL LIMA VERDE, 2333",-3.814635,-38.474249,ETUFOR,2022,EPSG: 31984 (SIRGAS 2000 - UTM 24S); Codificação: UTF-8
vw_PontosdeOnibus.fid-5b41923a_19c3ec54e70_f58,3159,POINT (-38.477699 -3.823119),5516,"AVENIDA CAPRICHO, 1772",-3.823119,-38.477699,ETUFOR,2022,EPSG: 31984 (SIRGAS 2000 - UTM 24S); Codificação: UTF-8
vw_PontosdeOnibus.fid-5b41923a_19c3ec54e70_f59,3160,POINT (-38.477716 -3.823142),5517,"AVENIDA ODILON GUIMARAES, 1772",-3.823142,-38.477716,ETUFOR,2022,EPSG: 31984 (SIRGAS 2000 - UTM 24S); Codificação: UTF-8
vw_PontosdeOnibus.fid-5b41923a_19c3ec54e70_f5a,3161,POINT (-38.476605 -3.821584),5518,"AVENIDA ODILON GUIMARAES, 1910",-3.821584,-38.476605,ETUFOR,2022,EPSG: 31984 (SIRGAS 2000 - UTM 24S); Codificação: UTF-8
vw_PontosdeOnibus.fid-5b41923a_19c3ec54e70_f5b,3162,POINT (-38.475431 -3.819948),5519,"AVENIDA ARACATUBA, 2249",-3.819948,-38.475431,ETUFOR,2022,EPSG: 31984 (SIRGAS 2000 - UTM 24S); Codificação: UTF-8
vw_PontosdeOnibus.fid-5b41923a_19c3ec54e70_f5c,3163,POINT (-38.595501 -3.809035),552,"RUA CON CASTRO, 5215",-3.809035,-38.595501,ETUFOR,2022,EPSG: 31984 (SIRGAS 2000 - UTM 24S); Codificação: UTF-8
vw_PontosdeOnibus.fid-5b41923a_19c3ec54e70_f5d,3164,POINT (-38.474511 -3.817002),5520,"AVENIDA ENG LEAL LIMA VERDE, 2780",-3.817002,-38.474511,ETUFOR,2022,EPSG: 31984 (SIRGAS 2000 - UTM 24S); Codificação: UTF-8
vw_PontosdeOnibus.fid-5b41923a_19c3ec54e70_f5e,3165,POINT (-38.474501 -3.816901),5521,"AVENIDA ENG LEAL LIMA VERDE, 2780",-3.816901,-38.474501,ETUFOR,2022,EPSG: 31984 (SIRGAS 2000 - UTM 24S); Codificação: UTF-8
vw_PontosdeOnibus.fid-5b41923a_19c3ec54e70_f5f,3166,POINT (-38.474229 -3.814365),5522,"AVENIDA ENG LEAL LIMA VERDE, 2390",-3.814365,-38.474229,ETUFOR,2022,EPSG: 31984 (SIRGAS 2000 - UTM 24S); Codificação: UTF-8
vw_PontosdeOnibus.fid-5b41923a_19c3ec54e70_f60,3167,POINT (-38.474453 -3.810235),5523,"AVENIDA ENG LEAL LIMA VERDE, 2388",-3.810235,-38.474453,ETUFOR,2022,EPSG: 31984 (SIRGAS 2000 - UTM 24S); Codificação: UTF-8
vw_PontosdeOnibus.fid-5b41923a_19c3ec54e70_f61,3168,POINT (-38.474487 -3.809834),5524,"AVENIDA ENG LEAL LIMA VERDE, 2295",-3.809834,-38.474487,ETUFOR,2022,EPSG: 31984 (SIRGAS 2000 - UTM 24S); Codificação: UTF-8
vw_PontosdeOnibus.fid-5b41923a_19c3ec54e70_f62,3169,POINT (-38.474768 -3.806545),5525,"AVENIDA STA MARTHA, SN",-3.806545,-38.474768,ETUFOR,2022,EPSG: 31984 (SIRGAS 2000 - UTM 24S); Codificação: UTF-8
vw_PontosdeOnibus.fid-5b41923a_19c3ec54e70_f63,3170,POINT (-38.474757 -3.806677),5526,"AVENIDA STA MARTHA, SN",-3.806677,-38.474757,ETUFOR,2022,EPSG: 31984 (SIRGAS 2000 - UTM 24S); Codificação: UTF-8
vw_PontosdeOnibus.fid-5b41923a_19c3ec54e70_f64,3171,POINT (-38.475013 -3.803594),5527,"AVENIDA ENG LEAL LIMA VERDE, 1501",-3.803594,-38.475013,ETUFOR,2022,EPSG: 31984 (SIRGAS 2000 - UTM 24S); Codificação: UTF-8
vw_PontosdeOnibus.fid-5b41923a_19c3ec54e70_f65,3172,POINT (-38.475041 -3.803277),5528,"AVENIDA ENG LEAL LIMA VERDE, 1501",-3.803277,-38.475041,ETUFOR,2022,EPSG: 31984 (SIRGAS 2000 - UTM 24S); Codificação: UTF-8
vw_PontosdeOnibus.fid-5b41923a_19c3ec54e70_f66,3173,POINT (-38.47522 -3.801026),5529,"AVENIDA ENG LEAL LIMA VERDE, 1261",-3.801026,-38.47522,ETUFOR,2022,EPSG: 31984 (SIRGAS 2000 - UTM 24S); Codificação: UTF-8
vw_PontosdeOnibus.fid-5b41923a_19c3ec54e70_f67,3174,POINT (-38.475243 -3.800779),5530,"AVENIDA ENG LEAL LIMA VERDE, 1182",-3.800779,-38.475243,ETUFOR,2022,EPSG: 31984 (SIRGAS 2000 - UTM 24S); Codificação: UTF-8
vw_PontosdeOnibus.fid-5b41923a_19c3ec54e70_f68,3175,POINT (-38.475559 -3.797155),5531,"AVENIDA ENG LEAL LIMA VERDE, 951",-3.797155,-38.475559,ETUFOR,2022,EPSG: 31984 (SIRGAS 2000 - UTM 24S); Codificação: UTF-8
vw_PontosdeOnibus.fid-5b41923a_19c3ec54e70_f69,3176,POINT (-38.475547 -3.797299),5532,"AVENIDA ENG LEAL LIMA VERDE, 970",-3.797299,-38.475547,ETUFOR,2022,EPSG: 31984 (SIRGAS 2000 - UTM 24S); Codificação: UTF-8
vw_PontosdeOnibus.fid-5b41923a_19c3ec54e70_f6a,3177,POINT (-38.475767 -3.794765),5533,"AVENIDA ENG LEAL LIMA VERDE, 701",-3.794765,-38.475767,ETUFOR,2022,EPSG: 31984 (SIRGAS 2000 - UTM 24S); Codificação: UTF-8
vw_PontosdeOnibus.fid-5b41923a_19c3ec54e70_f6b,3178,POINT (-38.468909 -3.795348),5534,"RUA SANDRA GENTIL, 1337",-3.795348,-38.468909,ETUFOR,2022,EPSG: 31984 (SIRGAS 2000 - UTM 24S); Codificação: UTF-8
vw_PontosdeOnibus.fid-5b41923a_19c3ec54e70_f6c,3179,POINT (-38.52755 -3.734196),5535,"RUA SOLON PINHEIRO, 446",-3.734196,-38.52755,ETUFOR,2022,EPSG: 31984 (SIRGAS 2000 - UTM 24S); Codificação: UTF-8
vw_PontosdeOnibus.fid-5b41923a_19c3ec54e70_f6d,3180,POINT (-38.555981 -3.798348),5536,"RUA BETEL, 2010",-3.798348,-38.555981,ETUFOR,2022,EPSG: 31984 (SIRGAS 2000 - UTM 24S); Codificação: UTF-8
vw_PontosdeOnibus.fid-5b41923a_19c3ec54e70_f6e,3181,POINT (-38.556046 -3.798464),5537,"RUA BETEL, 2010",-3.798464,-38.556046,ETUFOR,2022,EPSG: 31984 (SIRGAS 2000 - UTM 24S); Codificação: UTF-8
vw_PontosdeOnibus.fid-5b41923a_19c3ec54e70_f6f,3182,POINT (-38.507422 -3.827233),5538,"RUA FRANCISCO NEPOMUCENO, SN",-3.827233,-38.507422,ETUFOR,2022,EPSG: 31984 (SIRGAS 2000 - UTM 24S); Codificação: UTF-8
vw_PontosdeOnibus.fid-5b41923a_19c3ec54e70_f70,3183,POINT (-38.600852 -3.783216),5543,"RUA JOSE ABILIO, 1024",-3.783216,-38.600852,ETUFOR,2022,EPSG: 31984 (SIRGAS 2000 - UTM 24S); Codificação: UTF-8
vw_PontosdeOnibus.fid-5b41923a_19c3ec54e70_f71,3184,POINT (-38.5054 -3.821097),5544,"RUA CAP HUGO BEZERRA, 221",-3.821097,-38.5054,ETUFOR,2022,EPSG: 31984 (SIRGAS 2000 - UTM 24S); Codificação: UTF-8
vw_PontosdeOnibus.fid-5b41923a_19c3ec54e70_f72,3185,POINT (-38.50569 -3.821074),5545,"RUA CAP HUGO BEZERRA, 221",-3.821074,-38.50569,ETUFOR,2022,EPSG: 31984 (SIRGAS 2000 - UTM 24S); Codificação: UTF-8
vw_PontosdeOnibus.fid-5b41923a_19c3ec54e70_f73,3186,POINT (-38.517581 -3.723686),5546,"RUA MON TABOSA, 216",-3.723686,-38.517581,ETUFOR,2022,EPSG: 31984 (SIRGAS 2000 - UTM 24S); Codificação: UTF-8
vw_PontosdeOnibus.fid-5b41923a_19c3ec54e70_f74,3187,POINT (-38.515471 -3.723819),5547,"RUA MON TABOSA, 420",-3.723819,-38.515471,ETUFOR,2022,EPSG: 31984 (SIRGAS 2000 - UTM 24S); Codificação: UTF-8
vw_PontosdeOnibus.fid-5b41923a_19c3ec54e70_f75,3188,POINT (-38.512956 -3.723985),5548,"RUA MON TABOSA, 780",-3.723985,-38.512956,ETUFOR,2022,EPSG: 31984 (SIRGAS 2000 - UTM 24S); Codificação: UTF-8
vw_PontosdeOnibus.fid-5b41923a_19c3ec54e70_f76,3189,POINT (-38.570854 -3.732271),5550,"RUA EDGAR FALCAO, 130",-3.732271,-38.570854,ETUFOR,2022,EPSG: 31984 (SIRGAS 2000 - UTM 24S); Codificação: UTF-8
vw_PontosdeOnibus.fid-5b41923a_19c3ec54e70_f77,3190,POINT (-38.572586 -3.732812),5551,"RUA FREI ODILON, 1507",-3.732812,-38.572586,ETUFOR,2022,EPSG: 31984 (SIRGAS 2000 - UTM 24S); Codificação: UTF-8
vw_PontosdeOnibus.fid-5b41923a_19c3ec54e70_f78,3191,POINT (-38.572266 -3.735679),5552,"RUA FREI ODILON, 1700",-3.735679,-38.572266,ETUFOR,2022,EPSG: 31984 (SIRGAS 2000 - UTM 24S); Codificação: UTF-8
vw_PontosdeOnibus.fid-5b41923a_19c3ec54e70_f79,3192,POINT (-38.538774 -3.752892),5553,"AVENIDA VICOSA, 125",-3.752892,-38.538774,ETUFOR,2022,EPSG: 31984 (SIRGAS 2000 - UTM 24S); Codificação: UTF-8
vw_PontosdeOnibus.fid-5b41923a_19c3ec54e70_f7a,3193,POINT (-38.569158 -3.73876),5554,"AVENIDA ENG HUMBERTO MONTE, SN",-3.73876,-38.569158,ETUFOR,2022,EPSG: 31984 (SIRGAS 2000 - UTM 24S); Codificação: UTF-8
vw_PontosdeOnibus.fid-5b41923a_19c3ec54e70_f7b,3194,POINT (-38.598752 -3.78382),5555,"RUA JOSE ABILIO, 776",-3.78382,-38.598752,ETUFOR,2022,EPSG: 31984 (SIRGAS 2000 - UTM 24S); Codificação: UTF-8
vw_PontosdeOnibus.fid-5b41923a_19c3ec54e70_f7c,3195,POINT (-38.600702 -3.783259),5556,"RUA JOSE ABILIO, 1017",-3.783259,-38.600702,ETUFOR,2022,EPSG: 31984 (SIRGAS 2000 - UTM 24S); Codificação: UTF-8
vw_PontosdeOnibus.fid-5b41923a_19c3ec54e70_f7d,3196,POINT (-38.563716 -3.772826),5559,"RUA CAIO PRADO, 248 A",-3.772826,-38.563716,ETUFOR,2022,EPSG: 31984 (SIRGAS 2000 - UTM 24S); Codificação: UTF-8
vw_PontosdeOnibus.fid-5b41923a_19c3ec54e70_f7e,3197,POINT (-38.59025 -3.808185),556,"TRAVESSA CONTORNO SUL   (D71), 24",-3.808185,-38.59025,ETUFOR,2022,EPSG: 31984 (SIRGAS 2000 - UTM 24S); Codificação: UTF-8
vw_PontosdeOnibus.fid-5b41923a_19c3ec54e70_f7f,3198,POINT (-38.469302 -3.827215),5561,"AVENIDA PRO JOSÉ ARTHUR DE CARVALHO, SN",-3.827215,-38.469302,ETUFOR,2022,EPSG: 31984 (SIRGAS 2000 - UTM 24S); Codificação: UTF-8
vw_PontosdeOnibus.fid-5b41923a_19c3ec54e70_f80,3199,POINT (-38.46925 -3.827225),5562,"AVENIDA JOSÉ ARTHUR DE CARVALHO, SN",-3.827225,-38.46925,ETUFOR,2022,EPSG: 31984 (SIRGAS 2000 - UTM 24S); Codificação: UTF-8
vw_PontosdeOnibus.fid-5b41923a_19c3ec54e70_f81,3200,POINT (-38.449732 -3.813812),5563,"AVENIDA RECREIO, 940",-3.813812,-38.449732,ETUFOR,2022,EPSG: 31984 (SIRGAS 2000 - UTM 24S); Codificação: UTF-8
vw_PontosdeOnibus.fid-5b41923a_19c3ec54e70_f82,3201,POINT (-38.489339 -3.807821),5565,"RUA PEDRO LAZAR, SN",-3.807821,-38.489339,ETUFOR,2022,EPSG: 31984 (SIRGAS 2000 - UTM 24S); Codificação: UTF-8
vw_PontosdeOnibus.fid-5b41923a_19c3ec54e70_f83,3202,POINT (-38.489191 -3.807343),5566,"RUA PEDRO LAZAR, SN",-3.807343,-38.489191,ETUFOR,2022,EPSG: 31984 (SIRGAS 2000 - UTM 24S); Codificação: UTF-8
vw_PontosdeOnibus.fid-5b41923a_19c3ec54e70_f84,3203,POINT (-38.52512 -3.738401),5567,"AVENIDA DOMINGOS OLIMPIO, 137",-3.738401,-38.52512,ETUFOR,2022,EPSG: 31984 (SIRGAS 2000 - UTM 24S); Codificação: UTF-8
vw_PontosdeOnibus.fid-5b41923a_19c3ec54e70_f85,3204,POINT (-38.538509 -3.74152),5568,"AVENIDA 13 DE MAIO, SN",-3.74152,-38.538509,ETUFOR,2022,EPSG: 31984 (SIRGAS 2000 - UTM 24S); Codificação: UTF-8
vw_PontosdeOnibus.fid-5b41923a_19c3ec54e70_f86,3205,POINT (-38.592719 -3.805882),557,"RUA CON CASTRO, 4613",-3.805882,-38.592719,ETUFOR,2022,EPSG: 31984 (SIRGAS 2000 - UTM 24S); Codificação: UTF-8
vw_PontosdeOnibus.fid-5b41923a_19c3ec54e70_f87,3206,POINT (-38.572929 -3.760928),5573,"AVENIDA CARNEIRO DE MENDONCA, 1596",-3.760928,-38.572929,ETUFOR,2022,EPSG: 31984 (SIRGAS 2000 - UTM 24S); Codificação: UTF-8
vw_PontosdeOnibus.fid-5b41923a_19c3ec54e70_f88,3207,POINT (-38.496975 -3.748883),5574,"AVENIDA SENADOR VIRGILIO TAVORA, 2577",-3.748883,-38.496975,ETUFOR,2022,EPSG: 31984 (SIRGAS 2000 - UTM 24S); Codificação: UTF-8
vw_PontosdeOnibus.fid-5b41923a_19c3ec54e70_f89,3208,POINT (-38.570322 -3.781633),5575,"RUA CONEGO DE CASTRO, 880",-3.781633,-38.570322,ETUFOR,2022,EPSG: 31984 (SIRGAS 2000 - UTM 24S); Codificação: UTF-8
vw_PontosdeOnibus.fid-5b41923a_19c3ec54e70_f8a,3209,POINT (-38.567891 -3.804608),5576,"AVENIDA BENJAMIM BRASIL, 554",-3.804608,-38.567891,ETUFOR,2022,EPSG: 31984 (SIRGAS 2000 - UTM 24S); Codificação: UTF-8
vw_PontosdeOnibus.fid-5b41923a_19c3ec54e70_f8b,3210,POINT (-38.566178 -3.806613),5577,"RUA CEL JAIME ROLEMBERG, 1054",-3.806613,-38.566178,ETUFOR,2022,EPSG: 31984 (SIRGAS 2000 - UTM 24S); Codificação: UTF-8
vw_PontosdeOnibus.fid-5b41923a_19c3ec54e70_f8c,3211,POINT (-38.566963 -3.807436),5578,"RUA CEL MANUEL ALBANO, 68",-3.807436,-38.566963,ETUFOR,2022,EPSG: 31984 (SIRGAS 2000 - UTM 24S); Codificação: UTF-8
vw_PontosdeOnibus.fid-5b41923a_19c3ec54e70_f8d,3212,POINT (-38.565434 -3.791768),5579,"RUA NORUEGA, 971",-3.791768,-38.565434,ETUFOR,2022,EPSG: 31984 (SIRGAS 2000 - UTM 24S); Codificação: UTF-8
vw_PontosdeOnibus.fid-5b41923a_19c3ec54e70_f8e,3213,POINT (-38.592656 -3.805815),558,"RUA CON CASTRO, 4613",-3.805815,-38.592656,ETUFOR,2022,EPSG: 31984 (SIRGAS 2000 - UTM 24S); Codificação: UTF-8
vw_PontosdeOnibus.fid-5b41923a_19c3ec54e70_f8f,3214,POINT (-38.532047 -3.724533),5580,"RUA SAO PAULO, 687",-3.724533,-38.532047,ETUFOR,2022,EPSG: 31984 (SIRGAS 2000 - UTM 24S); Codificação: UTF-8
vw_PontosdeOnibus.fid-5b41923a_19c3ec54e70_f90,3215,POINT (-38.577238 -3.84091),5581,"AVENIDA JOAO RAMOS, 2331",-3.84091,-38.577238,ETUFOR,2022,EPSG: 31984 (SIRGAS 2000 - UTM 24S); Codificação: UTF-8
vw_PontosdeOnibus.fid-5b41923a_19c3ec54e70_f91,3216,POINT (-38.579785 -3.8403),5583,"AVENIDA JOAO RAMOS, 2624",-3.8403,-38.579785,ETUFOR,2022,EPSG: 31984 (SIRGAS 2000 - UTM 24S); Codificação: UTF-8
vw_PontosdeOnibus.fid-5b41923a_19c3ec54e70_f92,3217,POINT (-38.580443 -3.838703),5584,"RUA SANTA TEREZA, 401",-3.838703,-38.580443,ETUFOR,2022,EPSG: 31984 (SIRGAS 2000 - UTM 24S); Codificação: UTF-8
vw_PontosdeOnibus.fid-5b41923a_19c3ec54e70_f93,3218,POINT (-38.572309 -3.842237),5585,"AVENIDA JOAO RAMOS, SN",-3.842237,-38.572309,ETUFOR,2022,EPSG: 31984 (SIRGAS 2000 - UTM 24S); Codificação: UTF-8
vw_PontosdeOnibus.fid-5b41923a_19c3ec54e70_f94,3219,POINT (-38.56938 -3.842915),5586,"AVENIDA JOAO RAMOS, SN",-3.842915,-38.56938,ETUFOR,2022,EPSG: 31984 (SIRGAS 2000 - UTM 24S); Codificação: UTF-8
vw_PontosdeOnibus.fid-5b41923a_19c3ec54e70_f95,3220,POINT (-38.518883 -3.849476),5587,"AVENIDA AV. B CJ SÍTIO SÃO JOÃO, 425",-3.849476,-38.518883,ETUFOR,2022,EPSG: 31984 (SIRGAS 2000 - UTM 24S); Codificação: UTF-8
vw_PontosdeOnibus.fid-5b41923a_19c3ec54e70_f96,3221,POINT (-38.517701 -3.847211),5589,"RUA 35 CJ HAB SÍTIO SÃO JOÃO, 1240",-3.847211,-38.517701,ETUFOR,2022,EPSG: 31984 (SIRGAS 2000 - UTM 24S); Codificação: UTF-8
vw_PontosdeOnibus.fid-5b41923a_19c3ec54e70_f97,3222,POINT (-38.591684 -3.804763),559,"RUA CON CASTRO, 4537",-3.804763,-38.591684,ETUFOR,2022,EPSG: 31984 (SIRGAS 2000 - UTM 24S); Codificação: UTF-8
vw_PontosdeOnibus.fid-5b41923a_19c3ec54e70_f98,3223,POINT (-38.517152 -3.848259),5590,"RUA 5 CJ SÍTIO SÃO JOÃO, 190",-3.848259,-38.517152,ETUFOR,2022,EPSG: 31984 (SIRGAS 2000 - UTM 24S); Codificação: UTF-8
vw_PontosdeOnibus.fid-5b41923a_19c3ec54e70_f99,3224,POINT (-38.489337 -3.757442),5598,"AVENIDA WASHINGTON SOARES, 250",-3.757442,-38.489337,ETUFOR,2022,EPSG: 31984 (SIRGAS 2000 - UTM 24S); Codificação: UTF-8
vw_PontosdeOnibus.fid-5b41923a_19c3ec54e70_f9a,3225,POINT (-38.54685 -3.752394),5599,"RUA ALEXANDRE BARAUNA, 267",-3.752394,-38.54685,ETUFOR,2022,EPSG: 31984 (SIRGAS 2000 - UTM 24S); Codificação: UTF-8
vw_PontosdeOnibus.fid-5b41923a_19c3ec54e70_f9b,3226,POINT (-38.548582 -3.750804),5600,"RUA ALEXANDRE BARAUNA, 548",-3.750804,-38.548582,ETUFOR,2022,EPSG: 31984 (SIRGAS 2000 - UTM 24S); Codificação: UTF-8
vw_PontosdeOnibus.fid-5b41923a_19c3ec54e70_f9c,3227,POINT (-38.543265 -3.73132),5610,"AVENIDA BEZERRA DE MENEZES, 384",-3.73132,-38.543265,ETUFOR,2022,EPSG: 31984 (SIRGAS 2000 - UTM 24S); Codificação: UTF-8
vw_PontosdeOnibus.fid-5b41923a_19c3ec54e70_f9d,3228,POINT (-38.569086 -3.702297),5614,"AVENIDA COSTA OESTE, 487",-3.702297,-38.569086,ETUFOR,2022,EPSG: 31984 (SIRGAS 2000 - UTM 24S); Codificação: UTF-8
vw_PontosdeOnibus.fid-5b41923a_19c3ec54e70_f9e,3229,POINT (-38.569044 -3.702322),5615,"AVENIDA COSTA OESTE, 507",-3.702322,-38.569044,ETUFOR,2022,EPSG: 31984 (SIRGAS 2000 - UTM 24S); Codificação: UTF-8
vw_PontosdeOnibus.fid-5b41923a_19c3ec54e70_f9f,3230,POINT (-38.588777 -3.801471),562,"RUA CON CASTRO, 4004",-3.801471,-38.588777,ETUFOR,2022,EPSG: 31984 (SIRGAS 2000 - UTM 24S); Codificação: UTF-8
vw_PontosdeOnibus.fid-5b41923a_19c3ec54e70_fa0,3231,POINT (-38.572825 -3.700598),5621,"AVENIDA COSTA OESTE, 507",-3.700598,-38.572825,ETUFOR,2022,EPSG: 31984 (SIRGAS 2000 - UTM 24S); Codificação: UTF-8
vw_PontosdeOnibus.fid-5b41923a_19c3ec54e70_fa1,3232,POINT (-38.573075 -3.700478),5622,"AVENIDA COSTA OESTE, 665",-3.700478,-38.573075,ETUFOR,2022,EPSG: 31984 (SIRGAS 2000 - UTM 24S); Codificação: UTF-8
vw_PontosdeOnibus.fid-5b41923a_19c3ec54e70_fa2,3233,POINT (-38.575852 -3.698686),5623,"AVENIDA COSTA OESTE, S/N",-3.698686,-38.575852,ETUFOR,2022,EPSG: 31984 (SIRGAS 2000 - UTM 24S); Codificação: UTF-8
vw_PontosdeOnibus.fid-5b41923a_19c3ec54e70_fa3,3234,POINT (-38.575772 -3.698744),5624,"AVENIDA COSTA OESTE, 89",-3.698744,-38.575772,ETUFOR,2022,EPSG: 31984 (SIRGAS 2000 - UTM 24S); Codificação: UTF-8
vw_PontosdeOnibus.fid-5b41923a_19c3ec54e70_fa4,3235,POINT (-38.57662 -3.698155),5625,"AVENIDA COSTA OESTE, SN",-3.698155,-38.57662,ETUFOR,2022,EPSG: 31984 (SIRGAS 2000 - UTM 24S); Codificação: UTF-8
vw_PontosdeOnibus.fid-5b41923a_19c3ec54e70_fa5,3236,POINT (-38.576557 -3.698196),5626,"AVENIDA COSTA OESTE, 89",-3.698196,-38.576557,ETUFOR,2022,EPSG: 31984 (SIRGAS 2000 - UTM 24S); Codificação: UTF-8
vw_PontosdeOnibus.fid-5b41923a_19c3ec54e70_fa6,3237,POINT (-38.57851 -3.696743),5627,"AVENIDA COSTA OESTE, 327",-3.696743,-38.57851,ETUFOR,2022,EPSG: 31984 (SIRGAS 2000 - UTM 24S); Codificação: UTF-8
vw_PontosdeOnibus.fid-5b41923a_19c3ec54e70_fa7,3238,POINT (-38.578615 -3.696702),5628,"AVENIDA COSTA OESTE, 337",-3.696702,-38.578615,ETUFOR,2022,EPSG: 31984 (SIRGAS 2000 - UTM 24S); Codificação: UTF-8
vw_PontosdeOnibus.fid-5b41923a_19c3ec54e70_fa8,3239,POINT (-38.580511 -3.695418),5629,"AVENIDA COSTA OESTE, 987",-3.695418,-38.580511,ETUFOR,2022,EPSG: 31984 (SIRGAS 2000 - UTM 24S); Codificação: UTF-8
vw_PontosdeOnibus.fid-5b41923a_19c3ec54e70_fa9,3240,POINT (-38.586689 -3.803511),563,"RUA WALDIR DIOGO, 941",-3.803511,-38.586689,ETUFOR,2022,EPSG: 31984 (SIRGAS 2000 - UTM 24S); Codificação: UTF-8
vw_PontosdeOnibus.fid-5b41923a_19c3ec54e70_faa,3241,POINT (-38.580455 -3.695458),5630,"AVENIDA COSTA OESTE, 987",-3.695458,-38.580455,ETUFOR,2022,EPSG: 31984 (SIRGAS 2000 - UTM 24S); Codificação: UTF-8
vw_PontosdeOnibus.fid-5b41923a_19c3ec54e70_fab,3242,POINT (-38.583233 -3.694365),5631,"AVENIDA COSTA OESTE, 644",-3.694365,-38.583233,ETUFOR,2022,EPSG: 31984 (SIRGAS 2000 - UTM 24S); Codificação: UTF-8
vw_PontosdeOnibus.fid-5b41923a_19c3ec54e70_fac,3243,POINT (-38.583359 -3.694365),5632,"AVENIDA COSTA OESTE, 644",-3.694365,-38.583359,ETUFOR,2022,EPSG: 31984 (SIRGAS 2000 - UTM 24S); Codificação: UTF-8
vw_PontosdeOnibus.fid-5b41923a_19c3ec54e70_fad,3244,POINT (-38.58627 -3.694499),5633,"AVENIDA COSTA OESTE, 420",-3.694499,-38.58627,ETUFOR,2022,EPSG: 31984 (SIRGAS 2000 - UTM 24S); Codificação: UTF-8
vw_PontosdeOnibus.fid-5b41923a_19c3ec54e70_fae,3245,POINT (-38.585978 -3.694483),5634,"AVENIDA COSTA OESTE, 420",-3.694483,-38.585978,ETUFOR,2022,EPSG: 31984 (SIRGAS 2000 - UTM 24S); Codificação: UTF-8
vw_PontosdeOnibus.fid-5b41923a_19c3ec54e70_faf,3246,POINT (-38.586412 -3.695174),5635,"AVENIDA JOSE LIMA VERDE, 498",-3.695174,-38.586412,ETUFOR,2022,EPSG: 31984 (SIRGAS 2000 - UTM 24S); Codificação: UTF-8
vw_PontosdeOnibus.fid-5b41923a_19c3ec54e70_fb0,3247,POINT (-38.574731 -3.761904),5636,"AVENIDA LINEU MACHADO, 162",-3.761904,-38.574731,ETUFOR,2022,EPSG: 31984 (SIRGAS 2000 - UTM 24S); Codificação: UTF-8
vw_PontosdeOnibus.fid-5b41923a_19c3ec54e70_fb1,3248,POINT (-38.503154 -3.733103),5638,"RUA COSTA BARROS, 2231",-3.733103,-38.503154,ETUFOR,2022,EPSG: 31984 (SIRGAS 2000 - UTM 24S); Codificação: UTF-8
vw_PontosdeOnibus.fid-5b41923a_19c3ec54e70_fb2,3249,POINT (-38.530016 -3.753397),5639,"RUA GENERAL SILVA JUNIOR, 160",-3.753397,-38.530016,ETUFOR,2022,EPSG: 31984 (SIRGAS 2000 - UTM 24S); Codificação: UTF-8
vw_PontosdeOnibus.fid-5b41923a_19c3ec54e70_fb3,3250,POINT (-38.585171 -3.800126),564,"RUA STA LIDUINA, 263",-3.800126,-38.585171,ETUFOR,2022,EPSG: 31984 (SIRGAS 2000 - UTM 24S); Codificação: UTF-8
vw_PontosdeOnibus.fid-5b41923a_19c3ec54e70_fb4,3251,POINT (-38.530442 -3.754655),5640,"AVENIDA EDUARDO GIRAO, SN",-3.754655,-38.530442,ETUFOR,2022,EPSG: 31984 (SIRGAS 2000 - UTM 24S); Codificação: UTF-8
vw_PontosdeOnibus.fid-5b41923a_19c3ec54e70_fb5,3252,POINT (-38.528072 -3.753591),5641,"RUA DEP OSWALDO STUDART, 213",-3.753591,-38.528072,ETUFOR,2022,EPSG: 31984 (SIRGAS 2000 - UTM 24S); Codificação: UTF-8
vw_PontosdeOnibus.fid-5b41923a_19c3ec54e70_fb6,3253,POINT (-38.619106 -3.779674),5647,"RUA CORONEL FABRIANO, 3772",-3.779674,-38.619106,ETUFOR,2022,EPSG: 31984 (SIRGAS 2000 - UTM 24S); Codificação: UTF-8
vw_PontosdeOnibus.fid-5b41923a_19c3ec54e70_fb7,3254,POINT (-38.619191 -3.779652),5648,"RUA CORONEL FABRIANO, 3224",-3.779652,-38.619191,ETUFOR,2022,EPSG: 31984 (SIRGAS 2000 - UTM 24S); Codificação: UTF-8
vw_PontosdeOnibus.fid-5b41923a_19c3ec54e70_fb8,3255,POINT (-38.615211 -3.780734),5649,"RUA CORONEL FABRIANO, 3149",-3.780734,-38.615211,ETUFOR,2022,EPSG: 31984 (SIRGAS 2000 - UTM 24S); Codificação: UTF-8
vw_PontosdeOnibus.fid-5b41923a_19c3ec54e70_fb9,3256,POINT (-38.615323 -3.780703),5650,"RUA CORONEL FABRIANO, 3149",-3.780703,-38.615323,ETUFOR,2022,EPSG: 31984 (SIRGAS 2000 - UTM 24S); Codificação: UTF-8
vw_PontosdeOnibus.fid-5b41923a_19c3ec54e70_fba,3257,POINT (-38.613663 -3.78116),5651,"RUA CORONEL FABRIANO, 2525",-3.78116,-38.613663,ETUFOR,2022,EPSG: 31984 (SIRGAS 2000 - UTM 24S); Codificação: UTF-8
vw_PontosdeOnibus.fid-5b41923a_19c3ec54e70_fbb,3258,POINT (-38.613752 -3.781135),5652,"RUA CORONEL FABRIANO, 2538",-3.781135,-38.613752,ETUFOR,2022,EPSG: 31984 (SIRGAS 2000 - UTM 24S); Codificação: UTF-8
vw_PontosdeOnibus.fid-5b41923a_19c3ec54e70_fbc,3259,POINT (-38.591098 -3.763774),5653,"RUA PORTO VELHO, 1380",-3.763774,-38.591098,ETUFOR,2022,EPSG: 31984 (SIRGAS 2000 - UTM 24S); Codificação: UTF-8
vw_PontosdeOnibus.fid-5b41923a_19c3ec54e70_fbd,3260,POINT (-38.531709 -3.756241),5657,"RUA ALFREDO WEYNE, 130",-3.756241,-38.531709,ETUFOR,2022,EPSG: 31984 (SIRGAS 2000 - UTM 24S); Codificação: UTF-8
vw_PontosdeOnibus.fid-5b41923a_19c3ec54e70_fbe,3261,POINT (-38.482589 -3.841957),5658,"RUA DONA JULIETA GURGEL, 1501",-3.841957,-38.482589,ETUFOR,2022,EPSG: 31984 (SIRGAS 2000 - UTM 24S); Codificação: UTF-8
vw_PontosdeOnibus.fid-5b41923a_19c3ec54e70_fbf,3262,POINT (-38.56931 -3.824103),5659,"RUA 16 LOT ARVOREDO, 130",-3.824103,-38.56931,ETUFOR,2022,EPSG: 31984 (SIRGAS 2000 - UTM 24S); Codificação: UTF-8
vw_PontosdeOnibus.fid-5b41923a_19c3ec54e70_fc0,3263,POINT (-38.587619 -3.807224),566,"AVENIDA CONTORNO OESTE, S/R",-3.807224,-38.587619,ETUFOR,2022,EPSG: 31984 (SIRGAS 2000 - UTM 24S); Codificação: UTF-8
vw_PontosdeOnibus.fid-5b41923a_19c3ec54e70_fc1,3264,POINT (-38.569243 -3.82417),5660,"RUA 16 LOT ARVOREDO, 99",-3.82417,-38.569243,ETUFOR,2022,EPSG: 31984 (SIRGAS 2000 - UTM 24S); Codificação: UTF-8
vw_PontosdeOnibus.fid-5b41923a_19c3ec54e70_fc2,3265,POINT (-38.570126 -3.823743),5661,"RUA 3 LOT ARVOREDO, 95",-3.823743,-38.570126,ETUFOR,2022,EPSG: 31984 (SIRGAS 2000 - UTM 24S); Codificação: UTF-8
vw_PontosdeOnibus.fid-5b41923a_19c3ec54e70_fc3,3266,POINT (-38.570021 -3.823643),5662,"RUA 3 LOT ARVOREDO, 45 A",-3.823643,-38.570021,ETUFOR,2022,EPSG: 31984 (SIRGAS 2000 - UTM 24S); Codificação: UTF-8
vw_PontosdeOnibus.fid-5b41923a_19c3ec54e70_fc4,3267,POINT (-38.570441 -3.824953),5663,"AVENIDA 2 LOT ARVOREDO, 121",-3.824953,-38.570441,ETUFOR,2022,EPSG: 31984 (SIRGAS 2000 - UTM 24S); Codificação: UTF-8
vw_PontosdeOnibus.fid-5b41923a_19c3ec54e70_fc5,3268,POINT (-38.570552 -3.824844),5664,"AVENIDA 2 LOT ARVOREDO, 117",-3.824844,-38.570552,ETUFOR,2022,EPSG: 31984 (SIRGAS 2000 - UTM 24S); Codificação: UTF-8
vw_PontosdeOnibus.fid-5b41923a_19c3ec54e70_fc6,3269,POINT (-38.511329 -3.82058),5665,"RUA CAPITAO HUGO BEZERRA, 900",-3.82058,-38.511329,ETUFOR,2022,EPSG: 31984 (SIRGAS 2000 - UTM 24S); Codificação: UTF-8
vw_PontosdeOnibus.fid-5b41923a_19c3ec54e70_fc7,3270,POINT (-38.511236 -3.820589),5666,"RUA CAPITAO HUGO BEZERRA, SN",-3.820589,-38.511236,ETUFOR,2022,EPSG: 31984 (SIRGAS 2000 - UTM 24S); Codificação: UTF-8
vw_PontosdeOnibus.fid-5b41923a_19c3ec54e70_fc8,3271,POINT (-38.512124 -3.820512),5667,"RUA CAPITAO HUGO BEZERRA, 971",-3.820512,-38.512124,ETUFOR,2022,EPSG: 31984 (SIRGAS 2000 - UTM 24S); Codificação: UTF-8
vw_PontosdeOnibus.fid-5b41923a_19c3ec54e70_fc9,3272,POINT (-38.530826 -3.81683),5668,"RUA ELDORADO, 320",-3.81683,-38.530826,ETUFOR,2022,EPSG: 31984 (SIRGAS 2000 - UTM 24S); Codificação: UTF-8
vw_PontosdeOnibus.fid-5b41923a_19c3ec54e70_fca,3273,POINT (-38.532432 -3.815763),5669,"RUA PAROARAS, 1122",-3.815763,-38.532432,ETUFOR,2022,EPSG: 31984 (SIRGAS 2000 - UTM 24S); Codificação: UTF-8
vw_PontosdeOnibus.fid-5b41923a_19c3ec54e70_fcb,3274,POINT (-38.587666 -3.807295),567,"AVENIDA CONTORNO OESTE, S/N",-3.807295,-38.587666,ETUFOR,2022,EPSG: 31984 (SIRGAS 2000 - UTM 24S); Codificação: UTF-8
vw_PontosdeOnibus.fid-5b41923a_19c3ec54e70_fcc,3275,POINT (-38.507003 -3.833337),5670,"RUA ANTONIO ALVES RIBEIRO, 1097",-3.833337,-38.507003,ETUFOR,2022,EPSG: 31984 (SIRGAS 2000 - UTM 24S); Codificação: UTF-8
vw_PontosdeOnibus.fid-5b41923a_19c3ec54e70_fcd,3276,POINT (-38.564708 -3.828351),5672,"RUA MONTE LIBANO, 999",-3.828351,-38.564708,ETUFOR,2022,EPSG: 31984 (SIRGAS 2000 - UTM 24S); Codificação: UTF-8
vw_PontosdeOnibus.fid-5b41923a_19c3ec54e70_fce,3277,POINT (-38.564855 -3.829026),5673,"RUA LEITAO CERQUEIRA, 500",-3.829026,-38.564855,ETUFOR,2022,EPSG: 31984 (SIRGAS 2000 - UTM 24S); Codificação: UTF-8
vw_PontosdeOnibus.fid-5b41923a_19c3ec54e70_fcf,3278,POINT (-38.564227 -3.830008),5674,"RUA ANTONIO BARBOSA, 1060",-3.830008,-38.564227,ETUFOR,2022,EPSG: 31984 (SIRGAS 2000 - UTM 24S); Codificação: UTF-8
vw_PontosdeOnibus.fid-5b41923a_19c3ec54e70_fd0,3279,POINT (-38.595408 -3.739784),5675,"RUA SALGADO FILHO, 71",-3.739784,-38.595408,ETUFOR,2022,EPSG: 31984 (SIRGAS 2000 - UTM 24S); Codificação: UTF-8
vw_PontosdeOnibus.fid-5b41923a_19c3ec54e70_fd1,3280,POINT (-38.588458 -3.808465),568,"AVENIDA CONTORNO OESTE (D71), 1033",-3.808465,-38.588458,ETUFOR,2022,EPSG: 31984 (SIRGAS 2000 - UTM 24S); Codificação: UTF-8
vw_PontosdeOnibus.fid-5b41923a_19c3ec54e70_fd2,3281,POINT (-38.511036 -3.834879),5681,"RUA FRANCISCO ALVES RIBEIRO, 60",-3.834879,-38.511036,ETUFOR,2022,EPSG: 31984 (SIRGAS 2000 - UTM 24S); Codificação: UTF-8
vw_PontosdeOnibus.fid-5b41923a_19c3ec54e70_fd3,3282,POINT (-38.6187 -3.801382),5682,"RUA SUBLIME/CJ HAB MIGUEL ARRAES, SN",-3.801382,-38.6187,ETUFOR,2022,EPSG: 31984 (SIRGAS 2000 - UTM 24S); Codificação: UTF-8
vw_PontosdeOnibus.fid-5b41923a_19c3ec54e70_fd4,3283,POINT (-38.620187 -3.801681),5683,"RUA DA FORÇA, S/N",-3.801681,-38.620187,ETUFOR,2022,EPSG: 31984 (SIRGAS 2000 - UTM 24S); Codificação: UTF-8
vw_PontosdeOnibus.fid-5b41923a_19c3ec54e70_fd5,3284,POINT (-38.619944 -3.802519),5684,"RUA DO SOSSEGO, SN",-3.802519,-38.619944,ETUFOR,2022,EPSG: 31984 (SIRGAS 2000 - UTM 24S); Codificação: UTF-8
vw_PontosdeOnibus.fid-5b41923a_19c3ec54e70_fd6,3285,POINT (-38.618792 -3.802464),5685,"RUA DA TRANQUILIDADE, S/N",-3.802464,-38.618792,ETUFOR,2022,EPSG: 31984 (SIRGAS 2000 - UTM 24S); Codificação: UTF-8
vw_PontosdeOnibus.fid-5b41923a_19c3ec54e70_fd7,3286,POINT (-38.571321 -3.721898),5687,"RUA LUIS GUIMARAES, 410",-3.721898,-38.571321,ETUFOR,2022,EPSG: 31984 (SIRGAS 2000 - UTM 24S); Codificação: UTF-8
vw_PontosdeOnibus.fid-5b41923a_19c3ec54e70_fd8,3287,POINT (-38.571808 -3.72139),5688,"RUA SILVIO ROMERO, 395",-3.72139,-38.571808,ETUFOR,2022,EPSG: 31984 (SIRGAS 2000 - UTM 24S); Codificação: UTF-8
vw_PontosdeOnibus.fid-5b41923a_19c3ec54e70_fd9,3288,POINT (-38.571867 -3.723515),5689,"RUA FREI ODILON, 443",-3.723515,-38.571867,ETUFOR,2022,EPSG: 31984 (SIRGAS 2000 - UTM 24S); Codificação: UTF-8
vw_PontosdeOnibus.fid-5b41923a_19c3ec54e70_fda,3289,POINT (-38.58847 -3.808482),569,"AVENIDA CONTORNO OESTE (D71), 1023",-3.808482,-38.58847,ETUFOR,2022,EPSG: 31984 (SIRGAS 2000 - UTM 24S); Codificação: UTF-8
vw_PontosdeOnibus.fid-5b41923a_19c3ec54e70_fdb,3290,POINT (-38.571994 -3.723724),5690,"RUA FREI ODILON, 443",-3.723724,-38.571994,ETUFOR,2022,EPSG: 31984 (SIRGAS 2000 - UTM 24S); Codificação: UTF-8
vw_PontosdeOnibus.fid-5b41923a_19c3ec54e70_fdc,3291,POINT (-38.570869 -3.71968),5691,"RUA SILVIO ROMERO, 226",-3.71968,-38.570869,ETUFOR,2022,EPSG: 31984 (SIRGAS 2000 - UTM 24S); Codificação: UTF-8
vw_PontosdeOnibus.fid-5b41923a_19c3ec54e70_fdd,3292,POINT (-38.572804 -3.724979),5693,"RUA FREI ODILON, 631",-3.724979,-38.572804,ETUFOR,2022,EPSG: 31984 (SIRGAS 2000 - UTM 24S); Codificação: UTF-8
vw_PontosdeOnibus.fid-5b41923a_19c3ec54e70_fde,3293,POINT (-38.574895 -3.72482),5695,"RUA FREI ODILON, SN",-3.72482,-38.574895,ETUFOR,2022,EPSG: 31984 (SIRGAS 2000 - UTM 24S); Codificação: UTF-8
vw_PontosdeOnibus.fid-5b41923a_19c3ec54e70_fdf,3294,POINT (-38.465404 -3.831905),5696,"RUA ILZA PONTES, 1996",-3.831905,-38.465404,ETUFOR,2022,EPSG: 31984 (SIRGAS 2000 - UTM 24S); Codificação: UTF-8
vw_PontosdeOnibus.fid-5b41923a_19c3ec54e70_fe0,3295,POINT (-38.4619 -3.73112),5697,"RUA OLIVEIRA FILHO, SN",-3.73112,-38.4619,ETUFOR,2022,EPSG: 31984 (SIRGAS 2000 - UTM 24S); Codificação: UTF-8
vw_PontosdeOnibus.fid-5b41923a_19c3ec54e70_fe1,3296,POINT (-38.480259 -3.747721),5699,"AVENIDA SEBASTIAO DE ABREU, SN",-3.747721,-38.480259,ETUFOR,2022,EPSG: 31984 (SIRGAS 2000 - UTM 24S); Codificação: UTF-8
vw_PontosdeOnibus.fid-5b41923a_19c3ec54e70_fe2,3297,POINT (-38.483108 -3.758068),5700,"AVENIDA WASHINGTON SOARES, SN",-3.758068,-38.483108,ETUFOR,2022,EPSG: 31984 (SIRGAS 2000 - UTM 24S); Codificação: UTF-8
vw_PontosdeOnibus.fid-5b41923a_19c3ec54e70_fe3,3298,POINT (-38.483275 -3.757812),5701,"AVENIDA WASHINGTON SOARES, S/N",-3.757812,-38.483275,ETUFOR,2022,EPSG: 31984 (SIRGAS 2000 - UTM 24S); Codificação: UTF-8
vw_PontosdeOnibus.fid-5b41923a_19c3ec54e70_fe4,3299,POINT (-38.524934 -3.810894),5702,"RUA REGINA DE FATIMA, 2770",-3.810894,-38.524934,ETUFOR,2022,EPSG: 31984 (SIRGAS 2000 - UTM 24S); Codificação: UTF-8
vw_PontosdeOnibus.fid-5b41923a_19c3ec54e70_fe5,3300,POINT (-38.566497 -3.797713),5705,"RUA LEON GRADVOHL, 338",-3.797713,-38.566497,ETUFOR,2022,EPSG: 31984 (SIRGAS 2000 - UTM 24S); Codificação: UTF-8
vw_PontosdeOnibus.fid-5b41923a_19c3ec54e70_fe6,3301,POINT (-38.592806 -3.766211),5707,"AVENIDA AUDIZIO PINHEIRO, 1780",-3.766211,-38.592806,ETUFOR,2022,EPSG: 31984 (SIRGAS 2000 - UTM 24S); Codificação: UTF-8
vw_PontosdeOnibus.fid-5b41923a_19c3ec54e70_fe7,3302,POINT (-38.571509 -3.818222),5708,"RUA SERGIO PORTO, 401",-3.818222,-38.571509,ETUFOR,2022,EPSG: 31984 (SIRGAS 2000 - UTM 24S); Codificação: UTF-8
vw_PontosdeOnibus.fid-5b41923a_19c3ec54e70_fe8,3303,POINT (-38.564676 -3.831272),5709,"RUA ANTONIO BARBOSA, 1390",-3.831272,-38.564676,ETUFOR,2022,EPSG: 31984 (SIRGAS 2000 - UTM 24S); Codificação: UTF-8
vw_PontosdeOnibus.fid-5b41923a_19c3ec54e70_fe9,3304,POINT (-38.584215 -3.805104),571,"RUA WALDIR DIOGO, 695",-3.805104,-38.584215,ETUFOR,2022,EPSG: 31984 (SIRGAS 2000 - UTM 24S); Codificação: UTF-8
vw_PontosdeOnibus.fid-5b41923a_19c3ec54e70_fea,3305,POINT (-38.561791 -3.791309),5712,"RUA CARLOS JUACABA, 64",-3.791309,-38.561791,ETUFOR,2022,EPSG: 31984 (SIRGAS 2000 - UTM 24S); Codificação: UTF-8
vw_PontosdeOnibus.fid-5b41923a_19c3ec54e70_feb,3306,POINT (-38.562563 -3.793055),5713,"RUA CARLOS JUACABA, 1064",-3.793055,-38.562563,ETUFOR,2022,EPSG: 31984 (SIRGAS 2000 - UTM 24S); Codificação: UTF-8
vw_PontosdeOnibus.fid-5b41923a_19c3ec54e70_fec,3307,POINT (-38.562385 -3.792819),5714,"RUA CARLOS JUACABA, 1064",-3.792819,-38.562385,ETUFOR,2022,EPSG: 31984 (SIRGAS 2000 - UTM 24S); Codificação: UTF-8
vw_PontosdeOnibus.fid-5b41923a_19c3ec54e70_fed,3308,POINT (-38.563062 -3.794507),5715,"RUA CARLOS JUACABA, 1522",-3.794507,-38.563062,ETUFOR,2022,EPSG: 31984 (SIRGAS 2000 - UTM 24S); Codificação: UTF-8
vw_PontosdeOnibus.fid-5b41923a_19c3ec54e70_fee,3309,POINT (-38.610502 -3.787598),5718,"RUA OSCAR ARARIPE, 2076",-3.787598,-38.610502,ETUFOR,2022,EPSG: 31984 (SIRGAS 2000 - UTM 24S); Codificação: UTF-8
vw_PontosdeOnibus.fid-5b41923a_19c3ec54e70_fef,3310,POINT (-38.58377 -3.806831),572,"TRAVESSA WALDIR DIOGO, 241",-3.806831,-38.58377,ETUFOR,2022,EPSG: 31984 (SIRGAS 2000 - UTM 24S); Codificação: UTF-8
vw_PontosdeOnibus.fid-5b41923a_19c3ec54e70_ff0,3311,POINT (-38.621366 -3.784317),5721,"RUA OSCAR ARARIPE, 3463",-3.784317,-38.621366,ETUFOR,2022,EPSG: 31984 (SIRGAS 2000 - UTM 24S); Codificação: UTF-8
vw_PontosdeOnibus.fid-5b41923a_19c3ec54e70_ff1,3312,POINT (-38.625448 -3.783205),5722,"RUA OSCAR ARARIPE, 3580",-3.783205,-38.625448,ETUFOR,2022,EPSG: 31984 (SIRGAS 2000 - UTM 24S); Codificação: UTF-8
vw_PontosdeOnibus.fid-5b41923a_19c3ec54e70_ff2,3313,POINT (-38.623548 -3.784472),5723,"RUA OSCAR FRANCA, 3699",-3.784472,-38.623548,ETUFOR,2022,EPSG: 31984 (SIRGAS 2000 - UTM 24S); Codificação: UTF-8
vw_PontosdeOnibus.fid-5b41923a_19c3ec54e70_ff3,3314,POINT (-38.620763 -3.785258),5724,"RUA OSCAR FRANCA, 3245",-3.785258,-38.620763,ETUFOR,2022,EPSG: 31984 (SIRGAS 2000 - UTM 24S); Codificação: UTF-8
vw_PontosdeOnibus.fid-5b41923a_19c3ec54e70_ff4,3315,POINT (-38.618009 -3.786032),5725,"RUA OSCAR FRANCA, 3087",-3.786032,-38.618009,ETUFOR,2022,EPSG: 31984 (SIRGAS 2000 - UTM 24S); Codificação: UTF-8
vw_PontosdeOnibus.fid-5b41923a_19c3ec54e70_ff5,3316,POINT (-38.615686 -3.786672),5726,"RUA OSCAR FRANCA, 2773",-3.786672,-38.615686,ETUFOR,2022,EPSG: 31984 (SIRGAS 2000 - UTM 24S); Codificação: UTF-8
vw_PontosdeOnibus.fid-5b41923a_19c3ec54e70_ff6,3317,POINT (-38.612861 -3.787583),5727,"RUA OSCAR FRANCA, 2535 B",-3.787583,-38.612861,ETUFOR,2022,EPSG: 31984 (SIRGAS 2000 - UTM 24S); Codificação: UTF-8
vw_PontosdeOnibus.fid-5b41923a_19c3ec54e70_ff7,3318,POINT (-38.611446 -3.788053),5728,"RUA OSCAR FRANCA, 2251",-3.788053,-38.611446,ETUFOR,2022,EPSG: 31984 (SIRGAS 2000 - UTM 24S); Codificação: UTF-8
vw_PontosdeOnibus.fid-5b41923a_19c3ec54e70_ff8,3319,POINT (-38.608586 -3.789003),5729,"RUA OSCAR FRANCA, 1877",-3.789003,-38.608586,ETUFOR,2022,EPSG: 31984 (SIRGAS 2000 - UTM 24S); Codificação: UTF-8
vw_PontosdeOnibus.fid-5b41923a_19c3ec54e70_ff9,3320,POINT (-38.605903 -3.789859),5730,"RUA OSCAR FRANCA, 1644",-3.789859,-38.605903,ETUFOR,2022,EPSG: 31984 (SIRGAS 2000 - UTM 24S); Codificação: UTF-8
vw_PontosdeOnibus.fid-5b41923a_19c3ec54e70_ffa,3321,POINT (-38.603904 -3.790506),5731,"RUA OSCAR FRANCA, 1345",-3.790506,-38.603904,ETUFOR,2022,EPSG: 31984 (SIRGAS 2000 - UTM 24S); Codificação: UTF-8
vw_PontosdeOnibus.fid-5b41923a_19c3ec54e70_ffb,3322,POINT (-38.602255 -3.791047),5732,"RUA OSCAR FRANCA, 1121",-3.791047,-38.602255,ETUFOR,2022,EPSG: 31984 (SIRGAS 2000 - UTM 24S); Codificação: UTF-8
vw_PontosdeOnibus.fid-5b41923a_19c3ec54e70_ffc,3323,POINT (-38.59927 -3.792036),5733,"RUA OSCAR FRANCA, 776",-3.792036,-38.59927,ETUFOR,2022,EPSG: 31984 (SIRGAS 2000 - UTM 24S); Codificação: UTF-8
vw_PontosdeOnibus.fid-5b41923a_19c3ec54e70_ffd,3324,POINT (-38.595733 -3.793186),5734,"RUA OSCAR FRANCA, 422",-3.793186,-38.595733,ETUFOR,2022,EPSG: 31984 (SIRGAS 2000 - UTM 24S); Codificação: UTF-8
vw_PontosdeOnibus.fid-5b41923a_19c3ec54e70_ffe,3325,POINT (-38.593476 -3.793974),5735,"RUA OSCAR FRANCA, 271",-3.793974,-38.593476,ETUFOR,2022,EPSG: 31984 (SIRGAS 2000 - UTM 24S); Codificação: UTF-8
vw_PontosdeOnibus.fid-5b41923a_19c3ec54e70_fff,3326,POINT (-38.594814 -3.792632),5737,"RUA OSCAR ARARIPE, 368 A",-3.792632,-38.594814,ETUFOR,2022,EPSG: 31984 (SIRGAS 2000 - UTM 24S); Codificação: UTF-8
vw_PontosdeOnibus.fid-5b41923a_19c3ec54e70_1000,3327,POINT (-38.603789 -3.789772),5738,"RUA OSCAR ARARIPE, 1314",-3.789772,-38.603789,ETUFOR,2022,EPSG: 31984 (SIRGAS 2000 - UTM 24S); Codificação: UTF-8
vw_PontosdeOnibus.fid-5b41923a_19c3ec54e70_1001,3328,POINT (-38.612848 -3.786834),5739,"RUA OSCAR ARARIPE, 23",-3.786834,-38.612848,ETUFOR,2022,EPSG: 31984 (SIRGAS 2000 - UTM 24S); Codificação: UTF-8
vw_PontosdeOnibus.fid-5b41923a_19c3ec54e70_1002,3329,POINT (-38.5801 -3.806875),574,"RUA STA MARLUCIA, S/R",-3.806875,-38.5801,ETUFOR,2022,EPSG: 31984 (SIRGAS 2000 - UTM 24S); Codificação: UTF-8
vw_PontosdeOnibus.fid-5b41923a_19c3ec54e70_1003,3330,POINT (-38.622965 -3.784639),5740,"RUA OSCAR FRANCA, 3133",-3.784639,-38.622965,ETUFOR,2022,EPSG: 31984 (SIRGAS 2000 - UTM 24S); Codificação: UTF-8
vw_PontosdeOnibus.fid-5b41923a_19c3ec54e70_1004,3331,POINT (-38.598009 -3.792441),5741,"RUA OSCAR FRANCA, 685",-3.792441,-38.598009,ETUFOR,2022,EPSG: 31984 (SIRGAS 2000 - UTM 24S); Codificação: UTF-8
vw_PontosdeOnibus.fid-5b41923a_19c3ec54e70_1005,3332,POINT (-38.605121 -3.764984),5742,"AVENIDA ALANIS MARIA LAURINDO DE OLIVEIRA, 1429",-3.764984,-38.605121,ETUFOR,2022,EPSG: 31984 (SIRGAS 2000 - UTM 24S); Codificação: UTF-8
vw_PontosdeOnibus.fid-5b41923a_19c3ec54e70_1006,3333,POINT (-38.558871 -3.825207),5744,"AVENIDA JOAO DE ARAUJO LIMA, 48",-3.825207,-38.558871,ETUFOR,2022,EPSG: 31984 (SIRGAS 2000 - UTM 24S); Codificação: UTF-8
vw_PontosdeOnibus.fid-5b41923a_19c3ec54e70_1007,3334,POINT (-38.58885 -3.723612),5754,"AVENIDA MAJOR ASSIS, 1083",-3.723612,-38.58885,ETUFOR,2022,EPSG: 31984 (SIRGAS 2000 - UTM 24S); Codificação: UTF-8
vw_PontosdeOnibus.fid-5b41923a_19c3ec54e70_1008,3335,POINT (-38.592702 -3.722578),5755,"AVENIDA MAJOR ASSIS, 1476",-3.722578,-38.592702,ETUFOR,2022,EPSG: 31984 (SIRGAS 2000 - UTM 24S); Codificação: UTF-8
vw_PontosdeOnibus.fid-5b41923a_19c3ec54e70_1009,3336,POINT (-38.549288 -3.750553),5756,"RUA MACHADO DE ASSIS, 514",-3.750553,-38.549288,ETUFOR,2022,EPSG: 31984 (SIRGAS 2000 - UTM 24S); Codificação: UTF-8
vw_PontosdeOnibus.fid-5b41923a_19c3ec54e70_100a,3337,POINT (-38.521126 -3.819926),5757,"AVENIDA POMPILIO GOMES, 1012",-3.819926,-38.521126,ETUFOR,2022,EPSG: 31984 (SIRGAS 2000 - UTM 24S); Codificação: UTF-8
vw_PontosdeOnibus.fid-5b41923a_19c3ec54e70_100b,3338,POINT (-38.518583 -3.810275),5758,"AVENIDA PAULINO ROCHA, 2450",-3.810275,-38.518583,ETUFOR,2022,EPSG: 31984 (SIRGAS 2000 - UTM 24S); Codificação: UTF-8
vw_PontosdeOnibus.fid-5b41923a_19c3ec54e70_100c,3339,POINT (-38.582055 -3.806499),576,"RUA WALDIR DIOGO, 246",-3.806499,-38.582055,ETUFOR,2022,EPSG: 31984 (SIRGAS 2000 - UTM 24S); Codificação: UTF-8
vw_PontosdeOnibus.fid-5b41923a_19c3ec54e70_100d,3340,POINT (-38.524457 -3.885131),5760,"RUA JORGE FIGUEIREDO, 2727",-3.885131,-38.524457,ETUFOR,2022,EPSG: 31984 (SIRGAS 2000 - UTM 24S); Codificação: UTF-8
vw_PontosdeOnibus.fid-5b41923a_19c3ec54e70_100e,3341,POINT (-38.524377 -3.885402),5761,"RUA JORGE FIGUEIREDO, 2727",-3.885402,-38.524377,ETUFOR,2022,EPSG: 31984 (SIRGAS 2000 - UTM 24S); Codificação: UTF-8
vw_PontosdeOnibus.fid-5b41923a_19c3ec54e70_100f,3342,POINT (-38.590564 -3.775428),5763,"RUA ANDRE REBOUÇAS, 225",-3.775428,-38.590564,ETUFOR,2022,EPSG: 31984 (SIRGAS 2000 - UTM 24S); Codificação: UTF-8
vw_PontosdeOnibus.fid-5b41923a_19c3ec54e70_1010,3343,POINT (-38.590241 -3.775199),5764,"RUA ANDRE REBOUÇAS, 225",-3.775199,-38.590241,ETUFOR,2022,EPSG: 31984 (SIRGAS 2000 - UTM 24S); Codificação: UTF-8
vw_PontosdeOnibus.fid-5b41923a_19c3ec54e70_1011,3344,POINT (-38.581712 -3.805825),577,"RUA STA MARLUCIA, 267",-3.805825,-38.581712,ETUFOR,2022,EPSG: 31984 (SIRGAS 2000 - UTM 24S); Codificação: UTF-8
vw_PontosdeOnibus.fid-5b41923a_19c3ec54e70_1012,3345,POINT (-38.63218 -3.819072),5772,"RUA PAULO AFONSO, SN",-3.819072,-38.63218,ETUFOR,2022,EPSG: 31984 (SIRGAS 2000 - UTM 24S); Codificação: UTF-8
vw_PontosdeOnibus.fid-5b41923a_19c3ec54e70_1013,3346,POINT (-38.633337 -3.817554),5774,"RUA PAULO AFONSO, 1350",-3.817554,-38.633337,ETUFOR,2022,EPSG: 31984 (SIRGAS 2000 - UTM 24S); Codificação: UTF-8
vw_PontosdeOnibus.fid-5b41923a_19c3ec54e70_1014,3347,POINT (-38.634903 -3.81551),5776,"RUA PAULO AFONSO, 4910",-3.81551,-38.634903,ETUFOR,2022,EPSG: 31984 (SIRGAS 2000 - UTM 24S); Codificação: UTF-8
vw_PontosdeOnibus.fid-5b41923a_19c3ec54e70_1015,3348,POINT (-38.489344 -3.762513),5778,"RUA ATILANO MOURA, 420",-3.762513,-38.489344,ETUFOR,2022,EPSG: 31984 (SIRGAS 2000 - UTM 24S); Codificação: UTF-8
vw_PontosdeOnibus.fid-5b41923a_19c3ec54e70_1016,3349,POINT (-38.571762 -3.802249),578,"AVENIDA GODOFREDO MACIEL, S/R",-3.802249,-38.571762,ETUFOR,2022,EPSG: 31984 (SIRGAS 2000 - UTM 24S); Codificação: UTF-8
vw_PontosdeOnibus.fid-5b41923a_19c3ec54e70_1017,3350,POINT (-38.522479 -3.743846),5781,"AVENIDA VISCONDE DO RIO BRANCO, 2593",-3.743846,-38.522479,ETUFOR,2022,EPSG: 31984 (SIRGAS 2000 - UTM 24S); Codificação: UTF-8
vw_PontosdeOnibus.fid-5b41923a_19c3ec54e70_1018,3351,POINT (-38.557291 -3.756641),5782,"AVENIDA JOSE BASTOS, 4536A",-3.756641,-38.557291,ETUFOR,2022,EPSG: 31984 (SIRGAS 2000 - UTM 24S); Codificação: UTF-8
vw_PontosdeOnibus.fid-5b41923a_19c3ec54e70_1019,3352,POINT (-38.580106 -3.755021),5783,"RUA FRANCO ROCHA, SN",-3.755021,-38.580106,ETUFOR,2022,EPSG: 31984 (SIRGAS 2000 - UTM 24S); Codificação: UTF-8
vw_PontosdeOnibus.fid-5b41923a_19c3ec54e70_101a,3353,POINT (-38.571755 -3.80275),579,"AVENIDA GODOFREDO MACIEL, 2959",-3.80275,-38.571755,ETUFOR,2022,EPSG: 31984 (SIRGAS 2000 - UTM 24S); Codificação: UTF-8
vw_PontosdeOnibus.fid-5b41923a_19c3ec54e70_101b,3354,POINT (-38.534672 -3.82172),5792,"RUA MARINHO E SILVA, 40",-3.82172,-38.534672,ETUFOR,2022,EPSG: 31984 (SIRGAS 2000 - UTM 24S); Codificação: UTF-8
vw_PontosdeOnibus.fid-5b41923a_19c3ec54e70_101c,3355,POINT (-38.532699 -3.822028),5793,"RUA UM JARDIM CASTELÃO, 31",-3.822028,-38.532699,ETUFOR,2022,EPSG: 31984 (SIRGAS 2000 - UTM 24S); Codificação: UTF-8
vw_PontosdeOnibus.fid-5b41923a_19c3ec54e70_101d,3356,POINT (-38.531523 -3.82169),5794,"RUA DEZ CJ JARDIM CASTELÃO, 628",-3.82169,-38.531523,ETUFOR,2022,EPSG: 31984 (SIRGAS 2000 - UTM 24S); Codificação: UTF-8
vw_PontosdeOnibus.fid-5b41923a_19c3ec54e70_101e,3357,POINT (-38.472239 -3.738308),5796,"RUA JOSE RANGEL, 179",-3.738308,-38.472239,ETUFOR,2022,EPSG: 31984 (SIRGAS 2000 - UTM 24S); Codificação: UTF-8
vw_PontosdeOnibus.fid-5b41923a_19c3ec54e70_101f,3358,POINT (-38.468922 -3.742323),5798,"RUA PRISCO BEZERRA, SN",-3.742323,-38.468922,ETUFOR,2022,EPSG: 31984 (SIRGAS 2000 - UTM 24S); Codificação: UTF-8
vw_PontosdeOnibus.fid-5b41923a_19c3ec54e70_1020,3359,POINT (-38.572225 -3.803742),580,"AVENIDA GODOFREDO MACIEL, SN",-3.803742,-38.572225,ETUFOR,2022,EPSG: 31984 (SIRGAS 2000 - UTM 24S); Codificação: UTF-8
vw_PontosdeOnibus.fid-5b41923a_19c3ec54e70_1021,3360,POINT (-38.506501 -3.726901),5800,"AVENIDA RUI BARBOSA, 492",-3.726901,-38.506501,ETUFOR,2022,EPSG: 31984 (SIRGAS 2000 - UTM 24S); Codificação: UTF-8
vw_PontosdeOnibus.fid-5b41923a_19c3ec54e70_1022,3361,POINT (-38.525133 -3.786588),5802,"RUA CAPRICHO, 512",-3.786588,-38.525133,ETUFOR,2022,EPSG: 31984 (SIRGAS 2000 - UTM 24S); Codificação: UTF-8
vw_PontosdeOnibus.fid-5b41923a_19c3ec54e70_1023,3362,POINT (-38.525205 -3.786982),5803,"RUA CAPRICHO, 524",-3.786982,-38.525205,ETUFOR,2022,EPSG: 31984 (SIRGAS 2000 - UTM 24S); Codificação: UTF-8
vw_PontosdeOnibus.fid-5b41923a_19c3ec54e70_1024,3363,POINT (-38.523009 -3.850071),5804,"AVENIDA CASTELO DE CASTRO, 2631",-3.850071,-38.523009,ETUFOR,2022,EPSG: 31984 (SIRGAS 2000 - UTM 24S); Codificação: UTF-8
vw_PontosdeOnibus.fid-5b41923a_19c3ec54e70_1025,3364,POINT (-38.577306 -3.764778),5805,"AVENIDA SENADOR FERNANDES TAVORA, 440",-3.764778,-38.577306,ETUFOR,2022,EPSG: 31984 (SIRGAS 2000 - UTM 24S); Codificação: UTF-8
vw_PontosdeOnibus.fid-5b41923a_19c3ec54e70_1026,3365,POINT (-38.503789 -3.848713),5806,"RUA DIONISIO LEONEL ALENCAR, 1605",-3.848713,-38.503789,ETUFOR,2022,EPSG: 31984 (SIRGAS 2000 - UTM 24S); Codificação: UTF-8
vw_PontosdeOnibus.fid-5b41923a_19c3ec54e70_1027,3366,POINT (-38.625841 -3.782601),5808,"RUA A/CJ DOM LUSTOSA, 457",-3.782601,-38.625841,ETUFOR,2022,EPSG: 31984 (SIRGAS 2000 - UTM 24S); Codificação: UTF-8
vw_PontosdeOnibus.fid-5b41923a_19c3ec54e70_1028,3367,POINT (-38.501876 -3.831455),5809,"PRAÇA TERMINAL MESSEJANA, SN",-3.831455,-38.501876,ETUFOR,2022,EPSG: 31984 (SIRGAS 2000 - UTM 24S); Codificação: UTF-8
vw_PontosdeOnibus.fid-5b41923a_19c3ec54e70_1029,3368,POINT (-38.572095 -3.803865),581,"AVENIDA GODOFREDO MACIEL, 3255",-3.803865,-38.572095,ETUFOR,2022,EPSG: 31984 (SIRGAS 2000 - UTM 24S); Codificação: UTF-8
vw_PontosdeOnibus.fid-5b41923a_19c3ec54e70_102a,3369,POINT (-38.501809 -3.831178),5810,"PRAÇA TERMINAL MESSEJANA, SN",-3.831178,-38.501809,ETUFOR,2022,EPSG: 31984 (SIRGAS 2000 - UTM 24S); Codificação: UTF-8
vw_PontosdeOnibus.fid-5b41923a_19c3ec54e70_102b,3370,POINT (-38.484546 -3.738554),5813,"RUA TERMINAL PAPICU, SN",-3.738554,-38.484546,ETUFOR,2022,EPSG: 31984 (SIRGAS 2000 - UTM 24S); Codificação: UTF-8
vw_PontosdeOnibus.fid-5b41923a_19c3ec54e70_102c,3371,POINT (-38.570298 -3.770631),5815,"PRAÇA TERMINAL LAGOA, SN",-3.770631,-38.570298,ETUFOR,2022,EPSG: 31984 (SIRGAS 2000 - UTM 24S); Codificação: UTF-8
vw_PontosdeOnibus.fid-5b41923a_19c3ec54e70_102d,3372,POINT (-38.607545 -3.772986),5819,"PRAÇA TERMINAL CONJUNTO CEARÁ, SN",-3.772986,-38.607545,ETUFOR,2022,EPSG: 31984 (SIRGAS 2000 - UTM 24S); Codificação: UTF-8
vw_PontosdeOnibus.fid-5b41923a_19c3ec54e70_102e,3373,POINT (-38.532514 -3.722151),5821,"RUA CASTRO E SILVA, SN",-3.722151,-38.532514,ETUFOR,2022,EPSG: 31984 (SIRGAS 2000 - UTM 24S); Codificação: UTF-8
vw_PontosdeOnibus.fid-5b41923a_19c3ec54e70_102f,3374,POINT (-38.586833 -3.789329),5822,"PRAÇA TERMINAL SIQUEIRA, SN",-3.789329,-38.586833,ETUFOR,2022,EPSG: 31984 (SIRGAS 2000 - UTM 24S); Codificação: UTF-8
vw_PontosdeOnibus.fid-5b41923a_19c3ec54e70_1030,3375,POINT (-38.58701 -3.789455),5823,"PRAÇA TERMINAL SIQUEIRA, SN",-3.789455,-38.58701,ETUFOR,2022,EPSG: 31984 (SIRGAS 2000 - UTM 24S); Codificação: UTF-8
vw_PontosdeOnibus.fid-5b41923a_19c3ec54e70_1031,3376,POINT (-38.513717 -3.774878),5824,"RUA TEÓFILO CORDEIRO, 202",-3.774878,-38.513717,ETUFOR,2022,EPSG: 31984 (SIRGAS 2000 - UTM 24S); Codificação: UTF-8
vw_PontosdeOnibus.fid-5b41923a_19c3ec54e70_1032,3377,POINT (-38.569422 -3.803737),583,"RUA LEON GRADVOHL, 1505",-3.803737,-38.569422,ETUFOR,2022,EPSG: 31984 (SIRGAS 2000 - UTM 24S); Codificação: UTF-8
vw_PontosdeOnibus.fid-5b41923a_19c3ec54e70_1033,3378,POINT (-38.463337 -3.82987),5830,"RUA LUCIMAR OLIVEIRA, 87",-3.82987,-38.463337,ETUFOR,2022,EPSG: 31984 (SIRGAS 2000 - UTM 24S); Codificação: UTF-8
vw_PontosdeOnibus.fid-5b41923a_19c3ec54e70_1034,3379,POINT (-38.475556 -3.852481),5831,"RUA JOSÉ PAULO SOBRINHO, 72",-3.852481,-38.475556,ETUFOR,2022,EPSG: 31984 (SIRGAS 2000 - UTM 24S); Codificação: UTF-8
vw_PontosdeOnibus.fid-5b41923a_19c3ec54e70_1035,3380,POINT (-38.462619 -3.774187),5836,"RUA CIDADE ECOLÓGICA, 992",-3.774187,-38.462619,ETUFOR,2022,EPSG: 31984 (SIRGAS 2000 - UTM 24S); Codificação: UTF-8
vw_PontosdeOnibus.fid-5b41923a_19c3ec54e70_1036,3381,POINT (-38.58862 -3.81734),5837,"AVENIDA B CJ ESPERANÇA, 101",-3.81734,-38.58862,ETUFOR,2022,EPSG: 31984 (SIRGAS 2000 - UTM 24S); Codificação: UTF-8
vw_PontosdeOnibus.fid-5b41923a_19c3ec54e70_1037,3382,POINT (-38.588511 -3.817239),5838,"AVENIDA B CJ ESPERANÇA, 104",-3.817239,-38.588511,ETUFOR,2022,EPSG: 31984 (SIRGAS 2000 - UTM 24S); Codificação: UTF-8
vw_PontosdeOnibus.fid-5b41923a_19c3ec54e70_1038,3383,POINT (-38.569391 -3.803673),584,"RUA LEON GRADVOHL, 1505",-3.803673,-38.569391,ETUFOR,2022,EPSG: 31984 (SIRGAS 2000 - UTM 24S); Codificação: UTF-8
vw_PontosdeOnibus.fid-5b41923a_19c3ec54e70_1039,3384,POINT (-38.611243 -3.805447),5841,"RUA ALVES BEZERRA, 685",-3.805447,-38.611243,ETUFOR,2022,EPSG: 31984 (SIRGAS 2000 - UTM 24S); Codificação: UTF-8
vw_PontosdeOnibus.fid-5b41923a_19c3ec54e70_103a,3385,POINT (-38.627805 -3.802807),5847,"ESTRADA DO JATOBÁ, 3486",-3.802807,-38.627805,ETUFOR,2022,EPSG: 31984 (SIRGAS 2000 - UTM 24S); Codificação: UTF-8
vw_PontosdeOnibus.fid-5b41923a_19c3ec54e70_103b,3386,POINT (-38.627817 -3.80285),5848,"ESTRADA DO JATOBÁ, 3222",-3.80285,-38.627817,ETUFOR,2022,EPSG: 31984 (SIRGAS 2000 - UTM 24S); Codificação: UTF-8
vw_PontosdeOnibus.fid-5b41923a_19c3ec54e70_103c,3387,POINT (-38.568444 -3.801732),585,"RUA LEON GRADVOHL, 1290",-3.801732,-38.568444,ETUFOR,2022,EPSG: 31984 (SIRGAS 2000 - UTM 24S); Codificação: UTF-8
vw_PontosdeOnibus.fid-5b41923a_19c3ec54e70_103d,3388,POINT (-38.576826 -3.727778),5851,"TRAVESSA TV CEMEC, SN",-3.727778,-38.576826,ETUFOR,2022,EPSG: 31984 (SIRGAS 2000 - UTM 24S); Codificação: UTF-8
vw_PontosdeOnibus.fid-5b41923a_19c3ec54e70_103e,3389,POINT (-38.568287 -3.801408),586,"RUA LEON GRADVOHL, 1280",-3.801408,-38.568287,ETUFOR,2022,EPSG: 31984 (SIRGAS 2000 - UTM 24S); Codificação: UTF-8
vw_PontosdeOnibus.fid-5b41923a_19c3ec54e70_103f,3390,POINT (-38.5994 -3.711898),5860,"AVENIDA L CJ NOVA ASSUNÇÃO, SN",-3.711898,-38.5994,ETUFOR,2022,EPSG: 31984 (SIRGAS 2000 - UTM 24S); Codificação: UTF-8
vw_PontosdeOnibus.fid-5b41923a_19c3ec54e70_1040,3391,POINT (-38.605946 -3.719094),5864,"RUA AUGUSTO FILHO, 1034",-3.719094,-38.605946,ETUFOR,2022,EPSG: 31984 (SIRGAS 2000 - UTM 24S); Codificação: UTF-8
vw_PontosdeOnibus.fid-5b41923a_19c3ec54e70_1041,3392,POINT (-38.572928 -3.806022),588,"AVENIDA GODOFREDO MACIEL, 3512",-3.806022,-38.572928,ETUFOR,2022,EPSG: 31984 (SIRGAS 2000 - UTM 24S); Codificação: UTF-8
vw_PontosdeOnibus.fid-5b41923a_19c3ec54e70_1042,3393,POINT (-38.459184 -3.731572),5885,"RUA RENATO BRAGA, SN",-3.731572,-38.459184,ETUFOR,2022,EPSG: 31984 (SIRGAS 2000 - UTM 24S); Codificação: UTF-8
vw_PontosdeOnibus.fid-5b41923a_19c3ec54e70_1043,3394,POINT (-38.57303 -3.806839),589,"AVENIDA GODOFREDO MACIEL, S/N",-3.806839,-38.57303,ETUFOR,2022,EPSG: 31984 (SIRGAS 2000 - UTM 24S); Codificação: UTF-8
vw_PontosdeOnibus.fid-5b41923a_19c3ec54e70_1044,3395,POINT (-38.573859 -3.808867),590,"AVENIDA GODOFREDO MACIEL, 3888",-3.808867,-38.573859,ETUFOR,2022,EPSG: 31984 (SIRGAS 2000 - UTM 24S); Codificação: UTF-8
vw_PontosdeOnibus.fid-5b41923a_19c3ec54e70_1045,3396,POINT (-38.594065 -3.744136),5903,"RUA PERDIGÃO SAMPAIO, 785",-3.744136,-38.594065,ETUFOR,2022,EPSG: 31984 (SIRGAS 2000 - UTM 24S); Codificação: UTF-8
vw_PontosdeOnibus.fid-5b41923a_19c3ec54e70_1046,3397,POINT (-38.53086 -3.762229),5912,"RUA FRANCISCO LORDA, SN",-3.762229,-38.53086,ETUFOR,2022,EPSG: 31984 (SIRGAS 2000 - UTM 24S); Codificação: UTF-8
vw_PontosdeOnibus.fid-5b41923a_19c3ec54e70_1047,3398,POINT (-38.615377 -3.801623),5916,"RUA TRES CONJ HAB TATUMUNDÉ, SN",-3.801623,-38.615377,ETUFOR,2022,EPSG: 31984 (SIRGAS 2000 - UTM 24S); Codificação: UTF-8
vw_PontosdeOnibus.fid-5b41923a_19c3ec54e70_1048,3399,POINT (-38.571205 -3.808019),592,"RUA GAL CORDEIRO NETO, 373",-3.808019,-38.571205,ETUFOR,2022,EPSG: 31984 (SIRGAS 2000 - UTM 24S); Codificação: UTF-8
vw_PontosdeOnibus.fid-5b41923a_19c3ec54e70_1049,3400,POINT (-38.608672 -3.82049),5920,"RUA QUINZE\PLANALTO VITÓRIA, 5920",-3.82049,-38.608672,ETUFOR,2022,EPSG: 31984 (SIRGAS 2000 - UTM 24S); Codificação: UTF-8
vw_PontosdeOnibus.fid-5b41923a_19c3ec54e70_104a,3401,POINT (-38.60159 -3.810092),5922,"RUA RIO GRANDENSE, 276",-3.810092,-38.60159,ETUFOR,2022,EPSG: 31984 (SIRGAS 2000 - UTM 24S); Codificação: UTF-8
vw_PontosdeOnibus.fid-5b41923a_19c3ec54e70_104b,3402,POINT (-38.594154 -3.807632),5924,"RUA SIQUEIRA, 1065",-3.807632,-38.594154,ETUFOR,2022,EPSG: 31984 (SIRGAS 2000 - UTM 24S); Codificação: UTF-8
vw_PontosdeOnibus.fid-5b41923a_19c3ec54e70_104c,3403,POINT (-38.579315 -3.815221),5926,"RUA CARLOS MAGNO, 603",-3.815221,-38.579315,ETUFOR,2022,EPSG: 31984 (SIRGAS 2000 - UTM 24S); Codificação: UTF-8
vw_PontosdeOnibus.fid-5b41923a_19c3ec54e70_104d,3404,POINT (-38.570138 -3.807636),593,"RUA GASTAO JUSTA, 317",-3.807636,-38.570138,ETUFOR,2022,EPSG: 31984 (SIRGAS 2000 - UTM 24S); Codificação: UTF-8
vw_PontosdeOnibus.fid-5b41923a_19c3ec54e70_104e,3405,POINT (-38.570996 -3.818149),5934,"RUA CINCO/CJ SÍTIO PROGESSO, SN",-3.818149,-38.570996,ETUFOR,2022,EPSG: 31984 (SIRGAS 2000 - UTM 24S); Codificação: UTF-8
vw_PontosdeOnibus.fid-5b41923a_19c3ec54e70_104f,3406,POINT (-38.600929 -3.762332),5937,"RUA HUMAITÁ, 510",-3.762332,-38.600929,ETUFOR,2022,EPSG: 31984 (SIRGAS 2000 - UTM 24S); Codificação: UTF-8
vw_PontosdeOnibus.fid-5b41923a_19c3ec54e70_1050,3407,POINT (-38.616782 -3.79701),5941,"RUA LO 03/RES BOM JARDIM, 223",-3.79701,-38.616782,ETUFOR,2022,EPSG: 31984 (SIRGAS 2000 - UTM 24S); Codificação: UTF-8
vw_PontosdeOnibus.fid-5b41923a_19c3ec54e70_1051,3408,POINT (-38.636034 -3.813986),5943,"RUA PAULO AFONSO, 5061",-3.813986,-38.636034,ETUFOR,2022,EPSG: 31984 (SIRGAS 2000 - UTM 24S); Codificação: UTF-8
vw_PontosdeOnibus.fid-5b41923a_19c3ec54e70_1052,3409,POINT (-38.645151 -3.789369),5945,"RUA RAIMUNDO FERREIRA ROCHA, 79",-3.789369,-38.645151,ETUFOR,2022,EPSG: 31984 (SIRGAS 2000 - UTM 24S); Codificação: UTF-8
vw_PontosdeOnibus.fid-5b41923a_19c3ec54e70_1053,3410,POINT (-38.569696 -3.806194),595,"RUA GASTAO JUSTA, 220",-3.806194,-38.569696,ETUFOR,2022,EPSG: 31984 (SIRGAS 2000 - UTM 24S); Codificação: UTF-8
vw_PontosdeOnibus.fid-5b41923a_19c3ec54e70_1054,3411,POINT (-38.626976 -3.809026),5951,"RUA BRILHANTE, 171",-3.809026,-38.626976,ETUFOR,2022,EPSG: 31984 (SIRGAS 2000 - UTM 24S); Codificação: UTF-8
vw_PontosdeOnibus.fid-5b41923a_19c3ec54e70_1055,3412,POINT (-38.569208 -3.8046),596,"RUA GASTAO JUSTA, 41",-3.8046,-38.569208,ETUFOR,2022,EPSG: 31984 (SIRGAS 2000 - UTM 24S); Codificação: UTF-8
vw_PontosdeOnibus.fid-5b41923a_19c3ec54e70_1056,3413,POINT (-38.568099 -3.806055),597,"RUA 26 BATALHAO, 128",-3.806055,-38.568099,ETUFOR,2022,EPSG: 31984 (SIRGAS 2000 - UTM 24S); Codificação: UTF-8
vw_PontosdeOnibus.fid-5b41923a_19c3ec54e70_1057,3414,POINT (-38.537087 -3.814368),5979,"RUA 2 DE MAIO, 1155",-3.814368,-38.537087,ETUFOR,2022,EPSG: 31984 (SIRGAS 2000 - UTM 24S); Codificação: UTF-8
vw_PontosdeOnibus.fid-5b41923a_19c3ec54e70_1058,3415,POINT (-38.56878 -3.808236),598,"RUA 26 BATALHAO, 291",-3.808236,-38.56878,ETUFOR,2022,EPSG: 31984 (SIRGAS 2000 - UTM 24S); Codificação: UTF-8
vw_PontosdeOnibus.fid-5b41923a_19c3ec54e70_1059,3416,POINT (-38.524281 -3.819688),5985,"RUA EMILIANO DE ALMEIDA BRAGA, 1112",-3.819688,-38.524281,ETUFOR,2022,EPSG: 31984 (SIRGAS 2000 - UTM 24S); Codificação: UTF-8
vw_PontosdeOnibus.fid-5b41923a_19c3ec54e70_105a,3417,POINT (-38.536976 -3.80883),5987,"RUA OITICICAS, 659",-3.80883,-38.536976,ETUFOR,2022,EPSG: 31984 (SIRGAS 2000 - UTM 24S); Codificação: UTF-8
vw_PontosdeOnibus.fid-5b41923a_19c3ec54e70_105b,3418,POINT (-38.568832 -3.808405),599,"RUA 26 BATALHAO, 288",-3.808405,-38.568832,ETUFOR,2022,EPSG: 31984 (SIRGAS 2000 - UTM 24S); Codificação: UTF-8
vw_PontosdeOnibus.fid-5b41923a_19c3ec54e70_105c,3419,POINT (-38.507766 -3.783132),5994,"AVENIDA PLÁCIDO CASTELO, SN",-3.783132,-38.507766,ETUFOR,2022,EPSG: 31984 (SIRGAS 2000 - UTM 24S); Codificação: UTF-8
vw_PontosdeOnibus.fid-5b41923a_19c3ec54e70_105d,3420,POINT (-38.560746 -3.812014),600,"RUA GODOFREDO OLIVEIRA, 190",-3.812014,-38.560746,ETUFOR,2022,EPSG: 31984 (SIRGAS 2000 - UTM 24S); Codificação: UTF-8
vw_PontosdeOnibus.fid-5b41923a_19c3ec54e70_105e,3421,POINT (-38.499124 -3.80409),6000,"RUA NOSSA SENHORA, SN",-3.80409,-38.499124,ETUFOR,2022,EPSG: 31984 (SIRGAS 2000 - UTM 24S); Codificação: UTF-8
vw_PontosdeOnibus.fid-5b41923a_19c3ec54e70_105f,3422,POINT (-38.516764 -3.81891),6005,"RUA H CJ 1º DE MAIO, 380",-3.81891,-38.516764,ETUFOR,2022,EPSG: 31984 (SIRGAS 2000 - UTM 24S); Codificação: UTF-8
vw_PontosdeOnibus.fid-5b41923a_19c3ec54e70_1060,3423,POINT (-38.526289 -3.837237),6009,"RUA GUTEMBERG BRAUM, 454",-3.837237,-38.526289,ETUFOR,2022,EPSG: 31984 (SIRGAS 2000 - UTM 24S); Codificação: UTF-8
vw_PontosdeOnibus.fid-5b41923a_19c3ec54e70_1061,3424,POINT (-38.558111 -3.813271),601,"RUA VALDEMAR FIGUEIREDO, 250",-3.813271,-38.558111,ETUFOR,2022,EPSG: 31984 (SIRGAS 2000 - UTM 24S); Codificação: UTF-8
vw_PontosdeOnibus.fid-5b41923a_19c3ec54e70_1062,3425,POINT (-38.559928 -3.812172),602,"RUA VALDEMAR FIGUEIREDO, 327",-3.812172,-38.559928,ETUFOR,2022,EPSG: 31984 (SIRGAS 2000 - UTM 24S); Codificação: UTF-8
vw_PontosdeOnibus.fid-5b41923a_19c3ec54e70_1063,3426,POINT (-38.564381 -3.818095),603,"AVENIDA PRS COSTA E SILVA, 1900",-3.818095,-38.564381,ETUFOR,2022,EPSG: 31984 (SIRGAS 2000 - UTM 24S); Codificação: UTF-8
vw_PontosdeOnibus.fid-5b41923a_19c3ec54e70_1064,3427,POINT (-38.524005 -3.845681),6050,"AVENIDA VAL PARAISO, SN",-3.845681,-38.524005,ETUFOR,2022,EPSG: 31984 (SIRGAS 2000 - UTM 24S); Codificação: UTF-8
vw_PontosdeOnibus.fid-5b41923a_19c3ec54e70_1065,3428,POINT (-38.519951 -3.855592),6052,"RUA RAQUEL DE QUEIROZ CJ MARIA TOMASIA, SN",-3.855592,-38.519951,ETUFOR,2022,EPSG: 31984 (SIRGAS 2000 - UTM 24S); Codificação: UTF-8
vw_PontosdeOnibus.fid-5b41923a_19c3ec54e70_1066,3429,POINT (-38.51413 -3.894503),6056,"RUA JORGE FIGUEIREDO, SN",-3.894503,-38.51413,ETUFOR,2022,EPSG: 31984 (SIRGAS 2000 - UTM 24S); Codificação: UTF-8
vw_PontosdeOnibus.fid-5b41923a_19c3ec54e70_1067,3430,POINT (-38.560653 -3.815047),606,"RUA CRISTIANO OTONE, 426",-3.815047,-38.560653,ETUFOR,2022,EPSG: 31984 (SIRGAS 2000 - UTM 24S); Codificação: UTF-8
vw_PontosdeOnibus.fid-5b41923a_19c3ec54e70_1068,3431,POINT (-38.501758 -3.888271),6060,"RODOVIA BR 116, SN",-3.888271,-38.501758,ETUFOR,2022,EPSG: 31984 (SIRGAS 2000 - UTM 24S); Codificação: UTF-8
vw_PontosdeOnibus.fid-5b41923a_19c3ec54e70_1069,3432,POINT (-38.481105 -3.845511),6062,"RUA GILENO LAURINDO DA COSTA, SN",-3.845511,-38.481105,ETUFOR,2022,EPSG: 31984 (SIRGAS 2000 - UTM 24S); Codificação: UTF-8
vw_PontosdeOnibus.fid-5b41923a_19c3ec54e70_106a,3433,POINT (-38.495851 -3.867419),6066,"RUA QUITERIA GIRÃO, 653",-3.867419,-38.495851,ETUFOR,2022,EPSG: 31984 (SIRGAS 2000 - UTM 24S); Codificação: UTF-8
vw_PontosdeOnibus.fid-5b41923a_19c3ec54e70_106b,3434,POINT (-38.477043 -3.83343),6070,"RUA SOCORRO GOMES, 287",-3.83343,-38.477043,ETUFOR,2022,EPSG: 31984 (SIRGAS 2000 - UTM 24S); Codificação: UTF-8
vw_PontosdeOnibus.fid-5b41923a_19c3ec54e70_106c,3435,POINT (-38.470955 -3.841499),6071,"RUA JOSÉ CAETANO, SN",-3.841499,-38.470955,ETUFOR,2022,EPSG: 31984 (SIRGAS 2000 - UTM 24S); Codificação: UTF-8
vw_PontosdeOnibus.fid-5b41923a_19c3ec54e70_106d,3436,POINT (-38.460902 -3.832475),6072,"RUA LUIZA GUIMARÃES, SN",-3.832475,-38.460902,ETUFOR,2022,EPSG: 31984 (SIRGAS 2000 - UTM 24S); Codificação: UTF-8
vw_PontosdeOnibus.fid-5b41923a_19c3ec54e70_106e,3437,POINT (-38.477816 -3.818061),6073,"RUA OLÍMPIO LEITE, SN",-3.818061,-38.477816,ETUFOR,2022,EPSG: 31984 (SIRGAS 2000 - UTM 24S); Codificação: UTF-8
vw_PontosdeOnibus.fid-5b41923a_19c3ec54e70_106f,3438,POINT (-38.563162 -3.776384),6078,"PRAÇA TERMINAL PARANGABA, SN",-3.776384,-38.563162,ETUFOR,2022,EPSG: 31984 (SIRGAS 2000 - UTM 24S); Codificação: UTF-8
vw_PontosdeOnibus.fid-5b41923a_19c3ec54e70_1070,3439,POINT (-38.484761 -3.738568),6079,"PRAÇA TERMINAL PAPICU, SN",-3.738568,-38.484761,ETUFOR,2022,EPSG: 31984 (SIRGAS 2000 - UTM 24S); Codificação: UTF-8
vw_PontosdeOnibus.fid-5b41923a_19c3ec54e70_1071,3440,POINT (-38.557979 -3.815448),608,"RUA PAVUNA, 670",-3.815448,-38.557979,ETUFOR,2022,EPSG: 31984 (SIRGAS 2000 - UTM 24S); Codificação: UTF-8
vw_PontosdeOnibus.fid-5b41923a_19c3ec54e70_1072,3441,POINT (-38.56358 -3.775878),6083,"PRAÇA TERMINAL PARANGABA, SN",-3.775878,-38.56358,ETUFOR,2022,EPSG: 31984 (SIRGAS 2000 - UTM 24S); Codificação: UTF-8
vw_PontosdeOnibus.fid-5b41923a_19c3ec54e70_1073,3442,POINT (-38.590226 -3.831176),6086,"AVENIDA MIGUEL ARAGAO, 1161",-3.831176,-38.590226,ETUFOR,2022,EPSG: 31984 (SIRGAS 2000 - UTM 24S); Codificação: UTF-8
vw_PontosdeOnibus.fid-5b41923a_19c3ec54e70_1074,3443,POINT (-38.590142 -3.831064),6087,"AVENIDA MIGUEL ARAGAO, 112",-3.831064,-38.590142,ETUFOR,2022,EPSG: 31984 (SIRGAS 2000 - UTM 24S); Codificação: UTF-8
vw_PontosdeOnibus.fid-5b41923a_19c3ec54e70_1075,3444,POINT (-38.557061 -3.814157),609,"TRAVESSA SAO JOSE, 69",-3.814157,-38.557061,ETUFOR,2022,EPSG: 31984 (SIRGAS 2000 - UTM 24S); Codificação: UTF-8
vw_PontosdeOnibus.fid-5b41923a_19c3ec54e70_1076,3445,POINT (-38.607558 -3.773036),6095,"PRAÇA TERMINAL CONJUNTO CEARÁ, SN",-3.773036,-38.607558,ETUFOR,2022,EPSG: 31984 (SIRGAS 2000 - UTM 24S); Codificação: UTF-8
vw_PontosdeOnibus.fid-5b41923a_19c3ec54e70_1077,3446,POINT (-38.560575 -3.816004),610,"RUA A LT IMPER MONDUBIN, 146",-3.816004,-38.560575,ETUFOR,2022,EPSG: 31984 (SIRGAS 2000 - UTM 24S); Codificação: UTF-8
vw_PontosdeOnibus.fid-5b41923a_19c3ec54e70_1078,3447,POINT (-38.583885 -3.737439),6104,"PRAÇA TERMINAL ANTONIO BEZERRA, SN",-3.737439,-38.583885,ETUFOR,2022,EPSG: 31984 (SIRGAS 2000 - UTM 24S); Codificação: UTF-8
vw_PontosdeOnibus.fid-5b41923a_19c3ec54e70_1079,3448,POINT (-38.584186 -3.737485),6108,"PRAÇA TERMINAL ANTONIO BEZERRA, SN",-3.737485,-38.584186,ETUFOR,2022,EPSG: 31984 (SIRGAS 2000 - UTM 24S); Codificação: UTF-8
vw_PontosdeOnibus.fid-5b41923a_19c3ec54e70_107a,3449,POINT (-38.584259 -3.737496),6109,"PRAÇA TERMINAL ANTONIO BEZERRA, SN",-3.737496,-38.584259,ETUFOR,2022,EPSG: 31984 (SIRGAS 2000 - UTM 24S); Codificação: UTF-8
vw_PontosdeOnibus.fid-5b41923a_19c3ec54e70_107b,3450,POINT (-38.597852 -3.81927),611,"RUA TULIPAS NEGRAS, 2041",-3.81927,-38.597852,ETUFOR,2022,EPSG: 31984 (SIRGAS 2000 - UTM 24S); Codificação: UTF-8
vw_PontosdeOnibus.fid-5b41923a_19c3ec54e70_107c,3451,POINT (-38.584548 -3.73752),6110,"PRAÇA TERMINAL ANTONIO BEZERRA, SN",-3.73752,-38.584548,ETUFOR,2022,EPSG: 31984 (SIRGAS 2000 - UTM 24S); Codificação: UTF-8
vw_PontosdeOnibus.fid-5b41923a_19c3ec54e70_107d,3452,POINT (-38.595342 -3.821031),612,"RUA TULIPAS NEGRAS, 1747",-3.821031,-38.595342,ETUFOR,2022,EPSG: 31984 (SIRGAS 2000 - UTM 24S); Codificação: UTF-8
vw_PontosdeOnibus.fid-5b41923a_19c3ec54e70_107e,3453,POINT (-38.54126 -3.721106),6121,"AVENIDA FILOMENO GOMES, 683",-3.721106,-38.54126,ETUFOR,2022,EPSG: 31984 (SIRGAS 2000 - UTM 24S); Codificação: UTF-8
vw_PontosdeOnibus.fid-5b41923a_19c3ec54e70_107f,3454,POINT (-38.537444 -3.81433),6123,"RUA CENTRAL/JD UNIÂO, 1000",-3.81433,-38.537444,ETUFOR,2022,EPSG: 31984 (SIRGAS 2000 - UTM 24S); Codificação: UTF-8
vw_PontosdeOnibus.fid-5b41923a_19c3ec54e70_1080,3455,POINT (-38.592378 -3.77662),6127,"RUA LUZIA MOREIRA, 1481",-3.77662,-38.592378,ETUFOR,2022,EPSG: 31984 (SIRGAS 2000 - UTM 24S); Codificação: UTF-8
vw_PontosdeOnibus.fid-5b41923a_19c3ec54e70_1081,3456,POINT (-38.517831 -3.804244),6128,"RUA HUMBERTO HOLANDA CASSUNDÉ, 117",-3.804244,-38.517831,ETUFOR,2022,EPSG: 31984 (SIRGAS 2000 - UTM 24S); Codificação: UTF-8
vw_PontosdeOnibus.fid-5b41923a_19c3ec54e70_1082,3457,POINT (-38.47068 -3.843943),6130,"RUA GURGEL DO AMARAL, SN",-3.843943,-38.47068,ETUFOR,2022,EPSG: 31984 (SIRGAS 2000 - UTM 24S); Codificação: UTF-8
vw_PontosdeOnibus.fid-5b41923a_19c3ec54e70_1083,3458,POINT (-38.470271 -3.842519),6131,"RUA ADONIAN BARBOSA, 421",-3.842519,-38.470271,ETUFOR,2022,EPSG: 31984 (SIRGAS 2000 - UTM 24S); Codificação: UTF-8
vw_PontosdeOnibus.fid-5b41923a_19c3ec54e70_1084,3459,POINT (-38.538637 -3.766106),6133,"RUA ALMIRANTE RUFINO, 1081",-3.766106,-38.538637,ETUFOR,2022,EPSG: 31984 (SIRGAS 2000 - UTM 24S); Codificação: UTF-8
vw_PontosdeOnibus.fid-5b41923a_19c3ec54e70_1085,3460,POINT (-38.541673 -3.765171),6134,"RUA ALMIRANTE RUFINO, 1380",-3.765171,-38.541673,ETUFOR,2022,EPSG: 31984 (SIRGAS 2000 - UTM 24S); Codificação: UTF-8
vw_PontosdeOnibus.fid-5b41923a_19c3ec54e70_1086,3461,POINT (-38.544639 -3.764248),6135,"RUA ALMIRANTE RUFINO, 1740",-3.764248,-38.544639,ETUFOR,2022,EPSG: 31984 (SIRGAS 2000 - UTM 24S); Codificação: UTF-8
vw_PontosdeOnibus.fid-5b41923a_19c3ec54e70_1087,3462,POINT (-38.546544 -3.762908),6136,"RUA SATIRO DIAS, 200",-3.762908,-38.546544,ETUFOR,2022,EPSG: 31984 (SIRGAS 2000 - UTM 24S); Codificação: UTF-8
vw_PontosdeOnibus.fid-5b41923a_19c3ec54e70_1088,3463,POINT (-38.54575 -3.762159),6137,"RUA DESEMBARGADOR PRAXEDES, 1043",-3.762159,-38.54575,ETUFOR,2022,EPSG: 31984 (SIRGAS 2000 - UTM 24S); Codificação: UTF-8
vw_PontosdeOnibus.fid-5b41923a_19c3ec54e70_1089,3464,POINT (-38.543397 -3.762904),6138,"RUA DESEMBARGADOR PRAXEDES, 1238",-3.762904,-38.543397,ETUFOR,2022,EPSG: 31984 (SIRGAS 2000 - UTM 24S); Codificação: UTF-8
vw_PontosdeOnibus.fid-5b41923a_19c3ec54e70_108a,3465,POINT (-38.541274 -3.763555),6139,"RUA DESEMBARGADOR PRAXEDES, 1500",-3.763555,-38.541274,ETUFOR,2022,EPSG: 31984 (SIRGAS 2000 - UTM 24S); Codificação: UTF-8
vw_PontosdeOnibus.fid-5b41923a_19c3ec54e70_108b,3466,POINT (-38.592313 -3.819233),614,"RUA GETULIO VARGAS, 908",-3.819233,-38.592313,ETUFOR,2022,EPSG: 31984 (SIRGAS 2000 - UTM 24S); Codificação: UTF-8
vw_PontosdeOnibus.fid-5b41923a_19c3ec54e70_108c,3467,POINT (-38.538511 -3.764398),6140,"RUA DESEMBARGADOR PRAXEDES, 1940",-3.764398,-38.538511,ETUFOR,2022,EPSG: 31984 (SIRGAS 2000 - UTM 24S); Codificação: UTF-8
vw_PontosdeOnibus.fid-5b41923a_19c3ec54e70_108d,3468,POINT (-38.535426 -3.765702),6141,"RUA DOMINGOS JAGUARIBE, 727",-3.765702,-38.535426,ETUFOR,2022,EPSG: 31984 (SIRGAS 2000 - UTM 24S); Codificação: UTF-8
vw_PontosdeOnibus.fid-5b41923a_19c3ec54e70_108e,3469,POINT (-38.534328 -3.766106),6142,"RUA DOMINGOS JAGUARIBE, 481",-3.766106,-38.534328,ETUFOR,2022,EPSG: 31984 (SIRGAS 2000 - UTM 24S); Codificação: UTF-8
vw_PontosdeOnibus.fid-5b41923a_19c3ec54e70_108f,3470,POINT (-38.564569 -3.783682),6143,"RUA ANTONIO BANDEIRA, 122",-3.783682,-38.564569,ETUFOR,2022,EPSG: 31984 (SIRGAS 2000 - UTM 24S); Codificação: UTF-8
vw_PontosdeOnibus.fid-5b41923a_19c3ec54e70_1090,3471,POINT (-38.5309 -3.722676),6144,"RUA CASTRO E SILVA, 781",-3.722676,-38.5309,ETUFOR,2022,EPSG: 31984 (SIRGAS 2000 - UTM 24S); Codificação: UTF-8
vw_PontosdeOnibus.fid-5b41923a_19c3ec54e70_1091,3472,POINT (-38.586853 -3.789302),6146,"PRAÇA TERMINAL SIQUEIRA, SN",-3.789302,-38.586853,ETUFOR,2022,EPSG: 31984 (SIRGAS 2000 - UTM 24S); Codificação: UTF-8
vw_PontosdeOnibus.fid-5b41923a_19c3ec54e70_1092,3473,POINT (-38.505758 -3.724633),6147,"AVENIDA RUI BARBOSA, SN",-3.724633,-38.505758,ETUFOR,2022,EPSG: 31984 (SIRGAS 2000 - UTM 24S); Codificação: UTF-8
vw_PontosdeOnibus.fid-5b41923a_19c3ec54e70_1093,3474,POINT (-38.454532 -3.745291),6149,"AVENIDA JULIO SILVA, SN",-3.745291,-38.454532,ETUFOR,2022,EPSG: 31984 (SIRGAS 2000 - UTM 24S); Codificação: UTF-8
vw_PontosdeOnibus.fid-5b41923a_19c3ec54e70_1094,3475,POINT (-38.591275 -3.818473),615,"RUA RAIMUNDO ARISTIDES, 700",-3.818473,-38.591275,ETUFOR,2022,EPSG: 31984 (SIRGAS 2000 - UTM 24S); Codificação: UTF-8
vw_PontosdeOnibus.fid-5b41923a_19c3ec54e70_1095,3476,POINT (-38.5046 -3.838941),6151,"RUA JOSELITA PARENTE, 781",-3.838941,-38.5046,ETUFOR,2022,EPSG: 31984 (SIRGAS 2000 - UTM 24S); Codificação: UTF-8
vw_PontosdeOnibus.fid-5b41923a_19c3ec54e70_1096,3477,POINT (-38.56833 -3.724705),6152,"AVENIDA DR. THEBERGE, 2416",-3.724705,-38.56833,ETUFOR,2022,EPSG: 31984 (SIRGAS 2000 - UTM 24S); Codificação: UTF-8
vw_PontosdeOnibus.fid-5b41923a_19c3ec54e70_1097,3478,POINT (-38.498404 -3.803936),6153,"RUA JOAOZITO ARRUDA, 2179",-3.803936,-38.498404,ETUFOR,2022,EPSG: 31984 (SIRGAS 2000 - UTM 24S); Codificação: UTF-8
vw_PontosdeOnibus.fid-5b41923a_19c3ec54e70_1098,3479,POINT (-38.488687 -3.829568),6155,"RUA ANTONIO DE BARROS, 142",-3.829568,-38.488687,ETUFOR,2022,EPSG: 31984 (SIRGAS 2000 - UTM 24S); Codificação: UTF-8
vw_PontosdeOnibus.fid-5b41923a_19c3ec54e70_1099,3480,POINT (-38.46983 -3.745953),6156,"RUA FRANCISCO MATOS, 7050 A",-3.745953,-38.46983,ETUFOR,2022,EPSG: 31984 (SIRGAS 2000 - UTM 24S); Codificação: UTF-8
vw_PontosdeOnibus.fid-5b41923a_19c3ec54e70_109a,3481,POINT (-38.586581 -3.822879),616,"RUA COSME JERONIMO, 846",-3.822879,-38.586581,ETUFOR,2022,EPSG: 31984 (SIRGAS 2000 - UTM 24S); Codificação: UTF-8
vw_PontosdeOnibus.fid-5b41923a_19c3ec54e70_109b,3482,POINT (-38.489581 -3.747444),6163,"AVENIDA ENG SANTANA JUNIOR, 2591",-3.747444,-38.489581,ETUFOR,2022,EPSG: 31984 (SIRGAS 2000 - UTM 24S); Codificação: UTF-8
vw_PontosdeOnibus.fid-5b41923a_19c3ec54e70_109c,3483,POINT (-38.532985 -3.726394),6167,"AVENIDA TRISTÃO GONÇALVES, SN",-3.726394,-38.532985,ETUFOR,2022,EPSG: 31984 (SIRGAS 2000 - UTM 24S); Codificação: UTF-8
vw_PontosdeOnibus.fid-5b41923a_19c3ec54e70_109d,3484,POINT (-38.523554 -3.75308),6169,"AVENIDA AGUANAMBI, 1827",-3.75308,-38.523554,ETUFOR,2022,EPSG: 31984 (SIRGAS 2000 - UTM 24S); Codificação: UTF-8
vw_PontosdeOnibus.fid-5b41923a_19c3ec54e70_109e,3485,POINT (-38.587535 -3.823645),617,"RUA COSME JERONIMO, 1300",-3.823645,-38.587535,ETUFOR,2022,EPSG: 31984 (SIRGAS 2000 - UTM 24S); Codificação: UTF-8
vw_PontosdeOnibus.fid-5b41923a_19c3ec54e70_109f,3486,POINT (-38.529714 -3.76344),6173,"RUA VIA LACTEA, SN",-3.76344,-38.529714,ETUFOR,2022,EPSG: 31984 (SIRGAS 2000 - UTM 24S); Codificação: UTF-8
vw_PontosdeOnibus.fid-5b41923a_19c3ec54e70_10a0,3487,POINT (-38.612633 -3.765197),6175,"AVENIDA MIN ALBUQUERQUE LIMA, SN",-3.765197,-38.612633,ETUFOR,2022,EPSG: 31984 (SIRGAS 2000 - UTM 24S); Codificação: UTF-8
vw_PontosdeOnibus.fid-5b41923a_19c3ec54e70_10a1,3488,POINT (-38.533939 -3.725233),6176,"AVENIDA IMPERADOR, 498",-3.725233,-38.533939,ETUFOR,2022,EPSG: 31984 (SIRGAS 2000 - UTM 24S); Codificação: UTF-8
vw_PontosdeOnibus.fid-5b41923a_19c3ec54e70_10a2,3489,POINT (-38.51369 -3.84812),6178,"AVENIDA VAL PARAÍSO, 1152",-3.84812,-38.51369,ETUFOR,2022,EPSG: 31984 (SIRGAS 2000 - UTM 24S); Codificação: UTF-8
vw_PontosdeOnibus.fid-5b41923a_19c3ec54e70_10a3,3490,POINT (-38.588361 -3.824319),618,"RUA COSME JERONIMO, 1523",-3.824319,-38.588361,ETUFOR,2022,EPSG: 31984 (SIRGAS 2000 - UTM 24S); Codificação: UTF-8
vw_PontosdeOnibus.fid-5b41923a_19c3ec54e70_10a4,3491,POINT (-38.58839 -3.773312),6180,"RUA JOSE GASPAR, 175",-3.773312,-38.58839,ETUFOR,2022,EPSG: 31984 (SIRGAS 2000 - UTM 24S); Codificação: UTF-8
vw_PontosdeOnibus.fid-5b41923a_19c3ec54e70_10a5,3492,POINT (-38.541472 -3.723823),6182,"RUA FILOMENO GOMES, 100",-3.723823,-38.541472,ETUFOR,2022,EPSG: 31984 (SIRGAS 2000 - UTM 24S); Codificação: UTF-8
vw_PontosdeOnibus.fid-5b41923a_19c3ec54e70_10a6,3493,POINT (-38.556555 -3.841899),6183,"AVENIDA H CJ JOSE WALTER, SN",-3.841899,-38.556555,ETUFOR,2022,EPSG: 31984 (SIRGAS 2000 - UTM 24S); Codificação: UTF-8
vw_PontosdeOnibus.fid-5b41923a_19c3ec54e70_10a7,3494,POINT (-38.607496 -3.780792),6187,"RUA JOSE TORRES, 1702",-3.780792,-38.607496,ETUFOR,2022,EPSG: 31984 (SIRGAS 2000 - UTM 24S); Codificação: UTF-8
vw_PontosdeOnibus.fid-5b41923a_19c3ec54e70_10a8,3495,POINT (-38.583889 -3.700852),6188,"RUA JANGADA, SN",-3.700852,-38.583889,ETUFOR,2022,EPSG: 31984 (SIRGAS 2000 - UTM 24S); Codificação: UTF-8
vw_PontosdeOnibus.fid-5b41923a_19c3ec54e70_10a9,3496,POINT (-38.588785 -3.825503),619,"RUA EDUARDO ARAUJO, 560",-3.825503,-38.588785,ETUFOR,2022,EPSG: 31984 (SIRGAS 2000 - UTM 24S); Codificação: UTF-8
vw_PontosdeOnibus.fid-5b41923a_19c3ec54e70_10aa,3497,POINT (-38.600243 -3.713957),6191,"AVENIDA L CJ DOS BANCARIOS, 990",-3.713957,-38.600243,ETUFOR,2022,EPSG: 31984 (SIRGAS 2000 - UTM 24S); Codificação: UTF-8
vw_PontosdeOnibus.fid-5b41923a_19c3ec54e70_10ab,3498,POINT (-38.517128 -3.846626),6192,"AVENIDA VALPARAISO, S/N",-3.846626,-38.517128,ETUFOR,2022,EPSG: 31984 (SIRGAS 2000 - UTM 24S); Codificação: UTF-8
vw_PontosdeOnibus.fid-5b41923a_19c3ec54e70_10ac,3499,POINT (-38.532052 -3.820254),6194,"RUA 4 PLANALTO ITAPERI, 140",-3.820254,-38.532052,ETUFOR,2022,EPSG: 31984 (SIRGAS 2000 - UTM 24S); Codificação: UTF-8
vw_PontosdeOnibus.fid-5b41923a_19c3ec54e70_10ad,3500,POINT (-38.464941 -3.724855),6196,"RUA OLIVEIRA FILHO, SN",-3.724855,-38.464941,ETUFOR,2022,EPSG: 31984 (SIRGAS 2000 - UTM 24S); Codificação: UTF-8
vw_PontosdeOnibus.fid-5b41923a_19c3ec54e70_10ae,3501,POINT (-38.533005 -3.729997),6199,"RUA VINTE QUATRO DE MAIO, 960",-3.729997,-38.533005,ETUFOR,2022,EPSG: 31984 (SIRGAS 2000 - UTM 24S); Codificação: UTF-8
vw_PontosdeOnibus.fid-5b41923a_19c3ec54e70_10af,3502,POINT (-38.575287 -3.705756),62,"AVENIDA PRS CASTELO BRANCO, 4843",-3.705756,-38.575287,ETUFOR,2022,EPSG: 31984 (SIRGAS 2000 - UTM 24S); Codificação: UTF-8
vw_PontosdeOnibus.fid-5b41923a_19c3ec54e70_10b0,3503,POINT (-38.588431 -3.82634),620,"RUA SAO JOAO BATISTA, 508",-3.82634,-38.588431,ETUFOR,2022,EPSG: 31984 (SIRGAS 2000 - UTM 24S); Codificação: UTF-8
vw_PontosdeOnibus.fid-5b41923a_19c3ec54e70_10b1,3504,POINT (-38.547095 -3.754919),6202,"RUA JULIO CESAR, 1485",-3.754919,-38.547095,ETUFOR,2022,EPSG: 31984 (SIRGAS 2000 - UTM 24S); Codificação: UTF-8
vw_PontosdeOnibus.fid-5b41923a_19c3ec54e70_10b2,3505,POINT (-38.548247 -3.756294),6203,"RUA JULIO CESAR, 1672",-3.756294,-38.548247,ETUFOR,2022,EPSG: 31984 (SIRGAS 2000 - UTM 24S); Codificação: UTF-8
vw_PontosdeOnibus.fid-5b41923a_19c3ec54e70_10b3,3506,POINT (-38.501979 -3.735096),6204,"AVENIDA SANTOS DUMONT, 2500",-3.735096,-38.501979,ETUFOR,2022,EPSG: 31984 (SIRGAS 2000 - UTM 24S); Codificação: UTF-8
vw_PontosdeOnibus.fid-5b41923a_19c3ec54e70_10b4,3507,POINT (-38.493094 -3.737981),6205,"AVENIDA SANTOS DUMONT, SN",-3.737981,-38.493094,ETUFOR,2022,EPSG: 31984 (SIRGAS 2000 - UTM 24S); Codificação: UTF-8
vw_PontosdeOnibus.fid-5b41923a_19c3ec54e70_10b5,3508,POINT (-38.494905 -3.734051),6206,"AVENIDA DOM LUIS, 703",-3.734051,-38.494905,ETUFOR,2022,EPSG: 31984 (SIRGAS 2000 - UTM 24S); Codificação: UTF-8
vw_PontosdeOnibus.fid-5b41923a_19c3ec54e70_10b6,3509,POINT (-38.568136 -3.739844),6207,"AVENIDA ENGENHEIRO HUMBERTO MONTE, 2754",-3.739844,-38.568136,ETUFOR,2022,EPSG: 31984 (SIRGAS 2000 - UTM 24S); Codificação: UTF-8
vw_PontosdeOnibus.fid-5b41923a_19c3ec54e70_10b7,3510,POINT (-38.484502 -3.758727),6208,"AVENIDA WASHIGTON SOARES, 700",-3.758727,-38.484502,ETUFOR,2022,EPSG: 31984 (SIRGAS 2000 - UTM 24S); Codificação: UTF-8
vw_PontosdeOnibus.fid-5b41923a_19c3ec54e70_10b8,3511,POINT (-38.489459 -3.736927),6209,"VILA MONS CATÃO, 6209",-3.736927,-38.489459,ETUFOR,2022,EPSG: 31984 (SIRGAS 2000 - UTM 24S); Codificação: UTF-8
vw_PontosdeOnibus.fid-5b41923a_19c3ec54e70_10b9,3512,POINT (-38.584666 -3.822601),621,"RUA MARIA GOMES DE SA, 1755",-3.822601,-38.584666,ETUFOR,2022,EPSG: 31984 (SIRGAS 2000 - UTM 24S); Codificação: UTF-8
vw_PontosdeOnibus.fid-5b41923a_19c3ec54e70_10ba,3513,POINT (-38.44189 -3.78748),6210,"RUA SABIAGUABA, 2260",-3.78748,-38.44189,ETUFOR,2022,EPSG: 31984 (SIRGAS 2000 - UTM 24S); Codificação: UTF-8
vw_PontosdeOnibus.fid-5b41923a_19c3ec54e70_10bb,3514,POINT (-38.433726 -3.779017),6213,"RUA DR. BERNARDO DE CASTRO FEITOSA, 775",-3.779017,-38.433726,ETUFOR,2022,EPSG: 31984 (SIRGAS 2000 - UTM 24S); Codificação: UTF-8
vw_PontosdeOnibus.fid-5b41923a_19c3ec54e70_10bc,3515,POINT (-38.582676 -3.827029),622,"RUA CACHOEIRA ALEGRE, 1223",-3.827029,-38.582676,ETUFOR,2022,EPSG: 31984 (SIRGAS 2000 - UTM 24S); Codificação: UTF-8
vw_PontosdeOnibus.fid-5b41923a_19c3ec54e70_10bd,3516,POINT (-38.613991 -3.762574),6225,"AVENIDA J CJ CEARÁ, 271",-3.762574,-38.613991,ETUFOR,2022,EPSG: 31984 (SIRGAS 2000 - UTM 24S); Codificação: UTF-8
vw_PontosdeOnibus.fid-5b41923a_19c3ec54e70_10be,3517,POINT (-38.439778 -3.802957),6229,"RUA TRES MARIAS, 420",-3.802957,-38.439778,ETUFOR,2022,EPSG: 31984 (SIRGAS 2000 - UTM 24S); Codificação: UTF-8
vw_PontosdeOnibus.fid-5b41923a_19c3ec54e70_10bf,3518,POINT (-38.58134 -3.826132),623,"RUA MARIA GOMES DE SA, 1185",-3.826132,-38.58134,ETUFOR,2022,EPSG: 31984 (SIRGAS 2000 - UTM 24S); Codificação: UTF-8
vw_PontosdeOnibus.fid-5b41923a_19c3ec54e70_10c0,3519,POINT (-38.550152 -3.804431),6231,"RUA M LOT EXPEDICIONÁRIOS, 329",-3.804431,-38.550152,ETUFOR,2022,EPSG: 31984 (SIRGAS 2000 - UTM 24S); Codificação: UTF-8
vw_PontosdeOnibus.fid-5b41923a_19c3ec54e70_10c1,3520,POINT (-38.604193 -3.763798),6232,"AVENIDA ALANIS MARIA LAURINDO DE OLIVEIRA, 147",-3.763798,-38.604193,ETUFOR,2022,EPSG: 31984 (SIRGAS 2000 - UTM 24S); Codificação: UTF-8
vw_PontosdeOnibus.fid-5b41923a_19c3ec54e70_10c2,3521,POINT (-38.517363 -3.740804),6233,"AVENIDA ANTONIO SALES, 460",-3.740804,-38.517363,ETUFOR,2022,EPSG: 31984 (SIRGAS 2000 - UTM 24S); Codificação: UTF-8
vw_PontosdeOnibus.fid-5b41923a_19c3ec54e70_10c3,3522,POINT (-38.510677 -3.742885),6234,"AVENIDA ANTONIO SALES, 1453",-3.742885,-38.510677,ETUFOR,2022,EPSG: 31984 (SIRGAS 2000 - UTM 24S); Codificação: UTF-8
vw_PontosdeOnibus.fid-5b41923a_19c3ec54e70_10c4,3523,POINT (-38.506691 -3.744119),6235,"AVENIDA ANTONIO SALES, 1885",-3.744119,-38.506691,ETUFOR,2022,EPSG: 31984 (SIRGAS 2000 - UTM 24S); Codificação: UTF-8
vw_PontosdeOnibus.fid-5b41923a_19c3ec54e70_10c5,3524,POINT (-38.497651 -3.746911),6236,"AVENIDA ANTONIO SALES, 2900",-3.746911,-38.497651,ETUFOR,2022,EPSG: 31984 (SIRGAS 2000 - UTM 24S); Codificação: UTF-8
vw_PontosdeOnibus.fid-5b41923a_19c3ec54e70_10c6,3525,POINT (-38.470284 -3.735444),6237,"RUA FAUSTO CABRAL, 1232",-3.735444,-38.470284,ETUFOR,2022,EPSG: 31984 (SIRGAS 2000 - UTM 24S); Codificação: UTF-8
vw_PontosdeOnibus.fid-5b41923a_19c3ec54e70_10c7,3526,POINT (-38.473749 -3.734442),6238,"RUA FAUSTO CABRAL, 920",-3.734442,-38.473749,ETUFOR,2022,EPSG: 31984 (SIRGAS 2000 - UTM 24S); Codificação: UTF-8
vw_PontosdeOnibus.fid-5b41923a_19c3ec54e70_10c8,3527,POINT (-38.477833 -3.733233),6239,"RUA FAUSTO CABRAL, 471",-3.733233,-38.477833,ETUFOR,2022,EPSG: 31984 (SIRGAS 2000 - UTM 24S); Codificação: UTF-8
vw_PontosdeOnibus.fid-5b41923a_19c3ec54e70_10c9,3528,POINT (-38.580176 -3.825334),624,"RUA ALVARO CHAVES, 80",-3.825334,-38.580176,ETUFOR,2022,EPSG: 31984 (SIRGAS 2000 - UTM 24S); Codificação: UTF-8
vw_PontosdeOnibus.fid-5b41923a_19c3ec54e70_10ca,3529,POINT (-38.524168 -3.850469),6240,"RUA SILVINHA TELES, 60",-3.850469,-38.524168,ETUFOR,2022,EPSG: 31984 (SIRGAS 2000 - UTM 24S); Codificação: UTF-8
vw_PontosdeOnibus.fid-5b41923a_19c3ec54e70_10cb,3530,POINT (-38.62495 -3.815942),6241,"AVENIDA SIQUEIRA CAMPOS, 1050",-3.815942,-38.62495,ETUFOR,2022,EPSG: 31984 (SIRGAS 2000 - UTM 24S); Codificação: UTF-8
vw_PontosdeOnibus.fid-5b41923a_19c3ec54e70_10cc,3531,POINT (-38.538461 -3.803151),6245,"AVENIDA HEROIS DO ACRE, 1130",-3.803151,-38.538461,ETUFOR,2022,EPSG: 31984 (SIRGAS 2000 - UTM 24S); Codificação: UTF-8
vw_PontosdeOnibus.fid-5b41923a_19c3ec54e70_10cd,3532,POINT (-38.572772 -3.724935),6248,"RUA FREI ODILON, 631",-3.724935,-38.572772,ETUFOR,2022,EPSG: 31984 (SIRGAS 2000 - UTM 24S); Codificação: UTF-8
vw_PontosdeOnibus.fid-5b41923a_19c3ec54e70_10ce,3533,POINT (-38.5649 -3.737099),6249,"RUA TIPÓGRAFO SALES, 135",-3.737099,-38.5649,ETUFOR,2022,EPSG: 31984 (SIRGAS 2000 - UTM 24S); Codificação: UTF-8
vw_PontosdeOnibus.fid-5b41923a_19c3ec54e70_10cf,3534,POINT (-38.579212 -3.824804),625,"RUA MAR DE ABRANTES, 433",-3.824804,-38.579212,ETUFOR,2022,EPSG: 31984 (SIRGAS 2000 - UTM 24S); Codificação: UTF-8
vw_PontosdeOnibus.fid-5b41923a_19c3ec54e70_10d0,3535,POINT (-38.538603 -3.744778),6254,"RUA PADRE FRANCISCO PINTO, 115",-3.744778,-38.538603,ETUFOR,2022,EPSG: 31984 (SIRGAS 2000 - UTM 24S); Codificação: UTF-8
vw_PontosdeOnibus.fid-5b41923a_19c3ec54e70_10d1,3536,POINT (-38.539675 -3.746551),6255,"RUA JULIO CESAR, 192",-3.746551,-38.539675,ETUFOR,2022,EPSG: 31984 (SIRGAS 2000 - UTM 24S); Codificação: UTF-8
vw_PontosdeOnibus.fid-5b41923a_19c3ec54e70_10d2,3537,POINT (-38.480404 -3.847925),6258,"RUA JOSÉ TEIXEIRA COSTA, SN",-3.847925,-38.480404,ETUFOR,2022,EPSG: 31984 (SIRGAS 2000 - UTM 24S); Codificação: UTF-8
vw_PontosdeOnibus.fid-5b41923a_19c3ec54e70_10d3,3538,POINT (-38.617044 -3.794609),6259,"RUA DALAS, 1371",-3.794609,-38.617044,ETUFOR,2022,EPSG: 31984 (SIRGAS 2000 - UTM 24S); Codificação: UTF-8
vw_PontosdeOnibus.fid-5b41923a_19c3ec54e70_10d4,3539,POINT (-38.578884 -3.824771),626,"AVENIDA GODOFREDO MACIEL, 5700",-3.824771,-38.578884,ETUFOR,2022,EPSG: 31984 (SIRGAS 2000 - UTM 24S); Codificação: UTF-8
vw_PontosdeOnibus.fid-5b41923a_19c3ec54e70_10d5,3540,POINT (-38.549247 -3.764052),6260,"RUA ALBERTO MAGNO, 1012",-3.764052,-38.549247,ETUFOR,2022,EPSG: 31984 (SIRGAS 2000 - UTM 24S); Codificação: UTF-8
vw_PontosdeOnibus.fid-5b41923a_19c3ec54e70_10d6,3541,POINT (-38.541385 -3.733106),6262,"AVENIDA DOMINGOS OLIMPIO, 2032",-3.733106,-38.541385,ETUFOR,2022,EPSG: 31984 (SIRGAS 2000 - UTM 24S); Codificação: UTF-8
vw_PontosdeOnibus.fid-5b41923a_19c3ec54e70_10d7,3542,POINT (-38.543328 -3.731264),6263,"ESTAÇÃO OTAVIO BONFIM, 384",-3.731264,-38.543328,ETUFOR,2022,EPSG: 31984 (SIRGAS 2000 - UTM 24S); Codificação: UTF-8
vw_PontosdeOnibus.fid-5b41923a_19c3ec54e70_10d8,3543,POINT (-38.546775 -3.731971),6264,"BEZERRA DE MENEZES, 267",-3.731971,-38.546775,ETUFOR,2022,EPSG: 31984 (SIRGAS 2000 - UTM 24S); Codificação: UTF-8
vw_PontosdeOnibus.fid-5b41923a_19c3ec54e70_10d9,3544,POINT (-38.549467 -3.732564),6265,"AVENIDA BEZERRA DE MENEZES, 450",-3.732564,-38.549467,ETUFOR,2022,EPSG: 31984 (SIRGAS 2000 - UTM 24S); Codificação: UTF-8
vw_PontosdeOnibus.fid-5b41923a_19c3ec54e70_10da,3545,POINT (-38.552973 -3.733243),6266,"AVENIDA BEZERRA DE MENEZES, 887",-3.733243,-38.552973,ETUFOR,2022,EPSG: 31984 (SIRGAS 2000 - UTM 24S); Codificação: UTF-8
vw_PontosdeOnibus.fid-5b41923a_19c3ec54e70_10db,3546,POINT (-38.554837 -3.733666),6267,"BEZERRA DE MENEZES, 1084",-3.733666,-38.554837,ETUFOR,2022,EPSG: 31984 (SIRGAS 2000 - UTM 24S); Codificação: UTF-8
vw_PontosdeOnibus.fid-5b41923a_19c3ec54e70_10dc,3547,POINT (-38.556989 -3.734092),6269,"AVENIDA BEZERRA DE MENEZES, 1391",-3.734092,-38.556989,ETUFOR,2022,EPSG: 31984 (SIRGAS 2000 - UTM 24S); Codificação: UTF-8
vw_PontosdeOnibus.fid-5b41923a_19c3ec54e70_10dd,3548,POINT (-38.489198 -3.796784),627,"RUA VIS BARBACENA    (D61), S/R",-3.796784,-38.489198,ETUFOR,2022,EPSG: 31984 (SIRGAS 2000 - UTM 24S); Codificação: UTF-8
vw_PontosdeOnibus.fid-5b41923a_19c3ec54e70_10de,3549,POINT (-38.559192 -3.734564),6270,"BEZERRA DE MENEZES, 1606",-3.734564,-38.559192,ETUFOR,2022,EPSG: 31984 (SIRGAS 2000 - UTM 24S); Codificação: UTF-8
vw_PontosdeOnibus.fid-5b41923a_19c3ec54e70_10df,3550,POINT (-38.562425 -3.735207),6271,"BEZERRA DE MENEZES, 2018",-3.735207,-38.562425,ETUFOR,2022,EPSG: 31984 (SIRGAS 2000 - UTM 24S); Codificação: UTF-8
vw_PontosdeOnibus.fid-5b41923a_19c3ec54e70_10e0,3551,POINT (-38.564702 -3.735704),6272,"BEZERRA DE MENEZES, 2226",-3.735704,-38.564702,ETUFOR,2022,EPSG: 31984 (SIRGAS 2000 - UTM 24S); Codificação: UTF-8
vw_PontosdeOnibus.fid-5b41923a_19c3ec54e70_10e1,3552,POINT (-38.5663 -3.736013),6273,"ESTAÇÃO NORTH SHOPPING, 2461",-3.736013,-38.5663,ETUFOR,2022,EPSG: 31984 (SIRGAS 2000 - UTM 24S); Codificação: UTF-8
vw_PontosdeOnibus.fid-5b41923a_19c3ec54e70_10e2,3553,POINT (-38.439303 -3.768884),6274,"RUA DES GEMINIANO JUREMA, 88",-3.768884,-38.439303,ETUFOR,2022,EPSG: 31984 (SIRGAS 2000 - UTM 24S); Codificação: UTF-8
vw_PontosdeOnibus.fid-5b41923a_19c3ec54e70_10e3,3554,POINT (-38.558762 -3.837341),6277,"RUA 62 CJ JOSÉ WALTER, SN",-3.837341,-38.558762,ETUFOR,2022,EPSG: 31984 (SIRGAS 2000 - UTM 24S); Codificação: UTF-8
vw_PontosdeOnibus.fid-5b41923a_19c3ec54e70_10e4,3555,POINT (-38.602901 -3.727409),6278,"RUA STA MARIA GORETE, 345",-3.727409,-38.602901,ETUFOR,2022,EPSG: 31984 (SIRGAS 2000 - UTM 24S); Codificação: UTF-8
vw_PontosdeOnibus.fid-5b41923a_19c3ec54e70_10e5,3556,POINT (-38.468809 -3.7423),6279,"RUA PRISCO BEZERRA, SN",-3.7423,-38.468809,ETUFOR,2022,EPSG: 31984 (SIRGAS 2000 - UTM 24S); Codificação: UTF-8
vw_PontosdeOnibus.fid-5b41923a_19c3ec54e70_10e6,3557,POINT (-38.491313 -3.795869),628,"AVENIDA OLIVEIRA PAIVA, 1690",-3.795869,-38.491313,ETUFOR,2022,EPSG: 31984 (SIRGAS 2000 - UTM 24S); Codificação: UTF-8
vw_PontosdeOnibus.fid-5b41923a_19c3ec54e70_10e7,3558,POINT (-38.531264 -3.773582),6281,"AVENIDA LAURO VIEIRA CHAVES, 605",-3.773582,-38.531264,ETUFOR,2022,EPSG: 31984 (SIRGAS 2000 - UTM 24S); Codificação: UTF-8
vw_PontosdeOnibus.fid-5b41923a_19c3ec54e70_10e8,3559,POINT (-38.608088 -3.830578),6282,"RUA PRETÓRIA, 1557",-3.830578,-38.608088,ETUFOR,2022,EPSG: 31984 (SIRGAS 2000 - UTM 24S); Codificação: UTF-8
vw_PontosdeOnibus.fid-5b41923a_19c3ec54e70_10e9,3560,POINT (-38.608258 -3.830489),6283,"RUA PRETÓRIA, 1564",-3.830489,-38.608258,ETUFOR,2022,EPSG: 31984 (SIRGAS 2000 - UTM 24S); Codificação: UTF-8
vw_PontosdeOnibus.fid-5b41923a_19c3ec54e70_10ea,3561,POINT (-38.537526 -3.810428),6285,"RUA DAS OITICICAS, 720",-3.810428,-38.537526,ETUFOR,2022,EPSG: 31984 (SIRGAS 2000 - UTM 24S); Codificação: UTF-8
vw_PontosdeOnibus.fid-5b41923a_19c3ec54e70_10eb,3562,POINT (-38.548193 -3.735834),6287,"RUA DOM MANOEL DE MEDEIROS, 458",-3.735834,-38.548193,ETUFOR,2022,EPSG: 31984 (SIRGAS 2000 - UTM 24S); Codificação: UTF-8
vw_PontosdeOnibus.fid-5b41923a_19c3ec54e70_10ec,3563,POINT (-38.490993 -3.79581),629,"AVENIDA OLIVEIRA PAIVA, 1735",-3.79581,-38.490993,ETUFOR,2022,EPSG: 31984 (SIRGAS 2000 - UTM 24S); Codificação: UTF-8
vw_PontosdeOnibus.fid-5b41923a_19c3ec54e70_10ed,3564,POINT (-38.55049 -3.736304),6294,"RUA DOM MANOEL DE MEDEIROS, 736",-3.736304,-38.55049,ETUFOR,2022,EPSG: 31984 (SIRGAS 2000 - UTM 24S); Codificação: UTF-8
vw_PontosdeOnibus.fid-5b41923a_19c3ec54e70_10ee,3565,POINT (-38.562031 -3.737543),6298,"RUA AZEVEDO BOLÃO, 1995",-3.737543,-38.562031,ETUFOR,2022,EPSG: 31984 (SIRGAS 2000 - UTM 24S); Codificação: UTF-8
vw_PontosdeOnibus.fid-5b41923a_19c3ec54e70_10ef,3566,POINT (-38.548251 -3.733553),6299,"RUA GUSTAVO SAMPAIO, 371",-3.733553,-38.548251,ETUFOR,2022,EPSG: 31984 (SIRGAS 2000 - UTM 24S); Codificação: UTF-8
vw_PontosdeOnibus.fid-5b41923a_19c3ec54e70_10f0,3567,POINT (-38.576731 -3.705078),63,"AVENIDA PRS CASTELO BRANCO, 5010",-3.705078,-38.576731,ETUFOR,2022,EPSG: 31984 (SIRGAS 2000 - UTM 24S); Codificação: UTF-8
vw_PontosdeOnibus.fid-5b41923a_19c3ec54e70_10f1,3568,POINT (-38.489468 -3.794462),630,"RUA JULIO LIMA, 256",-3.794462,-38.489468,ETUFOR,2022,EPSG: 31984 (SIRGAS 2000 - UTM 24S); Codificação: UTF-8
vw_PontosdeOnibus.fid-5b41923a_19c3ec54e70_10f2,3569,POINT (-38.550402 -3.734012),6300,"RUA GUSTAVO SAMPAIO, 635",-3.734012,-38.550402,ETUFOR,2022,EPSG: 31984 (SIRGAS 2000 - UTM 24S); Codificação: UTF-8
vw_PontosdeOnibus.fid-5b41923a_19c3ec54e70_10f3,3570,POINT (-38.553541 -3.734657),6301,"RUA GUSTAVO SAMPAIO, 971",-3.734657,-38.553541,ETUFOR,2022,EPSG: 31984 (SIRGAS 2000 - UTM 24S); Codificação: UTF-8
vw_PontosdeOnibus.fid-5b41923a_19c3ec54e70_10f4,3571,POINT (-38.55579 -3.735125),6302,"RUA GUSTAVO SAMPAIO, 1239",-3.735125,-38.55579,ETUFOR,2022,EPSG: 31984 (SIRGAS 2000 - UTM 24S); Codificação: UTF-8
vw_PontosdeOnibus.fid-5b41923a_19c3ec54e70_10f5,3572,POINT (-38.558291 -3.73564),6303,"RUA GUSTAVO SAMPAIO, 1515",-3.73564,-38.558291,ETUFOR,2022,EPSG: 31984 (SIRGAS 2000 - UTM 24S); Codificação: UTF-8
vw_PontosdeOnibus.fid-5b41923a_19c3ec54e70_10f6,3573,POINT (-38.564513 -3.738068),6304,"RUA AZEVEDO BOLÃO, 2246",-3.738068,-38.564513,ETUFOR,2022,EPSG: 31984 (SIRGAS 2000 - UTM 24S); Codificação: UTF-8
vw_PontosdeOnibus.fid-5b41923a_19c3ec54e70_10f7,3574,POINT (-38.553877 -3.744535),6305,"RUA DELMIRO DE FARIAS, 1893",-3.744535,-38.553877,ETUFOR,2022,EPSG: 31984 (SIRGAS 2000 - UTM 24S); Codificação: UTF-8
vw_PontosdeOnibus.fid-5b41923a_19c3ec54e70_10f8,3575,POINT (-38.538346 -3.731107),6306,"RUA METON DE ALENCAR, 1665",-3.731107,-38.538346,ETUFOR,2022,EPSG: 31984 (SIRGAS 2000 - UTM 24S); Codificação: UTF-8
vw_PontosdeOnibus.fid-5b41923a_19c3ec54e70_10f9,3576,POINT (-38.544913 -3.784728),6307,"RUA PRA HELOÍSA F LIMA, 420",-3.784728,-38.544913,ETUFOR,2022,EPSG: 31984 (SIRGAS 2000 - UTM 24S); Codificação: UTF-8
vw_PontosdeOnibus.fid-5b41923a_19c3ec54e70_10fa,3577,POINT (-38.563064 -3.740453),6310,"RUA FLORIANOPOLIS, 578",-3.740453,-38.563064,ETUFOR,2022,EPSG: 31984 (SIRGAS 2000 - UTM 24S); Codificação: UTF-8
vw_PontosdeOnibus.fid-5b41923a_19c3ec54e70_10fb,3578,POINT (-38.562652 -3.742418),6311,"RUA AMADEU FURTADO, 786",-3.742418,-38.562652,ETUFOR,2022,EPSG: 31984 (SIRGAS 2000 - UTM 24S); Codificação: UTF-8
vw_PontosdeOnibus.fid-5b41923a_19c3ec54e70_10fc,3579,POINT (-38.559346 -3.74484),6313,"RUA NESTOR BARBOSA, 435",-3.74484,-38.559346,ETUFOR,2022,EPSG: 31984 (SIRGAS 2000 - UTM 24S); Codificação: UTF-8
vw_PontosdeOnibus.fid-5b41923a_19c3ec54e70_10fd,3580,POINT (-38.558447 -3.746451),6314,"RUA PEDRO DE QUEIROS, 1245",-3.746451,-38.558447,ETUFOR,2022,EPSG: 31984 (SIRGAS 2000 - UTM 24S); Codificação: UTF-8
vw_PontosdeOnibus.fid-5b41923a_19c3ec54e70_10fe,3581,POINT (-38.556541 -3.747433),6315,"RUA GUSTAVO BRAGA, 600",-3.747433,-38.556541,ETUFOR,2022,EPSG: 31984 (SIRGAS 2000 - UTM 24S); Codificação: UTF-8
vw_PontosdeOnibus.fid-5b41923a_19c3ec54e70_10ff,3582,POINT (-38.555282 -3.748576),6316,"RUA GUSTAVO BRAGA, 397",-3.748576,-38.555282,ETUFOR,2022,EPSG: 31984 (SIRGAS 2000 - UTM 24S); Codificação: UTF-8
vw_PontosdeOnibus.fid-5b41923a_19c3ec54e70_1100,3583,POINT (-38.553348 -3.750344),6317,"RUA GUSTAVO BRAGA, 159",-3.750344,-38.553348,ETUFOR,2022,EPSG: 31984 (SIRGAS 2000 - UTM 24S); Codificação: UTF-8
vw_PontosdeOnibus.fid-5b41923a_19c3ec54e70_1101,3584,POINT (-38.515679 -3.839658),6320,"RUA FRANCISCO L DA SILVA, 10",-3.839658,-38.515679,ETUFOR,2022,EPSG: 31984 (SIRGAS 2000 - UTM 24S); Codificação: UTF-8
vw_PontosdeOnibus.fid-5b41923a_19c3ec54e70_1102,3585,POINT (-38.531552 -3.757387),6322,"AVENIDA OSWALDO STUDART, S/N",-3.757387,-38.531552,ETUFOR,2022,EPSG: 31984 (SIRGAS 2000 - UTM 24S); Codificação: UTF-8
vw_PontosdeOnibus.fid-5b41923a_19c3ec54e70_1103,3586,POINT (-38.508599 -3.724258),6323,"AVENIDA MOSENHOR TABOSA, 1165-D",-3.724258,-38.508599,ETUFOR,2022,EPSG: 31984 (SIRGAS 2000 - UTM 24S); Codificação: UTF-8
vw_PontosdeOnibus.fid-5b41923a_19c3ec54e70_1104,3587,POINT (-38.504556 -3.724513),6324,"AVENIDA MONSENHOR TABOSA, 1600",-3.724513,-38.504556,ETUFOR,2022,EPSG: 31984 (SIRGAS 2000 - UTM 24S); Codificação: UTF-8
vw_PontosdeOnibus.fid-5b41923a_19c3ec54e70_1105,3588,POINT (-38.504591 -3.723932),6325,"AVENIDA MONSENHOR TABOSA, SN",-3.723932,-38.504591,ETUFOR,2022,EPSG: 31984 (SIRGAS 2000 - UTM 24S); Codificação: UTF-8
vw_PontosdeOnibus.fid-5b41923a_19c3ec54e70_1106,3589,POINT (-38.508327 -3.722169),6326,"AVENIDA HISTORIADOR RAIMUNDO GIRÃO, SN",-3.722169,-38.508327,ETUFOR,2022,EPSG: 31984 (SIRGAS 2000 - UTM 24S); Codificação: UTF-8
vw_PontosdeOnibus.fid-5b41923a_19c3ec54e70_1107,3590,POINT (-38.589086 -3.817668),6327,"AVENIDA A, 104",-3.817668,-38.589086,ETUFOR,2022,EPSG: 31984 (SIRGAS 2000 - UTM 24S); Codificação: UTF-8
vw_PontosdeOnibus.fid-5b41923a_19c3ec54e70_1108,3591,POINT (-38.51798 -3.738764),6328,"RUA PADRE VALDEVINO, 681",-3.738764,-38.51798,ETUFOR,2022,EPSG: 31984 (SIRGAS 2000 - UTM 24S); Codificação: UTF-8
vw_PontosdeOnibus.fid-5b41923a_19c3ec54e70_1109,3592,POINT (-38.531506 -3.75064),6331,"RUA MON LIBERATO, S/N",-3.75064,-38.531506,ETUFOR,2022,EPSG: 31984 (SIRGAS 2000 - UTM 24S); Codificação: UTF-8
vw_PontosdeOnibus.fid-5b41923a_19c3ec54e70_110a,3593,POINT (-38.501548 -3.793572),6332,"AVENIDA DES. GONZAGA, SN",-3.793572,-38.501548,ETUFOR,2022,EPSG: 31984 (SIRGAS 2000 - UTM 24S); Codificação: UTF-8
vw_PontosdeOnibus.fid-5b41923a_19c3ec54e70_110b,3594,POINT (-38.570071 -3.77156),6336,"PRAÇA TERMINAL LAGOA, SN",-3.77156,-38.570071,ETUFOR,2022,EPSG: 31984 (SIRGAS 2000 - UTM 24S); Codificação: UTF-8
vw_PontosdeOnibus.fid-5b41923a_19c3ec54e70_110c,3595,POINT (-38.570013 -3.771644),6337,"PRAÇA TERMINAL LAGOA, SN",-3.771644,-38.570013,ETUFOR,2022,EPSG: 31984 (SIRGAS 2000 - UTM 24S); Codificação: UTF-8
vw_PontosdeOnibus.fid-5b41923a_19c3ec54e70_110d,3596,POINT (-38.569945 -3.771724),6338,"PRAÇA TERMINAL LAGOA, SN",-3.771724,-38.569945,ETUFOR,2022,EPSG: 31984 (SIRGAS 2000 - UTM 24S); Codificação: UTF-8
vw_PontosdeOnibus.fid-5b41923a_19c3ec54e70_110e,3597,POINT (-38.569883 -3.77181),6339,"PRAÇA TERMINAL LAGOA, SN",-3.77181,-38.569883,ETUFOR,2022,EPSG: 31984 (SIRGAS 2000 - UTM 24S); Codificação: UTF-8
vw_PontosdeOnibus.fid-5b41923a_19c3ec54e70_110f,3598,POINT (-38.487759 -3.791635),634,"RUA JUNIOR ROCHA, 940",-3.791635,-38.487759,ETUFOR,2022,EPSG: 31984 (SIRGAS 2000 - UTM 24S); Codificação: UTF-8
vw_PontosdeOnibus.fid-5b41923a_19c3ec54e70_1110,3599,POINT (-38.569879 -3.771151),6340,"PRAÇA TERMINAL LAGOA, SN",-3.771151,-38.569879,ETUFOR,2022,EPSG: 31984 (SIRGAS 2000 - UTM 24S); Codificação: UTF-8
vw_PontosdeOnibus.fid-5b41923a_19c3ec54e70_1111,3600,POINT (-38.600271 -3.758783),6341,"RUA HUMAITÁ, S/N",-3.758783,-38.600271,ETUFOR,2022,EPSG: 31984 (SIRGAS 2000 - UTM 24S); Codificação: UTF-8
vw_PontosdeOnibus.fid-5b41923a_19c3ec54e70_1112,3601,POINT (-38.600323 -3.759053),6342,"RUA HUMAITÁ, S/N",-3.759053,-38.600323,ETUFOR,2022,EPSG: 31984 (SIRGAS 2000 - UTM 24S); Codificação: UTF-8
vw_PontosdeOnibus.fid-5b41923a_19c3ec54e70_1113,3602,POINT (-38.556996 -3.721348),6343,"RUA NAT FEIJO, 910",-3.721348,-38.556996,ETUFOR,2022,EPSG: 31984 (SIRGAS 2000 - UTM 24S); Codificação: UTF-8
vw_PontosdeOnibus.fid-5b41923a_19c3ec54e70_1114,3603,POINT (-38.464553 -3.825906),6344,"RUA GERALDO LIMA, S/N",-3.825906,-38.464553,ETUFOR,2022,EPSG: 31984 (SIRGAS 2000 - UTM 24S); Codificação: UTF-8
vw_PontosdeOnibus.fid-5b41923a_19c3ec54e70_1115,3604,POINT (-38.467367 -3.797189),6345,"RUA EUCLIDES O DE SOUSA, 1425",-3.797189,-38.467367,ETUFOR,2022,EPSG: 31984 (SIRGAS 2000 - UTM 24S); Codificação: UTF-8
vw_PontosdeOnibus.fid-5b41923a_19c3ec54e70_1116,3605,POINT (-38.55202 -3.73779),6346,"RUA PADRE GUERRA, S/N",-3.73779,-38.55202,ETUFOR,2022,EPSG: 31984 (SIRGAS 2000 - UTM 24S); Codificação: UTF-8
vw_PontosdeOnibus.fid-5b41923a_19c3ec54e70_1117,3606,POINT (-38.487979 -3.793828),635,"RUA JUNIOR ROCHA, 1205",-3.793828,-38.487979,ETUFOR,2022,EPSG: 31984 (SIRGAS 2000 - UTM 24S); Codificação: UTF-8
vw_PontosdeOnibus.fid-5b41923a_19c3ec54e70_1118,3607,POINT (-38.56707 -3.725188),6363,"RUA SÃO SEBASTIÃO, S/N",-3.725188,-38.56707,ETUFOR,2022,EPSG: 31984 (SIRGAS 2000 - UTM 24S); Codificação: UTF-8
vw_PontosdeOnibus.fid-5b41923a_19c3ec54e70_1119,3608,POINT (-38.489349 -3.75754),6364,"AVENIDA WHASINGTON SOARES, 250",-3.75754,-38.489349,ETUFOR,2022,EPSG: 31984 (SIRGAS 2000 - UTM 24S); Codificação: UTF-8
vw_PontosdeOnibus.fid-5b41923a_19c3ec54e70_111a,3609,POINT (-38.488818 -3.757659),6365,"AVENIDA WHASINGTON SORAES, S/N",-3.757659,-38.488818,ETUFOR,2022,EPSG: 31984 (SIRGAS 2000 - UTM 24S); Codificação: UTF-8
vw_PontosdeOnibus.fid-5b41923a_19c3ec54e70_111b,3610,POINT (-38.486597 -3.831721),6368,"RUA PERGENTINO MAIA, 996",-3.831721,-38.486597,ETUFOR,2022,EPSG: 31984 (SIRGAS 2000 - UTM 24S); Codificação: UTF-8
vw_PontosdeOnibus.fid-5b41923a_19c3ec54e70_111c,3611,POINT (-38.48837 -3.833203),6369,"RUA CEL DIONISIO ALENCAR, 555",-3.833203,-38.48837,ETUFOR,2022,EPSG: 31984 (SIRGAS 2000 - UTM 24S); Codificação: UTF-8
vw_PontosdeOnibus.fid-5b41923a_19c3ec54e70_111d,3612,POINT (-38.483399 -3.831491),6370,"RUA PEDRO ESTANISLAU, 406",-3.831491,-38.483399,ETUFOR,2022,EPSG: 31984 (SIRGAS 2000 - UTM 24S); Codificação: UTF-8
vw_PontosdeOnibus.fid-5b41923a_19c3ec54e70_111e,3613,POINT (-38.484617 -3.830034),6371,"RUA PROFESSOR JOSÉ HENRIQUE, 538",-3.830034,-38.484617,ETUFOR,2022,EPSG: 31984 (SIRGAS 2000 - UTM 24S); Codificação: UTF-8
vw_PontosdeOnibus.fid-5b41923a_19c3ec54e70_111f,3614,POINT (-38.57429 -3.763636),6375,"RUA EDGARD ARRUDA, S/N",-3.763636,-38.57429,ETUFOR,2022,EPSG: 31984 (SIRGAS 2000 - UTM 24S); Codificação: UTF-8
vw_PontosdeOnibus.fid-5b41923a_19c3ec54e70_1120,3615,POINT (-38.516676 -3.846789),6377,"AVENIDA VALPARAISO, 1871",-3.846789,-38.516676,ETUFOR,2022,EPSG: 31984 (SIRGAS 2000 - UTM 24S); Codificação: UTF-8
vw_PontosdeOnibus.fid-5b41923a_19c3ec54e70_1121,3616,POINT (-38.439831 -3.771327),6378,"AVENIDA DIOGUINHO, 200",-3.771327,-38.439831,ETUFOR,2022,EPSG: 31984 (SIRGAS 2000 - UTM 24S); Codificação: UTF-8
vw_PontosdeOnibus.fid-5b41923a_19c3ec54e70_1122,3617,POINT (-38.439932 -3.771295),6379,"AVENIDA DIOGUINHO, 180",-3.771295,-38.439932,ETUFOR,2022,EPSG: 31984 (SIRGAS 2000 - UTM 24S); Codificação: UTF-8
vw_PontosdeOnibus.fid-5b41923a_19c3ec54e70_1123,3618,POINT (-38.483111 -3.796026),638,"AVENIDA OLIVEIRA PAIVA, 2555",-3.796026,-38.483111,ETUFOR,2022,EPSG: 31984 (SIRGAS 2000 - UTM 24S); Codificação: UTF-8
vw_PontosdeOnibus.fid-5b41923a_19c3ec54e70_1124,3619,POINT (-38.48543 -3.733621),6380,"RUA REPÚBLICA DO LÍBANO, 1218",-3.733621,-38.48543,ETUFOR,2022,EPSG: 31984 (SIRGAS 2000 - UTM 24S); Codificação: UTF-8
vw_PontosdeOnibus.fid-5b41923a_19c3ec54e70_1125,3620,POINT (-38.49668 -3.801709),6381,"AVENIDA DESEMBARGADOR GONZAGA, 1849",-3.801709,-38.49668,ETUFOR,2022,EPSG: 31984 (SIRGAS 2000 - UTM 24S); Codificação: UTF-8
vw_PontosdeOnibus.fid-5b41923a_19c3ec54e70_1126,3621,POINT (-38.475572 -3.745037),6382,"RUA ALMEIDA PRADO, 909",-3.745037,-38.475572,ETUFOR,2022,EPSG: 31984 (SIRGAS 2000 - UTM 24S); Codificação: UTF-8
vw_PontosdeOnibus.fid-5b41923a_19c3ec54e70_1127,3622,POINT (-38.488492 -3.789623),6383,"RUA IEDA PEREIRA, 680",-3.789623,-38.488492,ETUFOR,2022,EPSG: 31984 (SIRGAS 2000 - UTM 24S); Codificação: UTF-8
vw_PontosdeOnibus.fid-5b41923a_19c3ec54e70_1128,3623,POINT (-38.570876 -3.759755),6384,"RUA GUANABARA, 956",-3.759755,-38.570876,ETUFOR,2022,EPSG: 31984 (SIRGAS 2000 - UTM 24S); Codificação: UTF-8
vw_PontosdeOnibus.fid-5b41923a_19c3ec54e70_1129,3624,POINT (-38.474844 -3.742732),6385,"RUA ALMEIDA PRADO, 640",-3.742732,-38.474844,ETUFOR,2022,EPSG: 31984 (SIRGAS 2000 - UTM 24S); Codificação: UTF-8
vw_PontosdeOnibus.fid-5b41923a_19c3ec54e70_112a,3625,POINT (-38.540649 -3.736115),6387,"RUA PADRE MORORÓ, 2250",-3.736115,-38.540649,ETUFOR,2022,EPSG: 31984 (SIRGAS 2000 - UTM 24S); Codificação: UTF-8
vw_PontosdeOnibus.fid-5b41923a_19c3ec54e70_112b,3626,POINT (-38.482009 -3.837797),6388,"RUA GURGEL DO AMARAL, S/N",-3.837797,-38.482009,ETUFOR,2022,EPSG: 31984 (SIRGAS 2000 - UTM 24S); Codificação: UTF-8
vw_PontosdeOnibus.fid-5b41923a_19c3ec54e70_112c,3627,POINT (-38.577322 -3.798612),6389,"RUA DELTA, 1186",-3.798612,-38.577322,ETUFOR,2022,EPSG: 31984 (SIRGAS 2000 - UTM 24S); Codificação: UTF-8
vw_PontosdeOnibus.fid-5b41923a_19c3ec54e70_112d,3628,POINT (-38.483014 -3.79593),639,"AVENIDA OLIVEIRA PAIVA, 2601",-3.79593,-38.483014,ETUFOR,2022,EPSG: 31984 (SIRGAS 2000 - UTM 24S); Codificação: UTF-8
vw_PontosdeOnibus.fid-5b41923a_19c3ec54e70_112e,3629,POINT (-38.548321 -3.826718),6393,"AVENIDA SAPUCAIA(Cidade Jardim), S/N",-3.826718,-38.548321,ETUFOR,2022,EPSG: 31984 (SIRGAS 2000 - UTM 24S); Codificação: UTF-8
vw_PontosdeOnibus.fid-5b41923a_19c3ec54e70_112f,3630,POINT (-38.487049 -3.763496),6394,"RUA FIRMINO ROCHA AGUIAR, SN",-3.763496,-38.487049,ETUFOR,2022,EPSG: 31984 (SIRGAS 2000 - UTM 24S); Codificação: UTF-8
vw_PontosdeOnibus.fid-5b41923a_19c3ec54e70_1130,3631,POINT (-38.51446 -3.866139),6399,"RODOVIA ANEL VIÁRIO, 2091",-3.866139,-38.51446,ETUFOR,2022,EPSG: 31984 (SIRGAS 2000 - UTM 24S); Codificação: UTF-8
vw_PontosdeOnibus.fid-5b41923a_19c3ec54e70_1131,3632,POINT (-38.573181 -3.706629),64,"AVENIDA PRS CASTELO BRANCO, 4577",-3.706629,-38.573181,ETUFOR,2022,EPSG: 31984 (SIRGAS 2000 - UTM 24S); Codificação: UTF-8
vw_PontosdeOnibus.fid-5b41923a_19c3ec54e70_1132,3633,POINT (-38.486458 -3.796342),640,"AVENIDA OLIVEIRA PAIVA, 2355",-3.796342,-38.486458,ETUFOR,2022,EPSG: 31984 (SIRGAS 2000 - UTM 24S); Codificação: UTF-8
vw_PontosdeOnibus.fid-5b41923a_19c3ec54e70_1133,3634,POINT (-38.552754 -3.846955),6400,"RUA Arterial Cidade Jardim II, SN",-3.846955,-38.552754,ETUFOR,2022,EPSG: 31984 (SIRGAS 2000 - UTM 24S); Codificação: UTF-8
vw_PontosdeOnibus.fid-5b41923a_19c3ec54e70_1134,3635,POINT (-38.529489 -3.722467),6402,"RUA GAL SAMPAIO, SN",-3.722467,-38.529489,ETUFOR,2022,EPSG: 31984 (SIRGAS 2000 - UTM 24S); Codificação: UTF-8
vw_PontosdeOnibus.fid-5b41923a_19c3ec54e70_1135,3636,POINT (-38.517013 -3.847895),6403,"RUA 5, 126",-3.847895,-38.517013,ETUFOR,2022,EPSG: 31984 (SIRGAS 2000 - UTM 24S); Codificação: UTF-8
vw_PontosdeOnibus.fid-5b41923a_19c3ec54e70_1136,3637,POINT (-38.481896 -3.782685),6404,"ANTONIO FORTES, SN",-3.782685,-38.481896,ETUFOR,2022,EPSG: 31984 (SIRGAS 2000 - UTM 24S); Codificação: UTF-8
vw_PontosdeOnibus.fid-5b41923a_19c3ec54e70_1137,3638,POINT (-38.502458 -3.831156),6405,"PRAÇA TERMINAL MESSEJANA, SN",-3.831156,-38.502458,ETUFOR,2022,EPSG: 31984 (SIRGAS 2000 - UTM 24S); Codificação: UTF-8
vw_PontosdeOnibus.fid-5b41923a_19c3ec54e70_1138,3639,POINT (-38.563605 -3.765648),6406,"AVENIDA CARNEIRO DE MENDONCA, S/N",-3.765648,-38.563605,ETUFOR,2022,EPSG: 31984 (SIRGAS 2000 - UTM 24S); Codificação: UTF-8
vw_PontosdeOnibus.fid-5b41923a_19c3ec54e70_1139,3640,POINT (-38.609342 -3.790622),6409,"RUA CEL VIRGILIO N PAES, 781",-3.790622,-38.609342,ETUFOR,2022,EPSG: 31984 (SIRGAS 2000 - UTM 24S); Codificação: UTF-8
vw_PontosdeOnibus.fid-5b41923a_19c3ec54e70_113a,3641,POINT (-38.487867 -3.796169),641,"AVENIDA OLIVEIRA PAIVA, 2127",-3.796169,-38.487867,ETUFOR,2022,EPSG: 31984 (SIRGAS 2000 - UTM 24S); Codificação: UTF-8
vw_PontosdeOnibus.fid-5b41923a_19c3ec54e70_113b,3642,POINT (-38.624099 -3.791895),6412,"RUA SANTA RITA, S/N",-3.791895,-38.624099,ETUFOR,2022,EPSG: 31984 (SIRGAS 2000 - UTM 24S); Codificação: UTF-8
vw_PontosdeOnibus.fid-5b41923a_19c3ec54e70_113c,3643,POINT (-38.486316 -3.763333),6414,"RUA FIRMINO ROCHA AGUIAR, S/N",-3.763333,-38.486316,ETUFOR,2022,EPSG: 31984 (SIRGAS 2000 - UTM 24S); Codificação: UTF-8
vw_PontosdeOnibus.fid-5b41923a_19c3ec54e70_113d,3644,POINT (-38.588661 -3.810518),6415,"RUA DIONISIO SERQUEIRA, 304",-3.810518,-38.588661,ETUFOR,2022,EPSG: 31984 (SIRGAS 2000 - UTM 24S); Codificação: UTF-8
vw_PontosdeOnibus.fid-5b41923a_19c3ec54e70_113e,3645,POINT (-38.55179 -3.840985),6417,"AVENIDA EÇA DE QUEIROZ, 16",-3.840985,-38.55179,ETUFOR,2022,EPSG: 31984 (SIRGAS 2000 - UTM 24S); Codificação: UTF-8
vw_PontosdeOnibus.fid-5b41923a_19c3ec54e70_113f,3646,POINT (-38.552067 -3.843254),6419,"AVENIDA 16, S/N",-3.843254,-38.552067,ETUFOR,2022,EPSG: 31984 (SIRGAS 2000 - UTM 24S); Codificação: UTF-8
vw_PontosdeOnibus.fid-5b41923a_19c3ec54e70_1140,3647,POINT (-38.488505 -3.796191),642,"AVENIDA OLIVEIRA PAIVA, 1976",-3.796191,-38.488505,ETUFOR,2022,EPSG: 31984 (SIRGAS 2000 - UTM 24S); Codificação: UTF-8
vw_PontosdeOnibus.fid-5b41923a_19c3ec54e70_1141,3648,POINT (-38.554732 -3.846642),6422,"AVENIDA FRANZ CAFTA, S/N",-3.846642,-38.554732,ETUFOR,2022,EPSG: 31984 (SIRGAS 2000 - UTM 24S); Codificação: UTF-8
vw_PontosdeOnibus.fid-5b41923a_19c3ec54e70_1142,3649,POINT (-38.552803 -3.839714),6423,"AVENIDA G, S/N",-3.839714,-38.552803,ETUFOR,2022,EPSG: 31984 (SIRGAS 2000 - UTM 24S); Codificação: UTF-8
vw_PontosdeOnibus.fid-5b41923a_19c3ec54e70_1143,3650,POINT (-38.554018 -3.839346),6424,"AVENIDA G, 320",-3.839346,-38.554018,ETUFOR,2022,EPSG: 31984 (SIRGAS 2000 - UTM 24S); Codificação: UTF-8
vw_PontosdeOnibus.fid-5b41923a_19c3ec54e70_1144,3651,POINT (-38.510496 -3.746681),6425,"AVENIDA BARÃO DE STUDART, 2626",-3.746681,-38.510496,ETUFOR,2022,EPSG: 31984 (SIRGAS 2000 - UTM 24S); Codificação: UTF-8
vw_PontosdeOnibus.fid-5b41923a_19c3ec54e70_1145,3652,POINT (-38.516101 -3.774053),6427,"RODOVIA BR 116, 5989",-3.774053,-38.516101,ETUFOR,2022,EPSG: 31984 (SIRGAS 2000 - UTM 24S); Codificação: UTF-8
vw_PontosdeOnibus.fid-5b41923a_19c3ec54e70_1146,3653,POINT (-38.512586 -3.769569),6429,"RUA MAJOR GERARDO MENDES, 832",-3.769569,-38.512586,ETUFOR,2022,EPSG: 31984 (SIRGAS 2000 - UTM 24S); Codificação: UTF-8
vw_PontosdeOnibus.fid-5b41923a_19c3ec54e70_1147,3654,POINT (-38.488153 -3.796591),643,"RUA JOSE FURTADO, 1500",-3.796591,-38.488153,ETUFOR,2022,EPSG: 31984 (SIRGAS 2000 - UTM 24S); Codificação: UTF-8
vw_PontosdeOnibus.fid-5b41923a_19c3ec54e70_1148,3655,POINT (-38.517351 -3.768739),6430,"RODOVIA BR 116, 5823",-3.768739,-38.517351,ETUFOR,2022,EPSG: 31984 (SIRGAS 2000 - UTM 24S); Codificação: UTF-8
vw_PontosdeOnibus.fid-5b41923a_19c3ec54e70_1149,3656,POINT (-38.517592 -3.768823),6431,"RODOVIA BR 116, 5823",-3.768823,-38.517592,ETUFOR,2022,EPSG: 31984 (SIRGAS 2000 - UTM 24S); Codificação: UTF-8
vw_PontosdeOnibus.fid-5b41923a_19c3ec54e70_114a,3657,POINT (-38.532571 -3.772462),6432,"AVENIDA LAURO VIÊIRA CHAVES, 811",-3.772462,-38.532571,ETUFOR,2022,EPSG: 31984 (SIRGAS 2000 - UTM 24S); Codificação: UTF-8
vw_PontosdeOnibus.fid-5b41923a_19c3ec54e70_114b,3658,POINT (-38.573079 -3.71746),6433,"RUA DONA MENDINHA, 1562",-3.71746,-38.573079,ETUFOR,2022,EPSG: 31984 (SIRGAS 2000 - UTM 24S); Codificação: UTF-8
vw_PontosdeOnibus.fid-5b41923a_19c3ec54e70_114c,3659,POINT (-38.571786 -3.719033),6434,"RUA TEODORO DE CASTRO, 4302",-3.719033,-38.571786,ETUFOR,2022,EPSG: 31984 (SIRGAS 2000 - UTM 24S); Codificação: UTF-8
vw_PontosdeOnibus.fid-5b41923a_19c3ec54e70_114d,3660,POINT (-38.59513 -3.738771),6437,"RUA SÃO VICENTE DE PAULA, 49",-3.738771,-38.59513,ETUFOR,2022,EPSG: 31984 (SIRGAS 2000 - UTM 24S); Codificação: UTF-8
vw_PontosdeOnibus.fid-5b41923a_19c3ec54e70_114e,3661,POINT (-38.593852 -3.750031),6438,"RUA AZEVEDO BARRETO, 127",-3.750031,-38.593852,ETUFOR,2022,EPSG: 31984 (SIRGAS 2000 - UTM 24S); Codificação: UTF-8
vw_PontosdeOnibus.fid-5b41923a_19c3ec54e70_114f,3662,POINT (-38.593872 -3.750026),6439,"RUA AZEVEDO BARRETO, 127",-3.750026,-38.593872,ETUFOR,2022,EPSG: 31984 (SIRGAS 2000 - UTM 24S); Codificação: UTF-8
vw_PontosdeOnibus.fid-5b41923a_19c3ec54e70_1150,3663,POINT (-38.586545 -3.696938),6440,"AVENIDA JOSÉ LIMA VERDE, 467",-3.696938,-38.586545,ETUFOR,2022,EPSG: 31984 (SIRGAS 2000 - UTM 24S); Codificação: UTF-8
vw_PontosdeOnibus.fid-5b41923a_19c3ec54e70_1151,3664,POINT (-38.521214 -3.826915),6442,"AVENIDA POMPÍLIO GOMES, 1755",-3.826915,-38.521214,ETUFOR,2022,EPSG: 31984 (SIRGAS 2000 - UTM 24S); Codificação: UTF-8
vw_PontosdeOnibus.fid-5b41923a_19c3ec54e70_1152,3665,POINT (-38.518374 -3.823948),6443,"RUA 5 RESID NOVA ASSUNÇÃO, 350",-3.823948,-38.518374,ETUFOR,2022,EPSG: 31984 (SIRGAS 2000 - UTM 24S); Codificação: UTF-8
vw_PontosdeOnibus.fid-5b41923a_19c3ec54e70_1153,3666,POINT (-38.518265 -3.825273),6444,"RUA 10 CJ NOVA ASSUNÇÃO, S/Nº",-3.825273,-38.518265,ETUFOR,2022,EPSG: 31984 (SIRGAS 2000 - UTM 24S); Codificação: UTF-8
vw_PontosdeOnibus.fid-5b41923a_19c3ec54e70_1154,3667,POINT (-38.51824 -3.828183),6445,"AVENIDA JORNALISTA TOMAZ COELHO, 2650",-3.828183,-38.51824,ETUFOR,2022,EPSG: 31984 (SIRGAS 2000 - UTM 24S); Codificação: UTF-8
vw_PontosdeOnibus.fid-5b41923a_19c3ec54e70_1155,3668,POINT (-38.507985 -3.82962),6446,"RUA FRANCISCO NEPOMUCENO, S/Nº",-3.82962,-38.507985,ETUFOR,2022,EPSG: 31984 (SIRGAS 2000 - UTM 24S); Codificação: UTF-8
vw_PontosdeOnibus.fid-5b41923a_19c3ec54e70_1156,3669,POINT (-38.510998 -3.812044),6447,"RUA JORNALISTA ANTÔNIO PONTES TAVARES, 1220",-3.812044,-38.510998,ETUFOR,2022,EPSG: 31984 (SIRGAS 2000 - UTM 24S); Codificação: UTF-8
vw_PontosdeOnibus.fid-5b41923a_19c3ec54e70_1157,3670,POINT (-38.509528 -3.812731),6448,"RUA JORNALISTA ANTÔNIO PONTES TAVARES, 1108",-3.812731,-38.509528,ETUFOR,2022,EPSG: 31984 (SIRGAS 2000 - UTM 24S); Codificação: UTF-8
vw_PontosdeOnibus.fid-5b41923a_19c3ec54e70_1158,3671,POINT (-38.536512 -3.738107),6449,"AVENIDA DA UNIVERSIDADE, 2385",-3.738107,-38.536512,ETUFOR,2022,EPSG: 31984 (SIRGAS 2000 - UTM 24S); Codificação: UTF-8
vw_PontosdeOnibus.fid-5b41923a_19c3ec54e70_1159,3672,POINT (-38.575909 -3.818599),645,"AVENIDA GODOFREDO MACIEL, SN",-3.818599,-38.575909,ETUFOR,2022,EPSG: 31984 (SIRGAS 2000 - UTM 24S); Codificação: UTF-8
vw_PontosdeOnibus.fid-5b41923a_19c3ec54e70_115a,3673,POINT (-38.540491 -3.73787),6450,"RUA JUVENAL GALENO, 702",-3.73787,-38.540491,ETUFOR,2022,EPSG: 31984 (SIRGAS 2000 - UTM 24S); Codificação: UTF-8
vw_PontosdeOnibus.fid-5b41923a_19c3ec54e70_115b,3674,POINT (-38.518988 -3.798425),6451,"AVENIDA ALBERTO CRAVEIRO, 2222",-3.798425,-38.518988,ETUFOR,2022,EPSG: 31984 (SIRGAS 2000 - UTM 24S); Codificação: UTF-8
vw_PontosdeOnibus.fid-5b41923a_19c3ec54e70_115c,3675,POINT (-38.517016 -3.795412),6456,"RUA PAULA FRANCINETE, 489",-3.795412,-38.517016,ETUFOR,2022,EPSG: 31984 (SIRGAS 2000 - UTM 24S); Codificação: UTF-8
vw_PontosdeOnibus.fid-5b41923a_19c3ec54e70_115d,3676,POINT (-38.516712 -3.793248),6457,"RUA CONDE JANUÁRIO, 495",-3.793248,-38.516712,ETUFOR,2022,EPSG: 31984 (SIRGAS 2000 - UTM 24S); Codificação: UTF-8
vw_PontosdeOnibus.fid-5b41923a_19c3ec54e70_115e,3677,POINT (-38.51844 -3.807982),6458,"RUA JOSÉ DA FRANÇA CABRAL, S/Nº",-3.807982,-38.51844,ETUFOR,2022,EPSG: 31984 (SIRGAS 2000 - UTM 24S); Codificação: UTF-8
vw_PontosdeOnibus.fid-5b41923a_19c3ec54e70_115f,3678,POINT (-38.518441 -3.807987),6459,"RUA JOSÉ DA FRANÇA CABRAL, 817",-3.807987,-38.518441,ETUFOR,2022,EPSG: 31984 (SIRGAS 2000 - UTM 24S); Codificação: UTF-8
vw_PontosdeOnibus.fid-5b41923a_19c3ec54e70_1160,3679,POINT (-38.577215 -3.819707),646,"AVENIDA GODOFREDO MACIEL, 5075",-3.819707,-38.577215,ETUFOR,2022,EPSG: 31984 (SIRGAS 2000 - UTM 24S); Codificação: UTF-8
vw_PontosdeOnibus.fid-5b41923a_19c3ec54e70_1161,3680,POINT (-38.598463 -3.793623),6460,"RUA RAIMUNDO PINHEIRO, 961",-3.793623,-38.598463,ETUFOR,2022,EPSG: 31984 (SIRGAS 2000 - UTM 24S); Codificação: UTF-8
vw_PontosdeOnibus.fid-5b41923a_19c3ec54e70_1162,3681,POINT (-38.597987 -3.792041),6461,"RUA RAIMUNDO PINHEIRO, 805",-3.792041,-38.597987,ETUFOR,2022,EPSG: 31984 (SIRGAS 2000 - UTM 24S); Codificação: UTF-8
vw_PontosdeOnibus.fid-5b41923a_19c3ec54e70_1163,3682,POINT (-38.594508 -3.792447),6462,"RUA VICENTE PINHEIRO, 772",-3.792447,-38.594508,ETUFOR,2022,EPSG: 31984 (SIRGAS 2000 - UTM 24S); Codificação: UTF-8
vw_PontosdeOnibus.fid-5b41923a_19c3ec54e70_1164,3683,POINT (-38.594529 -3.792507),6463,"RUA VICENTE PINHEIRO, 773",-3.792507,-38.594529,ETUFOR,2022,EPSG: 31984 (SIRGAS 2000 - UTM 24S); Codificação: UTF-8
vw_PontosdeOnibus.fid-5b41923a_19c3ec54e70_1165,3684,POINT (-38.594062 -3.791024),6464,"RUA VICENTE PINHEIRO, 508",-3.791024,-38.594062,ETUFOR,2022,EPSG: 31984 (SIRGAS 2000 - UTM 24S); Codificação: UTF-8
vw_PontosdeOnibus.fid-5b41923a_19c3ec54e70_1166,3685,POINT (-38.573122 -3.819628),647,"RUA 2, 49",-3.819628,-38.573122,ETUFOR,2022,EPSG: 31984 (SIRGAS 2000 - UTM 24S); Codificação: UTF-8
vw_PontosdeOnibus.fid-5b41923a_19c3ec54e70_1167,3686,POINT (-38.60868 -3.824699),6470,"RUA MARTINS DE LIMA, S/Nº",-3.824699,-38.60868,ETUFOR,2022,EPSG: 31984 (SIRGAS 2000 - UTM 24S); Codificação: UTF-8
vw_PontosdeOnibus.fid-5b41923a_19c3ec54e70_1168,3687,POINT (-38.61146 -3.826054),6471,"TRAVESSA QUINZE, 1220",-3.826054,-38.61146,ETUFOR,2022,EPSG: 31984 (SIRGAS 2000 - UTM 24S); Codificação: UTF-8
vw_PontosdeOnibus.fid-5b41923a_19c3ec54e70_1169,3688,POINT (-38.610042 -3.829559),6472,"RUA PRETÓRIO, 1794",-3.829559,-38.610042,ETUFOR,2022,EPSG: 31984 (SIRGAS 2000 - UTM 24S); Codificação: UTF-8
vw_PontosdeOnibus.fid-5b41923a_19c3ec54e70_116a,3689,POINT (-38.572341 -3.819211),648,"RUA 3 CJ PEQ MONDUBIM, 124",-3.819211,-38.572341,ETUFOR,2022,EPSG: 31984 (SIRGAS 2000 - UTM 24S); Codificação: UTF-8
vw_PontosdeOnibus.fid-5b41923a_19c3ec54e70_116b,3690,POINT (-38.606994 -3.82555),6482,"RUA MARTINS DE LIMA, 1623",-3.82555,-38.606994,ETUFOR,2022,EPSG: 31984 (SIRGAS 2000 - UTM 24S); Codificação: UTF-8
vw_PontosdeOnibus.fid-5b41923a_19c3ec54e70_116c,3691,POINT (-38.606072 -3.825274),6483,"RUA CÔNEGO DE CASTRO, 9458",-3.825274,-38.606072,ETUFOR,2022,EPSG: 31984 (SIRGAS 2000 - UTM 24S); Codificação: UTF-8
vw_PontosdeOnibus.fid-5b41923a_19c3ec54e70_116d,3692,POINT (-38.603964 -3.821381),6484,"RUA CÔNEGO DE CASTRO, 8727",-3.821381,-38.603964,ETUFOR,2022,EPSG: 31984 (SIRGAS 2000 - UTM 24S); Codificação: UTF-8
vw_PontosdeOnibus.fid-5b41923a_19c3ec54e70_116e,3693,POINT (-38.605399 -3.823911),6485,"RUA CÔNEGO DE CASTRO, 9430",-3.823911,-38.605399,ETUFOR,2022,EPSG: 31984 (SIRGAS 2000 - UTM 24S); Codificação: UTF-8
vw_PontosdeOnibus.fid-5b41923a_19c3ec54e70_116f,3694,POINT (-38.603654 -3.82066),6486,"RUA CÔNEGO DE CASTRO, 8612",-3.82066,-38.603654,ETUFOR,2022,EPSG: 31984 (SIRGAS 2000 - UTM 24S); Codificação: UTF-8
vw_PontosdeOnibus.fid-5b41923a_19c3ec54e70_1170,3695,POINT (-38.601075 -3.817667),6487,"RUA CÔNEGO DE CASTRO, S/Nº",-3.817667,-38.601075,ETUFOR,2022,EPSG: 31984 (SIRGAS 2000 - UTM 24S); Codificação: UTF-8
vw_PontosdeOnibus.fid-5b41923a_19c3ec54e70_1171,3696,POINT (-38.598148 -3.806856),6488,"RUA RAIMUNDO MARQUES, 1010",-3.806856,-38.598148,ETUFOR,2022,EPSG: 31984 (SIRGAS 2000 - UTM 24S); Codificação: UTF-8
vw_PontosdeOnibus.fid-5b41923a_19c3ec54e70_1172,3697,POINT (-38.526237 -3.720863),6489,"RUA ADOLFO CAMINHA, S/Nº",-3.720863,-38.526237,ETUFOR,2022,EPSG: 31984 (SIRGAS 2000 - UTM 24S); Codificação: UTF-8
vw_PontosdeOnibus.fid-5b41923a_19c3ec54e70_1173,3698,POINT (-38.578577 -3.823823),649,"AVENIDA GODOFREDO MACIEL, 5696",-3.823823,-38.578577,ETUFOR,2022,EPSG: 31984 (SIRGAS 2000 - UTM 24S); Codificação: UTF-8
vw_PontosdeOnibus.fid-5b41923a_19c3ec54e70_1174,3699,POINT (-38.522823 -3.726711),6491,"RUA COSTA BARROS, 109",-3.726711,-38.522823,ETUFOR,2022,EPSG: 31984 (SIRGAS 2000 - UTM 24S); Codificação: UTF-8
vw_PontosdeOnibus.fid-5b41923a_19c3ec54e70_1175,3700,POINT (-38.524489 -3.725186),6492,"RUA SOBRAL, 72",-3.725186,-38.524489,ETUFOR,2022,EPSG: 31984 (SIRGAS 2000 - UTM 24S); Codificação: UTF-8
vw_PontosdeOnibus.fid-5b41923a_19c3ec54e70_1176,3701,POINT (-38.540321 -3.723708),6493,"RUA OTO DE ALENCAR, 171",-3.723708,-38.540321,ETUFOR,2022,EPSG: 31984 (SIRGAS 2000 - UTM 24S); Codificação: UTF-8
vw_PontosdeOnibus.fid-5b41923a_19c3ec54e70_1177,3702,POINT (-38.536021 -3.728403),6494,"RUA PRINCESA ISABEL, 855",-3.728403,-38.536021,ETUFOR,2022,EPSG: 31984 (SIRGAS 2000 - UTM 24S); Codificação: UTF-8
vw_PontosdeOnibus.fid-5b41923a_19c3ec54e70_1178,3703,POINT (-38.471328 -3.754183),6495,"AVENIDA DAS ADENANTERAS, 563",-3.754183,-38.471328,ETUFOR,2022,EPSG: 31984 (SIRGAS 2000 - UTM 24S); Codificação: UTF-8
vw_PontosdeOnibus.fid-5b41923a_19c3ec54e70_1179,3704,POINT (-38.480923 -3.844859),6496,"ESTRADA BARÃO DE AQUIRAZ, 2225",-3.844859,-38.480923,ETUFOR,2022,EPSG: 31984 (SIRGAS 2000 - UTM 24S); Codificação: UTF-8
vw_PontosdeOnibus.fid-5b41923a_19c3ec54e70_117a,3705,POINT (-38.482929 -3.843011),6497,"ESTRADA BARÃO DE AQUIRAZ, 1800",-3.843011,-38.482929,ETUFOR,2022,EPSG: 31984 (SIRGAS 2000 - UTM 24S); Codificação: UTF-8
vw_PontosdeOnibus.fid-5b41923a_19c3ec54e70_117b,3706,POINT (-38.483373 -3.842543),6498,"ESTRADA BARÃO DE AQUIRAZ, 1778",-3.842543,-38.483373,ETUFOR,2022,EPSG: 31984 (SIRGAS 2000 - UTM 24S); Codificação: UTF-8
vw_PontosdeOnibus.fid-5b41923a_19c3ec54e70_117c,3707,POINT (-38.489245 -3.745939),6499,"AVENIDA ENGENHEIRO SANTANA JÚNIOR, 2804",-3.745939,-38.489245,ETUFOR,2022,EPSG: 31984 (SIRGAS 2000 - UTM 24S); Codificação: UTF-8
vw_PontosdeOnibus.fid-5b41923a_19c3ec54e70_117d,3708,POINT (-38.573371 -3.706396),65,"AVENIDA PRS CASTELO BRANCO, 4688",-3.706396,-38.573371,ETUFOR,2022,EPSG: 31984 (SIRGAS 2000 - UTM 24S); Codificação: UTF-8
vw_PontosdeOnibus.fid-5b41923a_19c3ec54e70_117e,3709,POINT (-38.575807 -3.825386),650,"RUA ARTUR DE SOUZA, 1551",-3.825386,-38.575807,ETUFOR,2022,EPSG: 31984 (SIRGAS 2000 - UTM 24S); Codificação: UTF-8
vw_PontosdeOnibus.fid-5b41923a_19c3ec54e70_117f,3710,POINT (-38.489432 -3.746247),6501,"AVENIDA ENGENHEIRO SANTANA JÚNIOR, 2828",-3.746247,-38.489432,ETUFOR,2022,EPSG: 31984 (SIRGAS 2000 - UTM 24S); Codificação: UTF-8
vw_PontosdeOnibus.fid-5b41923a_19c3ec54e70_1180,3711,POINT (-38.474635 -3.74566),6502,"RUA DR. GILBERTO STUDART, 1520",-3.74566,-38.474635,ETUFOR,2022,EPSG: 31984 (SIRGAS 2000 - UTM 24S); Codificação: UTF-8
vw_PontosdeOnibus.fid-5b41923a_19c3ec54e70_1181,3712,POINT (-38.589921 -3.817788),6503,"AVENIDA CONTORNO SUL, 333",-3.817788,-38.589921,ETUFOR,2022,EPSG: 31984 (SIRGAS 2000 - UTM 24S); Codificação: UTF-8
vw_PontosdeOnibus.fid-5b41923a_19c3ec54e70_1182,3713,POINT (-38.589391 -3.811904),6504,"AVENIDA CONTORNO NORTE, 1393",-3.811904,-38.589391,ETUFOR,2022,EPSG: 31984 (SIRGAS 2000 - UTM 24S); Codificação: UTF-8
vw_PontosdeOnibus.fid-5b41923a_19c3ec54e70_1183,3714,POINT (-38.522741 -3.844999),6505,"RUA DIADEMA, 111",-3.844999,-38.522741,ETUFOR,2022,EPSG: 31984 (SIRGAS 2000 - UTM 24S); Codificação: UTF-8
vw_PontosdeOnibus.fid-5b41923a_19c3ec54e70_1184,3715,POINT (-38.50779 -3.850487),6506,"AVENIDA VALPARAÍSO, 346",-3.850487,-38.50779,ETUFOR,2022,EPSG: 31984 (SIRGAS 2000 - UTM 24S); Codificação: UTF-8
vw_PontosdeOnibus.fid-5b41923a_19c3ec54e70_1185,3716,POINT (-38.528248 -3.838116),6507,"RUA SANTO DIAS, 195",-3.838116,-38.528248,ETUFOR,2022,EPSG: 31984 (SIRGAS 2000 - UTM 24S); Codificação: UTF-8
vw_PontosdeOnibus.fid-5b41923a_19c3ec54e70_1186,3717,POINT (-38.529341 -3.837849),6508,"RUA SÃO LUIZ, 194",-3.837849,-38.529341,ETUFOR,2022,EPSG: 31984 (SIRGAS 2000 - UTM 24S); Codificação: UTF-8
vw_PontosdeOnibus.fid-5b41923a_19c3ec54e70_1187,3718,POINT (-38.529822 -3.839181),6509,"RUA SAQUAREMA, 970",-3.839181,-38.529822,ETUFOR,2022,EPSG: 31984 (SIRGAS 2000 - UTM 24S); Codificação: UTF-8
vw_PontosdeOnibus.fid-5b41923a_19c3ec54e70_1188,3719,POINT (-38.573577 -3.826922),651,"RUA ARTUR DE SOUZA, 895",-3.826922,-38.573577,ETUFOR,2022,EPSG: 31984 (SIRGAS 2000 - UTM 24S); Codificação: UTF-8
vw_PontosdeOnibus.fid-5b41923a_19c3ec54e70_1189,3720,POINT (-38.527761 -3.836654),6510,"RUA SÃO LUIZ, 90",-3.836654,-38.527761,ETUFOR,2022,EPSG: 31984 (SIRGAS 2000 - UTM 24S); Codificação: UTF-8
vw_PontosdeOnibus.fid-5b41923a_19c3ec54e70_118a,3721,POINT (-38.56763 -3.703115),6511,"RUA SANTA ELISA, 1565",-3.703115,-38.56763,ETUFOR,2022,EPSG: 31984 (SIRGAS 2000 - UTM 24S); Codificação: UTF-8
vw_PontosdeOnibus.fid-5b41923a_19c3ec54e70_118b,3722,POINT (-38.56757 -3.703142),6512,"RUA SANTA ELISA, 1557",-3.703142,-38.56757,ETUFOR,2022,EPSG: 31984 (SIRGAS 2000 - UTM 24S); Codificação: UTF-8
vw_PontosdeOnibus.fid-5b41923a_19c3ec54e70_118c,3723,POINT (-38.565253 -3.704238),6513,"RUA SANTA ELISA, 1321",-3.704238,-38.565253,ETUFOR,2022,EPSG: 31984 (SIRGAS 2000 - UTM 24S); Codificação: UTF-8
vw_PontosdeOnibus.fid-5b41923a_19c3ec54e70_118d,3724,POINT (-38.563344 -3.705055),6514,"RUA SANTA ELISA, 1093",-3.705055,-38.563344,ETUFOR,2022,EPSG: 31984 (SIRGAS 2000 - UTM 24S); Codificação: UTF-8
vw_PontosdeOnibus.fid-5b41923a_19c3ec54e70_118e,3725,POINT (-38.563338 -3.705057),6515,"RUA SANTA ELISA, 1085",-3.705057,-38.563338,ETUFOR,2022,EPSG: 31984 (SIRGAS 2000 - UTM 24S); Codificação: UTF-8
vw_PontosdeOnibus.fid-5b41923a_19c3ec54e70_118f,3726,POINT (-38.569641 -3.761689),6516,"RUA RIO GRANDE DO SUL, 1570",-3.761689,-38.569641,ETUFOR,2022,EPSG: 31984 (SIRGAS 2000 - UTM 24S); Codificação: UTF-8
vw_PontosdeOnibus.fid-5b41923a_19c3ec54e70_1190,3727,POINT (-38.569904 -3.760891),6517,"RUA SANTA CATARINA, 1233",-3.760891,-38.569904,ETUFOR,2022,EPSG: 31984 (SIRGAS 2000 - UTM 24S); Codificação: UTF-8
vw_PontosdeOnibus.fid-5b41923a_19c3ec54e70_1191,3728,POINT (-38.569008 -3.759516),6518,"RUA SANTA CATARINA, 1041",-3.759516,-38.569008,ETUFOR,2022,EPSG: 31984 (SIRGAS 2000 - UTM 24S); Codificação: UTF-8
vw_PontosdeOnibus.fid-5b41923a_19c3ec54e70_1192,3729,POINT (-38.568207 -3.758304),6519,"RUA SANTA CATARINA, 901",-3.758304,-38.568207,ETUFOR,2022,EPSG: 31984 (SIRGAS 2000 - UTM 24S); Codificação: UTF-8
vw_PontosdeOnibus.fid-5b41923a_19c3ec54e70_1193,3730,POINT (-38.569515 -3.82615),652,"AVENIDA 1 LOT ARVOREDO, 1233",-3.82615,-38.569515,ETUFOR,2022,EPSG: 31984 (SIRGAS 2000 - UTM 24S); Codificação: UTF-8
vw_PontosdeOnibus.fid-5b41923a_19c3ec54e70_1194,3731,POINT (-38.56992 -3.758349),6520,"RUA GUANABARA, 780",-3.758349,-38.56992,ETUFOR,2022,EPSG: 31984 (SIRGAS 2000 - UTM 24S); Codificação: UTF-8
vw_PontosdeOnibus.fid-5b41923a_19c3ec54e70_1195,3732,POINT (-38.572112 -3.760526),6521,"RUA ESTADO DO RIO, 1150",-3.760526,-38.572112,ETUFOR,2022,EPSG: 31984 (SIRGAS 2000 - UTM 24S); Codificação: UTF-8
vw_PontosdeOnibus.fid-5b41923a_19c3ec54e70_1196,3733,POINT (-38.570508 -3.757936),6522,"RUA ESTADO DO RIO, 791",-3.757936,-38.570508,ETUFOR,2022,EPSG: 31984 (SIRGAS 2000 - UTM 24S); Codificação: UTF-8
vw_PontosdeOnibus.fid-5b41923a_19c3ec54e70_1197,3734,POINT (-38.566345 -3.759384),6523,"RUA RIO GRANDE DO NORTE, 1026",-3.759384,-38.566345,ETUFOR,2022,EPSG: 31984 (SIRGAS 2000 - UTM 24S); Codificação: UTF-8
vw_PontosdeOnibus.fid-5b41923a_19c3ec54e70_1198,3735,POINT (-38.562788 -3.796823),6525,"RUA HOLANDA, S/Nº",-3.796823,-38.562788,ETUFOR,2022,EPSG: 31984 (SIRGAS 2000 - UTM 24S); Codificação: UTF-8
vw_PontosdeOnibus.fid-5b41923a_19c3ec54e70_1199,3736,POINT (-38.561357 -3.800323),6527,"RUA HOLANDA, 1000",-3.800323,-38.561357,ETUFOR,2022,EPSG: 31984 (SIRGAS 2000 - UTM 24S); Codificação: UTF-8
vw_PontosdeOnibus.fid-5b41923a_19c3ec54e70_119a,3737,POINT (-38.561192 -3.80054),6528,"RUA HOLANDA, 1000",-3.80054,-38.561192,ETUFOR,2022,EPSG: 31984 (SIRGAS 2000 - UTM 24S); Codificação: UTF-8
vw_PontosdeOnibus.fid-5b41923a_19c3ec54e70_119b,3738,POINT (-38.538165 -3.729029),6529,"AVENIDA DUQUE DE CAXIAS, 1584",-3.729029,-38.538165,ETUFOR,2022,EPSG: 31984 (SIRGAS 2000 - UTM 24S); Codificação: UTF-8
vw_PontosdeOnibus.fid-5b41923a_19c3ec54e70_119c,3739,POINT (-38.569664 -3.826305),653,"AVENIDA 1 LOT ARVOREDO, 1253",-3.826305,-38.569664,ETUFOR,2022,EPSG: 31984 (SIRGAS 2000 - UTM 24S); Codificação: UTF-8
vw_PontosdeOnibus.fid-5b41923a_19c3ec54e70_119d,3740,POINT (-38.484732 -3.835518),6530,"RUA I, 102",-3.835518,-38.484732,ETUFOR,2022,EPSG: 31984 (SIRGAS 2000 - UTM 24S); Codificação: UTF-8
vw_PontosdeOnibus.fid-5b41923a_19c3ec54e70_119e,3741,POINT (-38.520171 -3.786224),6531,"RUA PEDRO DANTAS, 307",-3.786224,-38.520171,ETUFOR,2022,EPSG: 31984 (SIRGAS 2000 - UTM 24S); Codificação: UTF-8
vw_PontosdeOnibus.fid-5b41923a_19c3ec54e70_119f,3742,POINT (-38.525222 -3.787078),6532,"RUA DO CAPRICHO, 554",-3.787078,-38.525222,ETUFOR,2022,EPSG: 31984 (SIRGAS 2000 - UTM 24S); Codificação: UTF-8
vw_PontosdeOnibus.fid-5b41923a_19c3ec54e70_11a0,3743,POINT (-38.471805 -3.7731),6535,"RUA D, 32",-3.7731,-38.471805,ETUFOR,2022,EPSG: 31984 (SIRGAS 2000 - UTM 24S); Codificação: UTF-8
vw_PontosdeOnibus.fid-5b41923a_19c3ec54e70_11a1,3744,POINT (-38.477046 -3.771454),6536,"RUA XIV JAO ESMEC, S/Nº",-3.771454,-38.477046,ETUFOR,2022,EPSG: 31984 (SIRGAS 2000 - UTM 24S); Codificação: UTF-8
vw_PontosdeOnibus.fid-5b41923a_19c3ec54e70_11a2,3745,POINT (-38.459434 -3.785515),6537,"RUA CORRÊA LIMA, 280",-3.785515,-38.459434,ETUFOR,2022,EPSG: 31984 (SIRGAS 2000 - UTM 24S); Codificação: UTF-8
vw_PontosdeOnibus.fid-5b41923a_19c3ec54e70_11a3,3746,POINT (-38.458021 -3.786438),6538,"RUA PAULO MARCELO, 2888",-3.786438,-38.458021,ETUFOR,2022,EPSG: 31984 (SIRGAS 2000 - UTM 24S); Codificação: UTF-8
vw_PontosdeOnibus.fid-5b41923a_19c3ec54e70_11a4,3747,POINT (-38.458246 -3.783804),6539,"RUA PAULO MARCELO, 2597",-3.783804,-38.458246,ETUFOR,2022,EPSG: 31984 (SIRGAS 2000 - UTM 24S); Codificação: UTF-8
vw_PontosdeOnibus.fid-5b41923a_19c3ec54e70_11a5,3748,POINT (-38.568131 -3.824712),654,"AVENIDA 1 LOT ARVOREDO, 920",-3.824712,-38.568131,ETUFOR,2022,EPSG: 31984 (SIRGAS 2000 - UTM 24S); Codificação: UTF-8
vw_PontosdeOnibus.fid-5b41923a_19c3ec54e70_11a6,3749,POINT (-38.447326 -3.793878),6540,"RUA SABIAGUABA, 3080",-3.793878,-38.447326,ETUFOR,2022,EPSG: 31984 (SIRGAS 2000 - UTM 24S); Codificação: UTF-8
vw_PontosdeOnibus.fid-5b41923a_19c3ec54e70_11a7,3750,POINT (-38.44732 -3.793877),6541,"RUA SABIAGUABA, 3080",-3.793877,-38.44732,ETUFOR,2022,EPSG: 31984 (SIRGAS 2000 - UTM 24S); Codificação: UTF-8
vw_PontosdeOnibus.fid-5b41923a_19c3ec54e70_11a8,3751,POINT (-38.436315 -3.781897),6542,"RODOVIA CE-010, S/Nº",-3.781897,-38.436315,ETUFOR,2022,EPSG: 31984 (SIRGAS 2000 - UTM 24S); Codificação: UTF-8
vw_PontosdeOnibus.fid-5b41923a_19c3ec54e70_11a9,3752,POINT (-38.433863 -3.778961),6543,"RUA DR. BERNARDO DE CASTRO FEITOSA, 775",-3.778961,-38.433863,ETUFOR,2022,EPSG: 31984 (SIRGAS 2000 - UTM 24S); Codificação: UTF-8
vw_PontosdeOnibus.fid-5b41923a_19c3ec54e70_11aa,3753,POINT (-38.496284 -3.772073),6544,"RUA JAIME LEONEL, 56",-3.772073,-38.496284,ETUFOR,2022,EPSG: 31984 (SIRGAS 2000 - UTM 24S); Codificação: UTF-8
vw_PontosdeOnibus.fid-5b41923a_19c3ec54e70_11ab,3754,POINT (-38.489581 -3.770381),6545,"AVENIDA ALM. MAXIMIANO DA FONSECA, S/Nº",-3.770381,-38.489581,ETUFOR,2022,EPSG: 31984 (SIRGAS 2000 - UTM 24S); Codificação: UTF-8
vw_PontosdeOnibus.fid-5b41923a_19c3ec54e70_11ac,3755,POINT (-38.577879 -3.713904),6546,"RUA GAL MÁRIO HERMES, S/Nº",-3.713904,-38.577879,ETUFOR,2022,EPSG: 31984 (SIRGAS 2000 - UTM 24S); Codificação: UTF-8
vw_PontosdeOnibus.fid-5b41923a_19c3ec54e70_11ad,3756,POINT (-38.575292 -3.714827),6547,"RUA GAL MÁRIO HERMES, 199",-3.714827,-38.575292,ETUFOR,2022,EPSG: 31984 (SIRGAS 2000 - UTM 24S); Codificação: UTF-8
vw_PontosdeOnibus.fid-5b41923a_19c3ec54e70_11ae,3757,POINT (-38.576863 -3.724394),6549,"TRAVESSA ALTENOR ALMEIDA, 26",-3.724394,-38.576863,ETUFOR,2022,EPSG: 31984 (SIRGAS 2000 - UTM 24S); Codificação: UTF-8
vw_PontosdeOnibus.fid-5b41923a_19c3ec54e70_11af,3758,POINT (-38.566133 -3.820544),655,"AVENIDA 1 LOT ARVOREDO, 380",-3.820544,-38.566133,ETUFOR,2022,EPSG: 31984 (SIRGAS 2000 - UTM 24S); Codificação: UTF-8
vw_PontosdeOnibus.fid-5b41923a_19c3ec54e70_11b0,3759,POINT (-38.572451 -3.721284),6550,"RUA LUIS GUIMARÃES, 642",-3.721284,-38.572451,ETUFOR,2022,EPSG: 31984 (SIRGAS 2000 - UTM 24S); Codificação: UTF-8
vw_PontosdeOnibus.fid-5b41923a_19c3ec54e70_11b1,3760,POINT (-38.62987 -3.785976),6551,"RUA C, 6136",-3.785976,-38.62987,ETUFOR,2022,EPSG: 31984 (SIRGAS 2000 - UTM 24S); Codificação: UTF-8
vw_PontosdeOnibus.fid-5b41923a_19c3ec54e70_11b2,3761,POINT (-38.629707 -3.785283),6552,"RUA C, 6218",-3.785283,-38.629707,ETUFOR,2022,EPSG: 31984 (SIRGAS 2000 - UTM 24S); Codificação: UTF-8
vw_PontosdeOnibus.fid-5b41923a_19c3ec54e70_11b3,3762,POINT (-38.627241 -3.787574),6553,"RUA A, 1280",-3.787574,-38.627241,ETUFOR,2022,EPSG: 31984 (SIRGAS 2000 - UTM 24S); Codificação: UTF-8
vw_PontosdeOnibus.fid-5b41923a_19c3ec54e70_11b4,3763,POINT (-38.62648 -3.784805),6554,"RUA A, S/Nº",-3.784805,-38.62648,ETUFOR,2022,EPSG: 31984 (SIRGAS 2000 - UTM 24S); Codificação: UTF-8
vw_PontosdeOnibus.fid-5b41923a_19c3ec54e70_11b5,3764,POINT (-38.622434 -3.784012),6555,"AVENIDA OSCAR ARARIPE, 3580",-3.784012,-38.622434,ETUFOR,2022,EPSG: 31984 (SIRGAS 2000 - UTM 24S); Codificação: UTF-8
vw_PontosdeOnibus.fid-5b41923a_19c3ec54e70_11b6,3765,POINT (-38.621934 -3.790115),6556,"RUA MARTINS CARVALHO, 3020",-3.790115,-38.621934,ETUFOR,2022,EPSG: 31984 (SIRGAS 2000 - UTM 24S); Codificação: UTF-8
vw_PontosdeOnibus.fid-5b41923a_19c3ec54e70_11b7,3766,POINT (-38.62024 -3.790761),6557,"RUA GUARAREMA, 1918",-3.790761,-38.62024,ETUFOR,2022,EPSG: 31984 (SIRGAS 2000 - UTM 24S); Codificação: UTF-8
vw_PontosdeOnibus.fid-5b41923a_19c3ec54e70_11b8,3767,POINT (-38.620227 -3.790716),6558,", 1918",-3.790716,-38.620227,ETUFOR,2022,EPSG: 31984 (SIRGAS 2000 - UTM 24S); Codificação: UTF-8
vw_PontosdeOnibus.fid-5b41923a_19c3ec54e70_11b9,3768,POINT (-38.619065 -3.791679),6559,"RUA MANUEL GALDINO, 2875",-3.791679,-38.619065,ETUFOR,2022,EPSG: 31984 (SIRGAS 2000 - UTM 24S); Codificação: UTF-8
vw_PontosdeOnibus.fid-5b41923a_19c3ec54e70_11ba,3769,POINT (-38.623707 -3.794237),6560,"RUA JOÃO VITOR, 1975",-3.794237,-38.623707,ETUFOR,2022,EPSG: 31984 (SIRGAS 2000 - UTM 24S); Codificação: UTF-8
vw_PontosdeOnibus.fid-5b41923a_19c3ec54e70_11bb,3770,POINT (-38.621602 -3.794476),6561,"RUA JOÃO VITOR, 1648",-3.794476,-38.621602,ETUFOR,2022,EPSG: 31984 (SIRGAS 2000 - UTM 24S); Codificação: UTF-8
vw_PontosdeOnibus.fid-5b41923a_19c3ec54e70_11bc,3771,POINT (-38.620388 -3.794627),6562,"RUA JOÃO VITOR, S/Nº",-3.794627,-38.620388,ETUFOR,2022,EPSG: 31984 (SIRGAS 2000 - UTM 24S); Codificação: UTF-8
vw_PontosdeOnibus.fid-5b41923a_19c3ec54e70_11bd,3772,POINT (-38.616629 -3.792479),6563,"RUA MANUEL GALDINO, 2555",-3.792479,-38.616629,ETUFOR,2022,EPSG: 31984 (SIRGAS 2000 - UTM 24S); Codificação: UTF-8
vw_PontosdeOnibus.fid-5b41923a_19c3ec54e70_11be,3773,POINT (-38.611001 -3.791251),6564,"RUA BOM JESUS, 1950",-3.791251,-38.611001,ETUFOR,2022,EPSG: 31984 (SIRGAS 2000 - UTM 24S); Codificação: UTF-8
vw_PontosdeOnibus.fid-5b41923a_19c3ec54e70_11bf,3774,POINT (-38.596234 -3.779526),6565,"RUA BRAGANÇA, 675",-3.779526,-38.596234,ETUFOR,2022,EPSG: 31984 (SIRGAS 2000 - UTM 24S); Codificação: UTF-8
vw_PontosdeOnibus.fid-5b41923a_19c3ec54e70_11c0,3775,POINT (-38.601541 -3.776227),6566,"RUA TAQUARI, 2320",-3.776227,-38.601541,ETUFOR,2022,EPSG: 31984 (SIRGAS 2000 - UTM 24S); Codificação: UTF-8
vw_PontosdeOnibus.fid-5b41923a_19c3ec54e70_11c1,3776,POINT (-38.594991 -3.780956),6568,"RUA ITAJAÍ, 569",-3.780956,-38.594991,ETUFOR,2022,EPSG: 31984 (SIRGAS 2000 - UTM 24S); Codificação: UTF-8
vw_PontosdeOnibus.fid-5b41923a_19c3ec54e70_11c2,3777,POINT (-38.602204 -3.780542),6569,"RUA TEODORO DE CASTRO, 1218",-3.780542,-38.602204,ETUFOR,2022,EPSG: 31984 (SIRGAS 2000 - UTM 24S); Codificação: UTF-8
vw_PontosdeOnibus.fid-5b41923a_19c3ec54e70_11c3,3778,POINT (-38.565184 -3.820544),657,"RUA 11 LT ARVOREDO, 63",-3.820544,-38.565184,ETUFOR,2022,EPSG: 31984 (SIRGAS 2000 - UTM 24S); Codificação: UTF-8
vw_PontosdeOnibus.fid-5b41923a_19c3ec54e70_11c4,3779,POINT (-38.602372 -3.780495),6570,"RUA TEODORO DE CASTRO, 1228",-3.780495,-38.602372,ETUFOR,2022,EPSG: 31984 (SIRGAS 2000 - UTM 24S); Codificação: UTF-8
vw_PontosdeOnibus.fid-5b41923a_19c3ec54e70_11c5,3780,POINT (-38.599361 -3.78135),6571,"RUA TEODORO DE CASTRO, 955",-3.78135,-38.599361,ETUFOR,2022,EPSG: 31984 (SIRGAS 2000 - UTM 24S); Codificação: UTF-8
vw_PontosdeOnibus.fid-5b41923a_19c3ec54e70_11c6,3781,POINT (-38.599355 -3.781351),6572,"RUA TEODORO DE CASTRO, 955",-3.781351,-38.599355,ETUFOR,2022,EPSG: 31984 (SIRGAS 2000 - UTM 24S); Codificação: UTF-8
vw_PontosdeOnibus.fid-5b41923a_19c3ec54e70_11c7,3782,POINT (-38.597129 -3.781977),6573,"RUA TEODORO DE CASTRO, 679",-3.781977,-38.597129,ETUFOR,2022,EPSG: 31984 (SIRGAS 2000 - UTM 24S); Codificação: UTF-8
vw_PontosdeOnibus.fid-5b41923a_19c3ec54e70_11c8,3783,POINT (-38.597334 -3.78192),6574,"RUA TEODORO DE CASTRO, 686",-3.78192,-38.597334,ETUFOR,2022,EPSG: 31984 (SIRGAS 2000 - UTM 24S); Codificação: UTF-8
vw_PontosdeOnibus.fid-5b41923a_19c3ec54e70_11c9,3784,POINT (-38.601382 -3.774543),6575,"RUA DUAS NAÇÕES, 300",-3.774543,-38.601382,ETUFOR,2022,EPSG: 31984 (SIRGAS 2000 - UTM 24S); Codificação: UTF-8
vw_PontosdeOnibus.fid-5b41923a_19c3ec54e70_11ca,3785,POINT (-38.605533 -3.805672),6576,"RUA MARIA JÚLIA ROCHA, 237",-3.805672,-38.605533,ETUFOR,2022,EPSG: 31984 (SIRGAS 2000 - UTM 24S); Codificação: UTF-8
vw_PontosdeOnibus.fid-5b41923a_19c3ec54e70_11cb,3786,POINT (-38.479056 -3.832805),6578,"RUA PERGENTINO MAIA, 2016",-3.832805,-38.479056,ETUFOR,2022,EPSG: 31984 (SIRGAS 2000 - UTM 24S); Codificação: UTF-8
vw_PontosdeOnibus.fid-5b41923a_19c3ec54e70_11cc,3787,POINT (-38.565101 -3.820574),658,"RUA 11 LT ARVOREDO, 69",-3.820574,-38.565101,ETUFOR,2022,EPSG: 31984 (SIRGAS 2000 - UTM 24S); Codificação: UTF-8
vw_PontosdeOnibus.fid-5b41923a_19c3ec54e70_11cd,3788,POINT (-38.481233 -3.832492),6580,"RUA PERGENTINO MAIA, 1480",-3.832492,-38.481233,ETUFOR,2022,EPSG: 31984 (SIRGAS 2000 - UTM 24S); Codificação: UTF-8
vw_PontosdeOnibus.fid-5b41923a_19c3ec54e70_11ce,3789,POINT (-38.481511 -3.831035),6581,"RUA JOSÉ BAIMA, 351",-3.831035,-38.481511,ETUFOR,2022,EPSG: 31984 (SIRGAS 2000 - UTM 24S); Codificação: UTF-8
vw_PontosdeOnibus.fid-5b41923a_19c3ec54e70_11cf,3790,POINT (-38.592142 -3.761685),6582,"RUA NATAL, 847",-3.761685,-38.592142,ETUFOR,2022,EPSG: 31984 (SIRGAS 2000 - UTM 24S); Codificação: UTF-8
vw_PontosdeOnibus.fid-5b41923a_19c3ec54e70_11d0,3791,POINT (-38.593907 -3.762348),6583,"RUA PORTO VELHO, 1675",-3.762348,-38.593907,ETUFOR,2022,EPSG: 31984 (SIRGAS 2000 - UTM 24S); Codificação: UTF-8
vw_PontosdeOnibus.fid-5b41923a_19c3ec54e70_11d1,3792,POINT (-38.59239 -3.765378),6584,"RUA AUDÍZIO PINHEIRO, 1637",-3.765378,-38.59239,ETUFOR,2022,EPSG: 31984 (SIRGAS 2000 - UTM 24S); Codificação: UTF-8
vw_PontosdeOnibus.fid-5b41923a_19c3ec54e70_11d2,3793,POINT (-38.589886 -3.761875),6585,"RUA GOIÂNIA, 1576",-3.761875,-38.589886,ETUFOR,2022,EPSG: 31984 (SIRGAS 2000 - UTM 24S); Codificação: UTF-8
vw_PontosdeOnibus.fid-5b41923a_19c3ec54e70_11d3,3794,POINT (-38.558249 -3.773026),6586,"RUA BARÃO DE CANINDÉ, S/Nº",-3.773026,-38.558249,ETUFOR,2022,EPSG: 31984 (SIRGAS 2000 - UTM 24S); Codificação: UTF-8
vw_PontosdeOnibus.fid-5b41923a_19c3ec54e70_11d4,3795,POINT (-38.557625 -3.771083),6587,"RUA BARÃO DE CANINDÉ, 1640",-3.771083,-38.557625,ETUFOR,2022,EPSG: 31984 (SIRGAS 2000 - UTM 24S); Codificação: UTF-8
vw_PontosdeOnibus.fid-5b41923a_19c3ec54e70_11d5,3796,POINT (-38.556945 -3.769097),6588,"RUA BARÃO DE CANINDÉ, 1395",-3.769097,-38.556945,ETUFOR,2022,EPSG: 31984 (SIRGAS 2000 - UTM 24S); Codificação: UTF-8
vw_PontosdeOnibus.fid-5b41923a_19c3ec54e70_11d6,3797,POINT (-38.552533 -3.772228),6589,"RUA ELCIAS LOPES, 883",-3.772228,-38.552533,ETUFOR,2022,EPSG: 31984 (SIRGAS 2000 - UTM 24S); Codificação: UTF-8
vw_PontosdeOnibus.fid-5b41923a_19c3ec54e70_11d7,3798,POINT (-38.563425 -3.820856),659,"RUA C CJ RES MARCOS FREIRE, BLOCO 28",-3.820856,-38.563425,ETUFOR,2022,EPSG: 31984 (SIRGAS 2000 - UTM 24S); Codificação: UTF-8
vw_PontosdeOnibus.fid-5b41923a_19c3ec54e70_11d8,3799,POINT (-38.553988 -3.775948),6590,"RUA GALILEU, 571",-3.775948,-38.553988,ETUFOR,2022,EPSG: 31984 (SIRGAS 2000 - UTM 24S); Codificação: UTF-8
vw_PontosdeOnibus.fid-5b41923a_19c3ec54e70_11d9,3800,POINT (-38.554964 -3.774722),6593,"RUA JÚLIO VERNE, 588",-3.774722,-38.554964,ETUFOR,2022,EPSG: 31984 (SIRGAS 2000 - UTM 24S); Codificação: UTF-8
vw_PontosdeOnibus.fid-5b41923a_19c3ec54e70_11da,3801,POINT (-38.557482 -3.774615),6594,"RUA JÚLIO VERNE, 374",-3.774615,-38.557482,ETUFOR,2022,EPSG: 31984 (SIRGAS 2000 - UTM 24S); Codificação: UTF-8
vw_PontosdeOnibus.fid-5b41923a_19c3ec54e70_11db,3802,POINT (-38.56208 -3.782774),6595,"RUA FAGUNDES VARELA, 455",-3.782774,-38.56208,ETUFOR,2022,EPSG: 31984 (SIRGAS 2000 - UTM 24S); Codificação: UTF-8
vw_PontosdeOnibus.fid-5b41923a_19c3ec54e70_11dc,3803,POINT (-38.561977 -3.782648),6596,"RUA FAGUNDES VARELA, 455",-3.782648,-38.561977,ETUFOR,2022,EPSG: 31984 (SIRGAS 2000 - UTM 24S); Codificação: UTF-8
vw_PontosdeOnibus.fid-5b41923a_19c3ec54e70_11dd,3804,POINT (-38.561307 -3.781816),6597,"RUA FAGUNDES VARELA, 306",-3.781816,-38.561307,ETUFOR,2022,EPSG: 31984 (SIRGAS 2000 - UTM 24S); Codificação: UTF-8
vw_PontosdeOnibus.fid-5b41923a_19c3ec54e70_11de,3805,POINT (-38.560344 -3.780636),6598,"RUA FAGUNDES VARELA, 62",-3.780636,-38.560344,ETUFOR,2022,EPSG: 31984 (SIRGAS 2000 - UTM 24S); Codificação: UTF-8
vw_PontosdeOnibus.fid-5b41923a_19c3ec54e70_11df,3806,POINT (-38.561067 -3.783132),6599,"RUA MANUEL TEÓFILO, 381",-3.783132,-38.561067,ETUFOR,2022,EPSG: 31984 (SIRGAS 2000 - UTM 24S); Codificação: UTF-8
vw_PontosdeOnibus.fid-5b41923a_19c3ec54e70_11e0,3807,POINT (-38.575068 -3.705975),66,"AVENIDA PRS CASTELO BRANCO, 4821",-3.705975,-38.575068,ETUFOR,2022,EPSG: 31984 (SIRGAS 2000 - UTM 24S); Codificação: UTF-8
vw_PontosdeOnibus.fid-5b41923a_19c3ec54e70_11e1,3808,POINT (-38.563369 -3.820895),660,"RUA C CJ RES MARCOS FREIRE, 100",-3.820895,-38.563369,ETUFOR,2022,EPSG: 31984 (SIRGAS 2000 - UTM 24S); Codificação: UTF-8
vw_PontosdeOnibus.fid-5b41923a_19c3ec54e70_11e2,3809,POINT (-38.559595 -3.781294),6600,"RUA MANUEL TEÓFILO, 137",-3.781294,-38.559595,ETUFOR,2022,EPSG: 31984 (SIRGAS 2000 - UTM 24S); Codificação: UTF-8
vw_PontosdeOnibus.fid-5b41923a_19c3ec54e70_11e3,3810,POINT (-38.559582 -3.78238),6601,"RUA SUÉCIA, 364",-3.78238,-38.559582,ETUFOR,2022,EPSG: 31984 (SIRGAS 2000 - UTM 24S); Codificação: UTF-8
vw_PontosdeOnibus.fid-5b41923a_19c3ec54e70_11e4,3811,POINT (-38.544837 -3.720317),6603,"RUA SÃO PAULO, 2174",-3.720317,-38.544837,ETUFOR,2022,EPSG: 31984 (SIRGAS 2000 - UTM 24S); Codificação: UTF-8
vw_PontosdeOnibus.fid-5b41923a_19c3ec54e70_11e5,3812,POINT (-38.541838 -3.716956),6605,"AVENIDA FILOMENO GOMES, S/Nº",-3.716956,-38.541838,ETUFOR,2022,EPSG: 31984 (SIRGAS 2000 - UTM 24S); Codificação: UTF-8
vw_PontosdeOnibus.fid-5b41923a_19c3ec54e70_11e6,3813,POINT (-38.526572 -3.832414),6606,"AVENIDA GOV. LEONEL BRIZOLA, 1022",-3.832414,-38.526572,ETUFOR,2022,EPSG: 31984 (SIRGAS 2000 - UTM 24S); Codificação: UTF-8
vw_PontosdeOnibus.fid-5b41923a_19c3ec54e70_11e7,3814,POINT (-38.526122 -3.832158),6607,"AVENIDA GOV. LEONEL BRIZOLA, 962",-3.832158,-38.526122,ETUFOR,2022,EPSG: 31984 (SIRGAS 2000 - UTM 24S); Codificação: UTF-8
vw_PontosdeOnibus.fid-5b41923a_19c3ec54e70_11e8,3815,POINT (-38.519686 -3.831793),6608,"AVENIDA GOV. LEONEL BRIZOLA, 284",-3.831793,-38.519686,ETUFOR,2022,EPSG: 31984 (SIRGAS 2000 - UTM 24S); Codificação: UTF-8
vw_PontosdeOnibus.fid-5b41923a_19c3ec54e70_11e9,3816,POINT (-38.519686 -3.831793),6609,"AVENIDA GOV. LEONEL BRIZOLA, 285",-3.831793,-38.519686,ETUFOR,2022,EPSG: 31984 (SIRGAS 2000 - UTM 24S); Codificação: UTF-8
vw_PontosdeOnibus.fid-5b41923a_19c3ec54e70_11ea,3817,POINT (-38.563037 -3.822315),661,"RUA D, BLOCO 02",-3.822315,-38.563037,ETUFOR,2022,EPSG: 31984 (SIRGAS 2000 - UTM 24S); Codificação: UTF-8
vw_PontosdeOnibus.fid-5b41923a_19c3ec54e70_11eb,3818,POINT (-38.517899 -3.836102),6610,"AVENIDA CONTORNO SUL, S/Nº",-3.836102,-38.517899,ETUFOR,2022,EPSG: 31984 (SIRGAS 2000 - UTM 24S); Codificação: UTF-8
vw_PontosdeOnibus.fid-5b41923a_19c3ec54e70_11ec,3819,POINT (-38.51688 -3.83241),6611,"AVENIDA ÁLEF DE SOUZA CAVALCANTE, 344",-3.83241,-38.51688,ETUFOR,2022,EPSG: 31984 (SIRGAS 2000 - UTM 24S); Codificação: UTF-8
vw_PontosdeOnibus.fid-5b41923a_19c3ec54e70_11ed,3820,POINT (-38.515757 -3.833673),6612,"AVENIDA ÁLEF DE SOUZA CAVALCANTE, 204",-3.833673,-38.515757,ETUFOR,2022,EPSG: 31984 (SIRGAS 2000 - UTM 24S); Codificação: UTF-8
vw_PontosdeOnibus.fid-5b41923a_19c3ec54e70_11ee,3821,POINT (-38.514777 -3.834879),6613,"AVENIDA ÁLEF DE SOUZA CAVALCANTE, 62",-3.834879,-38.514777,ETUFOR,2022,EPSG: 31984 (SIRGAS 2000 - UTM 24S); Codificação: UTF-8
vw_PontosdeOnibus.fid-5b41923a_19c3ec54e70_11ef,3822,POINT (-38.516353 -3.83551),6614,"AVENIDA CONTORNO SUL, 776",-3.83551,-38.516353,ETUFOR,2022,EPSG: 31984 (SIRGAS 2000 - UTM 24S); Codificação: UTF-8
vw_PontosdeOnibus.fid-5b41923a_19c3ec54e70_11f0,3823,POINT (-38.518138 -3.836176),6615,"AVENIDA BULEVAR III, 436",-3.836176,-38.518138,ETUFOR,2022,EPSG: 31984 (SIRGAS 2000 - UTM 24S); Codificação: UTF-8
vw_PontosdeOnibus.fid-5b41923a_19c3ec54e70_11f1,3824,POINT (-38.538256 -3.795534),6616,"RUA 6, S/N",-3.795534,-38.538256,ETUFOR,2022,EPSG: 31984 (SIRGAS 2000 - UTM 24S); Codificação: UTF-8
vw_PontosdeOnibus.fid-5b41923a_19c3ec54e70_11f2,3825,POINT (-38.53663 -3.795168),6617,"RUA STELA COCHRANE, S/N",-3.795168,-38.53663,ETUFOR,2022,EPSG: 31984 (SIRGAS 2000 - UTM 24S); Codificação: UTF-8
vw_PontosdeOnibus.fid-5b41923a_19c3ec54e70_11f3,3826,POINT (-38.535796 -3.794067),6618,"RUA STELA COCHRANE, 155",-3.794067,-38.535796,ETUFOR,2022,EPSG: 31984 (SIRGAS 2000 - UTM 24S); Codificação: UTF-8
vw_PontosdeOnibus.fid-5b41923a_19c3ec54e70_11f4,3827,POINT (-38.509546 -3.831391),6619,"RUA FRANCISCO ALVES RIBEIRO, 165",-3.831391,-38.509546,ETUFOR,2022,EPSG: 31984 (SIRGAS 2000 - UTM 24S); Codificação: UTF-8
vw_PontosdeOnibus.fid-5b41923a_19c3ec54e70_11f5,3828,POINT (-38.56299 -3.822247),662,"RUA D, BLOCO 03",-3.822247,-38.56299,ETUFOR,2022,EPSG: 31984 (SIRGAS 2000 - UTM 24S); Codificação: UTF-8
vw_PontosdeOnibus.fid-5b41923a_19c3ec54e70_11f6,3829,POINT (-38.509608 -3.831685),6620,"RUA FRANCISCO ALVES RIBEIRO, 165",-3.831685,-38.509608,ETUFOR,2022,EPSG: 31984 (SIRGAS 2000 - UTM 24S); Codificação: UTF-8
vw_PontosdeOnibus.fid-5b41923a_19c3ec54e70_11f7,3830,POINT (-38.508402 -3.833076),6621,"RUA ANTÔNIO ALVES RIBEIRO, 145",-3.833076,-38.508402,ETUFOR,2022,EPSG: 31984 (SIRGAS 2000 - UTM 24S); Codificação: UTF-8
vw_PontosdeOnibus.fid-5b41923a_19c3ec54e70_11f8,3831,POINT (-38.502345 -3.838311),6622,"RUA LADISLAU LOURENÇO, 550",-3.838311,-38.502345,ETUFOR,2022,EPSG: 31984 (SIRGAS 2000 - UTM 24S); Codificação: UTF-8
vw_PontosdeOnibus.fid-5b41923a_19c3ec54e70_11f9,3832,POINT (-38.503072 -3.840241),6623,"RUA GENTILÂNDIA, 427",-3.840241,-38.503072,ETUFOR,2022,EPSG: 31984 (SIRGAS 2000 - UTM 24S); Codificação: UTF-8
vw_PontosdeOnibus.fid-5b41923a_19c3ec54e70_11fa,3833,POINT (-38.500764 -3.84181),6624,"RUA GENTILÂNDIA, 165",-3.84181,-38.500764,ETUFOR,2022,EPSG: 31984 (SIRGAS 2000 - UTM 24S); Codificação: UTF-8
vw_PontosdeOnibus.fid-5b41923a_19c3ec54e70_11fb,3834,POINT (-38.51203 -3.847355),6625,"RUA MORADA NOVA, 790",-3.847355,-38.51203,ETUFOR,2022,EPSG: 31984 (SIRGAS 2000 - UTM 24S); Codificação: UTF-8
vw_PontosdeOnibus.fid-5b41923a_19c3ec54e70_11fc,3835,POINT (-38.510594 -3.84488),6626,"RUA NUNES FEIJÓ, 1789",-3.84488,-38.510594,ETUFOR,2022,EPSG: 31984 (SIRGAS 2000 - UTM 24S); Codificação: UTF-8
vw_PontosdeOnibus.fid-5b41923a_19c3ec54e70_11fd,3836,POINT (-38.510653 -3.849353),6628,"RUA VALPARAÍSO, 680",-3.849353,-38.510653,ETUFOR,2022,EPSG: 31984 (SIRGAS 2000 - UTM 24S); Codificação: UTF-8
vw_PontosdeOnibus.fid-5b41923a_19c3ec54e70_11fe,3837,POINT (-38.508246 -3.850302),6629,"RUA VALPARAÍSO, 433",-3.850302,-38.508246,ETUFOR,2022,EPSG: 31984 (SIRGAS 2000 - UTM 24S); Codificação: UTF-8
vw_PontosdeOnibus.fid-5b41923a_19c3ec54e70_11ff,3838,POINT (-38.506982 -3.85081),6630,"AVENIDA VALPARAÍSO, 249",-3.85081,-38.506982,ETUFOR,2022,EPSG: 31984 (SIRGAS 2000 - UTM 24S); Codificação: UTF-8
vw_PontosdeOnibus.fid-5b41923a_19c3ec54e70_1200,3839,POINT (-38.510239 -3.849511),6631,"RUA VALPARAÍSO, 681",-3.849511,-38.510239,ETUFOR,2022,EPSG: 31984 (SIRGAS 2000 - UTM 24S); Codificação: UTF-8
vw_PontosdeOnibus.fid-5b41923a_19c3ec54e70_1201,3840,POINT (-38.517456 -3.857987),6632,"RUA NARA LEÃO, 12",-3.857987,-38.517456,ETUFOR,2022,EPSG: 31984 (SIRGAS 2000 - UTM 24S); Codificação: UTF-8
vw_PontosdeOnibus.fid-5b41923a_19c3ec54e70_1202,3841,POINT (-38.516192 -3.857473),6633,"RUA DOS MENINOS VERDES, S/Nº",-3.857473,-38.516192,ETUFOR,2022,EPSG: 31984 (SIRGAS 2000 - UTM 24S); Codificação: UTF-8
vw_PontosdeOnibus.fid-5b41923a_19c3ec54e70_1203,3842,POINT (-38.51596 -3.856957),6634,"AVENIDA CORA CORALINA, 565",-3.856957,-38.51596,ETUFOR,2022,EPSG: 31984 (SIRGAS 2000 - UTM 24S); Codificação: UTF-8
vw_PontosdeOnibus.fid-5b41923a_19c3ec54e70_1204,3843,POINT (-38.518596 -3.853262),6635,"RUA C, S/Nº",-3.853262,-38.518596,ETUFOR,2022,EPSG: 31984 (SIRGAS 2000 - UTM 24S); Codificação: UTF-8
vw_PontosdeOnibus.fid-5b41923a_19c3ec54e70_1205,3844,POINT (-38.518567 -3.851821),6636,"RUA E, S/Nº",-3.851821,-38.518567,ETUFOR,2022,EPSG: 31984 (SIRGAS 2000 - UTM 24S); Codificação: UTF-8
vw_PontosdeOnibus.fid-5b41923a_19c3ec54e70_1206,3845,POINT (-38.517394 -3.851574),6637,"RUA F, S/Nº",-3.851574,-38.517394,ETUFOR,2022,EPSG: 31984 (SIRGAS 2000 - UTM 24S); Codificação: UTF-8
vw_PontosdeOnibus.fid-5b41923a_19c3ec54e70_1207,3846,POINT (-38.543443 -3.749881),6638,"RUA QUINTINO CUNHA, 998",-3.749881,-38.543443,ETUFOR,2022,EPSG: 31984 (SIRGAS 2000 - UTM 24S); Codificação: UTF-8
vw_PontosdeOnibus.fid-5b41923a_19c3ec54e70_1208,3847,POINT (-38.545022 -3.751623),6639,"RUA QUINTINO CUNHA, 1256",-3.751623,-38.545022,ETUFOR,2022,EPSG: 31984 (SIRGAS 2000 - UTM 24S); Codificação: UTF-8
vw_PontosdeOnibus.fid-5b41923a_19c3ec54e70_1209,3848,POINT (-38.546383 -3.753131),6640,"RUA QUINTINO CUNHA, 1406",-3.753131,-38.546383,ETUFOR,2022,EPSG: 31984 (SIRGAS 2000 - UTM 24S); Codificação: UTF-8
vw_PontosdeOnibus.fid-5b41923a_19c3ec54e70_120a,3849,POINT (-38.494904 -3.786532),6642,"RUA VEREADOR PEDRO PAULO MOREIRA, 69",-3.786532,-38.494904,ETUFOR,2022,EPSG: 31984 (SIRGAS 2000 - UTM 24S); Codificação: UTF-8
vw_PontosdeOnibus.fid-5b41923a_19c3ec54e70_120b,3850,POINT (-38.496449 -3.784892),6643,"AVENIDA DESEMBARGADOR FELICIANO DE ATAÍDE, 670",-3.784892,-38.496449,ETUFOR,2022,EPSG: 31984 (SIRGAS 2000 - UTM 24S); Codificação: UTF-8
vw_PontosdeOnibus.fid-5b41923a_19c3ec54e70_120c,3851,POINT (-38.498459 -3.78237),6644,"AVENIDA DESEMBARGADOR FAUSTINO ALBUQUERQUE, 320",-3.78237,-38.498459,ETUFOR,2022,EPSG: 31984 (SIRGAS 2000 - UTM 24S); Codificação: UTF-8
vw_PontosdeOnibus.fid-5b41923a_19c3ec54e70_120d,3852,POINT (-38.498535 -3.782637),6645,"AVENIDA DESEMBARGADOR FAUSTINO ALBUQUERQUE, 335",-3.782637,-38.498535,ETUFOR,2022,EPSG: 31984 (SIRGAS 2000 - UTM 24S); Codificação: UTF-8
vw_PontosdeOnibus.fid-5b41923a_19c3ec54e70_120e,3853,POINT (-38.500241 -3.777072),6646,"RUA HENRIQUE DE CASTRO, 233",-3.777072,-38.500241,ETUFOR,2022,EPSG: 31984 (SIRGAS 2000 - UTM 24S); Codificação: UTF-8
vw_PontosdeOnibus.fid-5b41923a_19c3ec54e70_120f,3854,POINT (-38.500316 -3.777061),6647,"RUA HENRIQUE DE CASTRO, 229",-3.777061,-38.500316,ETUFOR,2022,EPSG: 31984 (SIRGAS 2000 - UTM 24S); Codificação: UTF-8
vw_PontosdeOnibus.fid-5b41923a_19c3ec54e70_1210,3855,POINT (-38.500544 -3.776692),6648,"AVENIDA ROGACIANO LEITE, 2435",-3.776692,-38.500544,ETUFOR,2022,EPSG: 31984 (SIRGAS 2000 - UTM 24S); Codificação: UTF-8
vw_PontosdeOnibus.fid-5b41923a_19c3ec54e70_1211,3856,POINT (-38.500905 -3.777455),6649,"AVENIDA ROGACIANO LEITE, 2460",-3.777455,-38.500905,ETUFOR,2022,EPSG: 31984 (SIRGAS 2000 - UTM 24S); Codificação: UTF-8
vw_PontosdeOnibus.fid-5b41923a_19c3ec54e70_1212,3857,POINT (-38.508155 -3.781667),6651,"RUA DO MERCADO, 222",-3.781667,-38.508155,ETUFOR,2022,EPSG: 31984 (SIRGAS 2000 - UTM 24S); Codificação: UTF-8
vw_PontosdeOnibus.fid-5b41923a_19c3ec54e70_1213,3858,POINT (-38.509446 -3.783581),6652,"RUA DA COPAÍBA, 241",-3.783581,-38.509446,ETUFOR,2022,EPSG: 31984 (SIRGAS 2000 - UTM 24S); Codificação: UTF-8
vw_PontosdeOnibus.fid-5b41923a_19c3ec54e70_1214,3859,POINT (-38.509038 -3.76548),6653,"AVENIDA GOVERNADOR RAUL BARBOSA, 5272",-3.76548,-38.509038,ETUFOR,2022,EPSG: 31984 (SIRGAS 2000 - UTM 24S); Codificação: UTF-8
vw_PontosdeOnibus.fid-5b41923a_19c3ec54e70_1215,3860,POINT (-38.587505 -3.726741),6654,"RUA ROSINHA SAMPAIO, 978",-3.726741,-38.587505,ETUFOR,2022,EPSG: 31984 (SIRGAS 2000 - UTM 24S); Codificação: UTF-8
vw_PontosdeOnibus.fid-5b41923a_19c3ec54e70_1216,3861,POINT (-38.593117 -3.768094),6656,"RUA AUDISIO PINHEIRO, 1990",-3.768094,-38.593117,ETUFOR,2022,EPSG: 31984 (SIRGAS 2000 - UTM 24S); Codificação: UTF-8
vw_PontosdeOnibus.fid-5b41923a_19c3ec54e70_1217,3862,POINT (-38.577704 -3.774735),6660,"RUA PERDIGÃO DE OLIVEIRA, 917",-3.774735,-38.577704,ETUFOR,2022,EPSG: 31984 (SIRGAS 2000 - UTM 24S); Codificação: UTF-8
vw_PontosdeOnibus.fid-5b41923a_19c3ec54e70_1218,3863,POINT (-38.570917 -3.763129),6661,"RUA DIAMANTINA, 343",-3.763129,-38.570917,ETUFOR,2022,EPSG: 31984 (SIRGAS 2000 - UTM 24S); Codificação: UTF-8
vw_PontosdeOnibus.fid-5b41923a_19c3ec54e70_1219,3864,POINT (-38.569273 -3.763997),6662,"RUA DIAMANTINA, 129",-3.763997,-38.569273,ETUFOR,2022,EPSG: 31984 (SIRGAS 2000 - UTM 24S); Codificação: UTF-8
vw_PontosdeOnibus.fid-5b41923a_19c3ec54e70_121a,3865,POINT (-38.569617 -3.763609),6663,"RUA MINAS GERAIS, 1660",-3.763609,-38.569617,ETUFOR,2022,EPSG: 31984 (SIRGAS 2000 - UTM 24S); Codificação: UTF-8
vw_PontosdeOnibus.fid-5b41923a_19c3ec54e70_121b,3866,POINT (-38.576934 -3.761931),6664,"RUA RIBEIRO LEITÃO, 280",-3.761931,-38.576934,ETUFOR,2022,EPSG: 31984 (SIRGAS 2000 - UTM 24S); Codificação: UTF-8
vw_PontosdeOnibus.fid-5b41923a_19c3ec54e70_121c,3867,POINT (-38.44896 -3.81014),6665,"AVENIDA RECREIO, 480",-3.81014,-38.44896,ETUFOR,2022,EPSG: 31984 (SIRGAS 2000 - UTM 24S); Codificação: UTF-8
vw_PontosdeOnibus.fid-5b41923a_19c3ec54e70_121d,3868,POINT (-38.4489 -3.80851),6666,"AVENIDA RECREIO, 370",-3.80851,-38.4489,ETUFOR,2022,EPSG: 31984 (SIRGAS 2000 - UTM 24S); Codificação: UTF-8
vw_PontosdeOnibus.fid-5b41923a_19c3ec54e70_121e,3869,POINT (-38.466707 -3.824618),6667,"RUA JOSÉ GALDÊNCIO MOREIRA, 828",-3.824618,-38.466707,ETUFOR,2022,EPSG: 31984 (SIRGAS 2000 - UTM 24S); Codificação: UTF-8
vw_PontosdeOnibus.fid-5b41923a_19c3ec54e70_121f,3870,POINT (-38.466472 -3.82612),6668,"RUA JOSÉ GALDÊNCIO MOREIRA, 40",-3.82612,-38.466472,ETUFOR,2022,EPSG: 31984 (SIRGAS 2000 - UTM 24S); Codificação: UTF-8
vw_PontosdeOnibus.fid-5b41923a_19c3ec54e70_1220,3871,POINT (-38.466291 -3.831297),6669,"RUA ILZA PONTES, 1866",-3.831297,-38.466291,ETUFOR,2022,EPSG: 31984 (SIRGAS 2000 - UTM 24S); Codificação: UTF-8
vw_PontosdeOnibus.fid-5b41923a_19c3ec54e70_1221,3872,POINT (-38.560828 -3.819807),667,"AVENIDA PRS COSTA E SILVA, 2382",-3.819807,-38.560828,ETUFOR,2022,EPSG: 31984 (SIRGAS 2000 - UTM 24S); Codificação: UTF-8
vw_PontosdeOnibus.fid-5b41923a_19c3ec54e70_1222,3873,POINT (-38.578501 -3.800451),6672,"RUA FERNANDO FARIAS DE MELO, 1140",-3.800451,-38.578501,ETUFOR,2022,EPSG: 31984 (SIRGAS 2000 - UTM 24S); Codificação: UTF-8
vw_PontosdeOnibus.fid-5b41923a_19c3ec54e70_1223,3874,POINT (-38.578406 -3.797936),6673,"RUA FERNANDO FARIAS DE MELO, S/Nº",-3.797936,-38.578406,ETUFOR,2022,EPSG: 31984 (SIRGAS 2000 - UTM 24S); Codificação: UTF-8
vw_PontosdeOnibus.fid-5b41923a_19c3ec54e70_1224,3875,POINT (-38.577061 -3.801902),6674,"RUA SÃO LÁZARO, 218",-3.801902,-38.577061,ETUFOR,2022,EPSG: 31984 (SIRGAS 2000 - UTM 24S); Codificação: UTF-8
vw_PontosdeOnibus.fid-5b41923a_19c3ec54e70_1225,3876,POINT (-38.469763 -3.759307),6676,"RUA MIRAÍMA, 146",-3.759307,-38.469763,ETUFOR,2022,EPSG: 31984 (SIRGAS 2000 - UTM 24S); Codificação: UTF-8
vw_PontosdeOnibus.fid-5b41923a_19c3ec54e70_1226,3877,POINT (-38.468151 -3.754633),6677,"RUA ZUCA ACCIOLY, 1101",-3.754633,-38.468151,ETUFOR,2022,EPSG: 31984 (SIRGAS 2000 - UTM 24S); Codificação: UTF-8
vw_PontosdeOnibus.fid-5b41923a_19c3ec54e70_1227,3878,POINT (-38.460195 -3.748585),6678,"AVENIDA SANTOS DUMONT, S/Nº",-3.748585,-38.460195,ETUFOR,2022,EPSG: 31984 (SIRGAS 2000 - UTM 24S); Codificação: UTF-8
vw_PontosdeOnibus.fid-5b41923a_19c3ec54e70_1228,3920,POINT (-38.568908 -3.756781),6727,"RUA GUANABARA, 634",-3.756781,-38.568908,ETUFOR,2022,EPSG: 31984 (SIRGAS 2000 - UTM 24S); Codificação: UTF-8
vw_PontosdeOnibus.fid-5b41923a_19c3ec54e70_1229,3879,POINT (-38.510132 -3.721322),6679,"AVENIDA HISTORIADOR RAIMUNDO GIRÃO, 630",-3.721322,-38.510132,ETUFOR,2022,EPSG: 31984 (SIRGAS 2000 - UTM 24S); Codificação: UTF-8
vw_PontosdeOnibus.fid-5b41923a_19c3ec54e70_122a,3880,POINT (-38.560541 -3.820115),668,"AVENIDA PRS COSTA E SILVA, 2410",-3.820115,-38.560541,ETUFOR,2022,EPSG: 31984 (SIRGAS 2000 - UTM 24S); Codificação: UTF-8
vw_PontosdeOnibus.fid-5b41923a_19c3ec54e70_122b,3881,POINT (-38.490063 -3.727813),6680,"RUA JOSÉ NAPOLEÃO, 277",-3.727813,-38.490063,ETUFOR,2022,EPSG: 31984 (SIRGAS 2000 - UTM 24S); Codificação: UTF-8
vw_PontosdeOnibus.fid-5b41923a_19c3ec54e70_122c,3882,POINT (-38.487182 -3.833168),6682,"RUA MANUEL CASTELO BRANCO, 842",-3.833168,-38.487182,ETUFOR,2022,EPSG: 31984 (SIRGAS 2000 - UTM 24S); Codificação: UTF-8
vw_PontosdeOnibus.fid-5b41923a_19c3ec54e70_122d,3883,POINT (-38.484463 -3.832036),6683,"RUA PERGENTINO MAIA, 1303",-3.832036,-38.484463,ETUFOR,2022,EPSG: 31984 (SIRGAS 2000 - UTM 24S); Codificação: UTF-8
vw_PontosdeOnibus.fid-5b41923a_19c3ec54e70_122e,3884,POINT (-38.491859 -3.82688),6685,"RUA TENENTE JOSÉ NEWTON, 501",-3.82688,-38.491859,ETUFOR,2022,EPSG: 31984 (SIRGAS 2000 - UTM 24S); Codificação: UTF-8
vw_PontosdeOnibus.fid-5b41923a_19c3ec54e70_122f,3885,POINT (-38.491392 -3.823018),6686,"RUA TENENTE JOSÉ NEWTON, 63",-3.823018,-38.491392,ETUFOR,2022,EPSG: 31984 (SIRGAS 2000 - UTM 24S); Codificação: UTF-8
vw_PontosdeOnibus.fid-5b41923a_19c3ec54e70_1230,3886,POINT (-38.488427 -3.825657),6687,"RUA MUNIZ FREIRE, 396",-3.825657,-38.488427,ETUFOR,2022,EPSG: 31984 (SIRGAS 2000 - UTM 24S); Codificação: UTF-8
vw_PontosdeOnibus.fid-5b41923a_19c3ec54e70_1231,3887,POINT (-38.490216 -3.818215),6689,"RUA JOHN LENNON, 06",-3.818215,-38.490216,ETUFOR,2022,EPSG: 31984 (SIRGAS 2000 - UTM 24S); Codificação: UTF-8
vw_PontosdeOnibus.fid-5b41923a_19c3ec54e70_1232,3888,POINT (-38.557694 -3.819087),669,"AVENIDA BERNARDO MANOEL, 11456",-3.819087,-38.557694,ETUFOR,2022,EPSG: 31984 (SIRGAS 2000 - UTM 24S); Codificação: UTF-8
vw_PontosdeOnibus.fid-5b41923a_19c3ec54e70_1233,3889,POINT (-38.493831 -3.83028),6692,"RUA PADRE PEDRO DE ALENCAR, 302",-3.83028,-38.493831,ETUFOR,2022,EPSG: 31984 (SIRGAS 2000 - UTM 24S); Codificação: UTF-8
vw_PontosdeOnibus.fid-5b41923a_19c3ec54e70_1234,3890,POINT (-38.484936 -3.827465),6694,"RUA GUILHERME PESSOA, 963",-3.827465,-38.484936,ETUFOR,2022,EPSG: 31984 (SIRGAS 2000 - UTM 24S); Codificação: UTF-8
vw_PontosdeOnibus.fid-5b41923a_19c3ec54e70_1235,3891,POINT (-38.547069 -3.724597),6695,"AVENIDA SARGENTO HERMÍNIO SAMPAIO, 715",-3.724597,-38.547069,ETUFOR,2022,EPSG: 31984 (SIRGAS 2000 - UTM 24S); Codificação: UTF-8
vw_PontosdeOnibus.fid-5b41923a_19c3ec54e70_1236,3892,POINT (-38.546909 -3.724608),6696,"AVENIDA SARGENTO HERMÍNIO SAMPAIO, 668",-3.724608,-38.546909,ETUFOR,2022,EPSG: 31984 (SIRGAS 2000 - UTM 24S); Codificação: UTF-8
vw_PontosdeOnibus.fid-5b41923a_19c3ec54e70_1237,3893,POINT (-38.549234 -3.724551),6697,"AVENIDA SARGENTO HERMÍNIO SAMPAIO, 947",-3.724551,-38.549234,ETUFOR,2022,EPSG: 31984 (SIRGAS 2000 - UTM 24S); Codificação: UTF-8
vw_PontosdeOnibus.fid-5b41923a_19c3ec54e70_1238,3894,POINT (-38.54982 -3.76722),6698,"RUA CORONEL ALEXANDRINO, 1022",-3.76722,-38.54982,ETUFOR,2022,EPSG: 31984 (SIRGAS 2000 - UTM 24S); Codificação: UTF-8
vw_PontosdeOnibus.fid-5b41923a_19c3ec54e70_1239,3895,POINT (-38.554696 -3.766728),6699,"RUA BARÃO DE SOBRAL, 634",-3.766728,-38.554696,ETUFOR,2022,EPSG: 31984 (SIRGAS 2000 - UTM 24S); Codificação: UTF-8
vw_PontosdeOnibus.fid-5b41923a_19c3ec54e70_123a,3896,POINT (-38.57027 -3.707594),67,"AVENIDA PRS CASTELO BRANCO, 4246",-3.707594,-38.57027,ETUFOR,2022,EPSG: 31984 (SIRGAS 2000 - UTM 24S); Codificação: UTF-8
vw_PontosdeOnibus.fid-5b41923a_19c3ec54e70_123b,3897,POINT (-38.557639 -3.82133),670,"AVENIDA COSTA E SILVA, SN",-3.82133,-38.557639,ETUFOR,2022,EPSG: 31984 (SIRGAS 2000 - UTM 24S); Codificação: UTF-8
vw_PontosdeOnibus.fid-5b41923a_19c3ec54e70_123c,3898,POINT (-38.55746 -3.765195),6700,"RUA BARÃO DE SOBRAL, 968",-3.765195,-38.55746,ETUFOR,2022,EPSG: 31984 (SIRGAS 2000 - UTM 24S); Codificação: UTF-8
vw_PontosdeOnibus.fid-5b41923a_19c3ec54e70_123d,3899,POINT (-38.556331 -3.767393),6701,"RUA BARÃO DE CANINDÉ, 1225",-3.767393,-38.556331,ETUFOR,2022,EPSG: 31984 (SIRGAS 2000 - UTM 24S); Codificação: UTF-8
vw_PontosdeOnibus.fid-5b41923a_19c3ec54e70_123e,3900,POINT (-38.552958 -3.76493),6702,"RUA CORONEL ALEXANDRINO, 593",-3.76493,-38.552958,ETUFOR,2022,EPSG: 31984 (SIRGAS 2000 - UTM 24S); Codificação: UTF-8
vw_PontosdeOnibus.fid-5b41923a_19c3ec54e70_123f,3901,POINT (-38.550557 -3.759403),6703,"RUA JÚLIO CÉSAR, 2083",-3.759403,-38.550557,ETUFOR,2022,EPSG: 31984 (SIRGAS 2000 - UTM 24S); Codificação: UTF-8
vw_PontosdeOnibus.fid-5b41923a_19c3ec54e70_1240,3902,POINT (-38.533107 -3.718971),6705,"AVENIDA PRESIDENTE CASTELO BRANCO, 718",-3.718971,-38.533107,ETUFOR,2022,EPSG: 31984 (SIRGAS 2000 - UTM 24S); Codificação: UTF-8
vw_PontosdeOnibus.fid-5b41923a_19c3ec54e70_1241,3903,POINT (-38.481017 -3.724208),6706,"RUA JUVÊNCIO VASCONCELOS, 59",-3.724208,-38.481017,ETUFOR,2022,EPSG: 31984 (SIRGAS 2000 - UTM 24S); Codificação: UTF-8
vw_PontosdeOnibus.fid-5b41923a_19c3ec54e70_1242,3904,POINT (-38.480764 -3.729288),6707,"AVENIDA ALMIRANTE HENRIQUE SABOIA, 2101",-3.729288,-38.480764,ETUFOR,2022,EPSG: 31984 (SIRGAS 2000 - UTM 24S); Codificação: UTF-8
vw_PontosdeOnibus.fid-5b41923a_19c3ec54e70_1243,3905,POINT (-38.585734 -3.813342),6708,"ESTRADA DO SIQUEIRA, 188",-3.813342,-38.585734,ETUFOR,2022,EPSG: 31984 (SIRGAS 2000 - UTM 24S); Codificação: UTF-8
vw_PontosdeOnibus.fid-5b41923a_19c3ec54e70_1244,3906,POINT (-38.58381 -3.808365),6709,"RUA DJALMA BENEVIDES, 50",-3.808365,-38.58381,ETUFOR,2022,EPSG: 31984 (SIRGAS 2000 - UTM 24S); Codificação: UTF-8
vw_PontosdeOnibus.fid-5b41923a_19c3ec54e70_1245,3907,POINT (-38.557284 -3.821304),671,"AVENIDA COSTA E SILVA, SN",-3.821304,-38.557284,ETUFOR,2022,EPSG: 31984 (SIRGAS 2000 - UTM 24S); Codificação: UTF-8
vw_PontosdeOnibus.fid-5b41923a_19c3ec54e70_1246,3908,POINT (-38.58683 -3.805271),6711,"AVENIDA CONTORNO OESTE, 391",-3.805271,-38.58683,ETUFOR,2022,EPSG: 31984 (SIRGAS 2000 - UTM 24S); Codificação: UTF-8
vw_PontosdeOnibus.fid-5b41923a_19c3ec54e70_1247,3909,POINT (-38.586831 -3.805272),6712,"AVENIDA CONTORNO OESTE, 391",-3.805272,-38.586831,ETUFOR,2022,EPSG: 31984 (SIRGAS 2000 - UTM 24S); Codificação: UTF-8
vw_PontosdeOnibus.fid-5b41923a_19c3ec54e70_1248,3910,POINT (-38.59144 -3.809144),6713,"RUA 104, S/Nº",-3.809144,-38.59144,ETUFOR,2022,EPSG: 31984 (SIRGAS 2000 - UTM 24S); Codificação: UTF-8
vw_PontosdeOnibus.fid-5b41923a_19c3ec54e70_1249,3911,POINT (-38.591441 -3.809146),6714,"RUA 104, S/Nº",-3.809146,-38.591441,ETUFOR,2022,EPSG: 31984 (SIRGAS 2000 - UTM 24S); Codificação: UTF-8
vw_PontosdeOnibus.fid-5b41923a_19c3ec54e70_124a,3912,POINT (-38.59399 -3.807755),6715,"ESTRADA DO SIQUEIRA, S/Nº",-3.807755,-38.59399,ETUFOR,2022,EPSG: 31984 (SIRGAS 2000 - UTM 24S); Codificação: UTF-8
vw_PontosdeOnibus.fid-5b41923a_19c3ec54e70_124b,3913,POINT (-38.582617 -3.807877),6717,"RUA JOAQUIM ALFREDO, 215",-3.807877,-38.582617,ETUFOR,2022,EPSG: 31984 (SIRGAS 2000 - UTM 24S); Codificação: UTF-8
vw_PontosdeOnibus.fid-5b41923a_19c3ec54e70_124c,3914,POINT (-38.577627 -3.73492),6718,"RUA JOAQUIM ALBANO, 199",-3.73492,-38.577627,ETUFOR,2022,EPSG: 31984 (SIRGAS 2000 - UTM 24S); Codificação: UTF-8
vw_PontosdeOnibus.fid-5b41923a_19c3ec54e70_124d,3915,POINT (-38.57939 -3.735184),6719,"RUA JOAQUIM ALBANO, 407",-3.735184,-38.57939,ETUFOR,2022,EPSG: 31984 (SIRGAS 2000 - UTM 24S); Codificação: UTF-8
vw_PontosdeOnibus.fid-5b41923a_19c3ec54e70_124e,3916,POINT (-38.581586 -3.735516),6720,"RUA JOAQUIM ALBANO, 671",-3.735516,-38.581586,ETUFOR,2022,EPSG: 31984 (SIRGAS 2000 - UTM 24S); Codificação: UTF-8
vw_PontosdeOnibus.fid-5b41923a_19c3ec54e70_124f,3917,POINT (-38.576946 -3.73511),6721,"RUA EVANDRO LUZ, 500",-3.73511,-38.576946,ETUFOR,2022,EPSG: 31984 (SIRGAS 2000 - UTM 24S); Codificação: UTF-8
vw_PontosdeOnibus.fid-5b41923a_19c3ec54e70_1250,3918,POINT (-38.567646 -3.754778),6722,"RUA GUANABARA, 516",-3.754778,-38.567646,ETUFOR,2022,EPSG: 31984 (SIRGAS 2000 - UTM 24S); Codificação: UTF-8
vw_PontosdeOnibus.fid-5b41923a_19c3ec54e70_1251,3919,POINT (-38.56025 -3.755974),6726,"RUA AMAZONAS, 323",-3.755974,-38.56025,ETUFOR,2022,EPSG: 31984 (SIRGAS 2000 - UTM 24S); Codificação: UTF-8
vw_PontosdeOnibus.fid-5b41923a_19c3ec54e70_1252,3921,POINT (-38.470888 -3.738728),6728,"RUA JOSÉ RANGEL, 718",-3.738728,-38.470888,ETUFOR,2022,EPSG: 31984 (SIRGAS 2000 - UTM 24S); Codificação: UTF-8
vw_PontosdeOnibus.fid-5b41923a_19c3ec54e70_1253,3922,POINT (-38.474114 -3.740459),6729,"RUA ALMEIDA PRADO, S/Nº",-3.740459,-38.474114,ETUFOR,2022,EPSG: 31984 (SIRGAS 2000 - UTM 24S); Codificação: UTF-8
vw_PontosdeOnibus.fid-5b41923a_19c3ec54e70_1254,3923,POINT (-38.478181 -3.739476),6730,"RUA RAIMUNDO OLIVEIRA FILHO, 860",-3.739476,-38.478181,ETUFOR,2022,EPSG: 31984 (SIRGAS 2000 - UTM 24S); Codificação: UTF-8
vw_PontosdeOnibus.fid-5b41923a_19c3ec54e70_1255,3924,POINT (-38.477846 -3.738651),6731,"RUA ANDRÉ DALL'OLIO, 815",-3.738651,-38.477846,ETUFOR,2022,EPSG: 31984 (SIRGAS 2000 - UTM 24S); Codificação: UTF-8
vw_PontosdeOnibus.fid-5b41923a_19c3ec54e70_1256,3925,POINT (-38.479336 -3.737903),6732,"RUA RAIMUNDO OLIVEIRA FILHO, 620",-3.737903,-38.479336,ETUFOR,2022,EPSG: 31984 (SIRGAS 2000 - UTM 24S); Codificação: UTF-8
vw_PontosdeOnibus.fid-5b41923a_19c3ec54e70_1257,3926,POINT (-38.479096 -3.736967),6733,"RUA ANDRÉ DALL'OLIO, 609",-3.736967,-38.479096,ETUFOR,2022,EPSG: 31984 (SIRGAS 2000 - UTM 24S); Codificação: UTF-8
vw_PontosdeOnibus.fid-5b41923a_19c3ec54e70_1258,3927,POINT (-38.480363 -3.736425),6734,"RUA VALDETÁRO MOTA, 650",-3.736425,-38.480363,ETUFOR,2022,EPSG: 31984 (SIRGAS 2000 - UTM 24S); Codificação: UTF-8
vw_PontosdeOnibus.fid-5b41923a_19c3ec54e70_1259,3928,POINT (-38.473607 -3.738866),6736,"RUA ALMEIDA PRADO, 186",-3.738866,-38.473607,ETUFOR,2022,EPSG: 31984 (SIRGAS 2000 - UTM 24S); Codificação: UTF-8
vw_PontosdeOnibus.fid-5b41923a_19c3ec54e70_125a,3929,POINT (-38.560181 -3.775695),6738,"RUA GERMANO FRANCK, 375",-3.775695,-38.560181,ETUFOR,2022,EPSG: 31984 (SIRGAS 2000 - UTM 24S); Codificação: UTF-8
vw_PontosdeOnibus.fid-5b41923a_19c3ec54e70_125b,3930,POINT (-38.570813 -3.777459),6741,"RUA PERDIGÃO DE OLIVEIRA, 76",-3.777459,-38.570813,ETUFOR,2022,EPSG: 31984 (SIRGAS 2000 - UTM 24S); Codificação: UTF-8
vw_PontosdeOnibus.fid-5b41923a_19c3ec54e70_125c,3931,POINT (-38.573287 -3.776011),6742,"RUA PERDIGÃO DE OLIVEIRA, 404",-3.776011,-38.573287,ETUFOR,2022,EPSG: 31984 (SIRGAS 2000 - UTM 24S); Codificação: UTF-8
vw_PontosdeOnibus.fid-5b41923a_19c3ec54e70_125d,3932,POINT (-38.571178 -3.785211),6743,"RUA DINAMARCA, 274",-3.785211,-38.571178,ETUFOR,2022,EPSG: 31984 (SIRGAS 2000 - UTM 24S); Codificação: UTF-8
vw_PontosdeOnibus.fid-5b41923a_19c3ec54e70_125e,3933,POINT (-38.57074 -3.783955),6744,"RUA DINAMARCA, 146",-3.783955,-38.57074,ETUFOR,2022,EPSG: 31984 (SIRGAS 2000 - UTM 24S); Codificação: UTF-8
vw_PontosdeOnibus.fid-5b41923a_19c3ec54e70_125f,3934,POINT (-38.566671 -3.78503),6745,"RUA PRIMEIRO DE JANEIRO, 890",-3.78503,-38.566671,ETUFOR,2022,EPSG: 31984 (SIRGAS 2000 - UTM 24S); Codificação: UTF-8
vw_PontosdeOnibus.fid-5b41923a_19c3ec54e70_1260,3935,POINT (-38.568774 -3.784237),6746,"RUA PRIMEIRO DE JANEIRO, 928",-3.784237,-38.568774,ETUFOR,2022,EPSG: 31984 (SIRGAS 2000 - UTM 24S); Codificação: UTF-8
vw_PontosdeOnibus.fid-5b41923a_19c3ec54e70_1261,3936,POINT (-38.569969 -3.78379),6747,"RUA PRIMEIRO DE JANEIRO, 1058",-3.78379,-38.569969,ETUFOR,2022,EPSG: 31984 (SIRGAS 2000 - UTM 24S); Codificação: UTF-8
vw_PontosdeOnibus.fid-5b41923a_19c3ec54e70_1262,3937,POINT (-38.523398 -3.7532),6751,"ESTAÇÃO FÁTIMA, S/Nº",-3.7532,-38.523398,ETUFOR,2022,EPSG: 31984 (SIRGAS 2000 - UTM 24S); Codificação: UTF-8
vw_PontosdeOnibus.fid-5b41923a_19c3ec54e70_1263,3938,POINT (-38.523895 -3.748919),6753,"ESTAÇÃO PERGENTINO FERREIRA, S/Nº",-3.748919,-38.523895,ETUFOR,2022,EPSG: 31984 (SIRGAS 2000 - UTM 24S); Codificação: UTF-8
vw_PontosdeOnibus.fid-5b41923a_19c3ec54e70_1264,3939,POINT (-38.524313 -3.748178),6754,"ESTAÇÃO PERGENTINO FERREIRA, S/Nº",-3.748178,-38.524313,ETUFOR,2022,EPSG: 31984 (SIRGAS 2000 - UTM 24S); Codificação: UTF-8
vw_PontosdeOnibus.fid-5b41923a_19c3ec54e70_1265,3940,POINT (-38.525644 -3.743672),6755,"ESTAÇÃO MATOS SERRA I, S/Nº",-3.743672,-38.525644,ETUFOR,2022,EPSG: 31984 (SIRGAS 2000 - UTM 24S); Codificação: UTF-8
vw_PontosdeOnibus.fid-5b41923a_19c3ec54e70_1266,3941,POINT (-38.525766 -3.743239),6756,"ESTAÇÃO MATOS SERRA II, S/Nº",-3.743239,-38.525766,ETUFOR,2022,EPSG: 31984 (SIRGAS 2000 - UTM 24S); Codificação: UTF-8
vw_PontosdeOnibus.fid-5b41923a_19c3ec54e70_1267,3942,POINT (-38.52481 -3.739727),6757,"ESTAÇÃO JORNAL O POVO, S/Nº",-3.739727,-38.52481,ETUFOR,2022,EPSG: 31984 (SIRGAS 2000 - UTM 24S); Codificação: UTF-8
vw_PontosdeOnibus.fid-5b41923a_19c3ec54e70_1268,3943,POINT (-38.524844 -3.739714),6758,"ESTAÇÃO JORNAL O POVO, S/Nº",-3.739714,-38.524844,ETUFOR,2022,EPSG: 31984 (SIRGAS 2000 - UTM 24S); Codificação: UTF-8
vw_PontosdeOnibus.fid-5b41923a_19c3ec54e70_1269,3944,POINT (-38.556223 -3.818082),6762,"RUA H, 1575",-3.818082,-38.556223,ETUFOR,2022,EPSG: 31984 (SIRGAS 2000 - UTM 24S); Codificação: UTF-8
vw_PontosdeOnibus.fid-5b41923a_19c3ec54e70_126a,3945,POINT (-38.555523 -3.812418),6763,"AVENIDA BERNARDO MANUEL, 10681",-3.812418,-38.555523,ETUFOR,2022,EPSG: 31984 (SIRGAS 2000 - UTM 24S); Codificação: UTF-8
vw_PontosdeOnibus.fid-5b41923a_19c3ec54e70_126b,3946,POINT (-38.555009 -3.819074),6764,"RUA D, S/Nº",-3.819074,-38.555009,ETUFOR,2022,EPSG: 31984 (SIRGAS 2000 - UTM 24S); Codificação: UTF-8
vw_PontosdeOnibus.fid-5b41923a_19c3ec54e70_126c,3947,POINT (-38.554478 -3.809014),6765,"AVENIDA BERNARDO MANUEL, S/Nº",-3.809014,-38.554478,ETUFOR,2022,EPSG: 31984 (SIRGAS 2000 - UTM 24S); Codificação: UTF-8
vw_PontosdeOnibus.fid-5b41923a_19c3ec54e70_126d,3948,POINT (-38.556866 -3.820315),6766,"RUA G, 1190",-3.820315,-38.556866,ETUFOR,2022,EPSG: 31984 (SIRGAS 2000 - UTM 24S); Codificação: UTF-8
vw_PontosdeOnibus.fid-5b41923a_19c3ec54e70_126e,3949,POINT (-38.549959 -3.80254),6767,"RUA B, 10",-3.80254,-38.549959,ETUFOR,2022,EPSG: 31984 (SIRGAS 2000 - UTM 24S); Codificação: UTF-8
vw_PontosdeOnibus.fid-5b41923a_19c3ec54e70_126f,3950,POINT (-38.553641 -3.80673),6771,"RUA 8, S/Nº",-3.80673,-38.553641,ETUFOR,2022,EPSG: 31984 (SIRGAS 2000 - UTM 24S); Codificação: UTF-8
vw_PontosdeOnibus.fid-5b41923a_19c3ec54e70_1270,3951,POINT (-38.553315 -3.806899),6772,"RUA 8, 70",-3.806899,-38.553315,ETUFOR,2022,EPSG: 31984 (SIRGAS 2000 - UTM 24S); Codificação: UTF-8
vw_PontosdeOnibus.fid-5b41923a_19c3ec54e70_1271,3952,POINT (-38.546564 -3.799951),6773,"RUA 126, 108",-3.799951,-38.546564,ETUFOR,2022,EPSG: 31984 (SIRGAS 2000 - UTM 24S); Codificação: UTF-8
vw_PontosdeOnibus.fid-5b41923a_19c3ec54e70_1272,3953,POINT (-38.604315 -3.753038),6777,"RUA BOA ESPERANÇA, 269",-3.753038,-38.604315,ETUFOR,2022,EPSG: 31984 (SIRGAS 2000 - UTM 24S); Codificação: UTF-8
vw_PontosdeOnibus.fid-5b41923a_19c3ec54e70_1273,3954,POINT (-38.604476 -3.753905),6778,"RUA BOA ESPERANÇA, 330",-3.753905,-38.604476,ETUFOR,2022,EPSG: 31984 (SIRGAS 2000 - UTM 24S); Codificação: UTF-8
vw_PontosdeOnibus.fid-5b41923a_19c3ec54e70_1274,3955,POINT (-38.602701 -3.752226),6779,"RUA 24 DE OUTUBRO, 328",-3.752226,-38.602701,ETUFOR,2022,EPSG: 31984 (SIRGAS 2000 - UTM 24S); Codificação: UTF-8
vw_PontosdeOnibus.fid-5b41923a_19c3ec54e70_1275,3956,POINT (-38.602641 -3.751905),6780,"RUA 24 DE OUTUBRO, 287",-3.751905,-38.602641,ETUFOR,2022,EPSG: 31984 (SIRGAS 2000 - UTM 24S); Codificação: UTF-8
vw_PontosdeOnibus.fid-5b41923a_19c3ec54e70_1276,3957,POINT (-38.603062 -3.753957),6781,"RUA 24 DE OUTUBRO, 519",-3.753957,-38.603062,ETUFOR,2022,EPSG: 31984 (SIRGAS 2000 - UTM 24S); Codificação: UTF-8
vw_PontosdeOnibus.fid-5b41923a_19c3ec54e70_1277,3958,POINT (-38.600594 -3.754704),6782,"AVENIDA SENADOR FERNANDES TÁVORA, 3240",-3.754704,-38.600594,ETUFOR,2022,EPSG: 31984 (SIRGAS 2000 - UTM 24S); Codificação: UTF-8
vw_PontosdeOnibus.fid-5b41923a_19c3ec54e70_1278,3959,POINT (-38.600595 -3.754704),6783,"AVENIDA SENADOR FERNANDES TÁVORA, 3227",-3.754704,-38.600595,ETUFOR,2022,EPSG: 31984 (SIRGAS 2000 - UTM 24S); Codificação: UTF-8
vw_PontosdeOnibus.fid-5b41923a_19c3ec54e70_1279,3960,POINT (-38.604876 -3.756067),6785,"RUA BOA ESPERANÇA, 531",-3.756067,-38.604876,ETUFOR,2022,EPSG: 31984 (SIRGAS 2000 - UTM 24S); Codificação: UTF-8
vw_PontosdeOnibus.fid-5b41923a_19c3ec54e70_127a,3961,POINT (-38.603942 -3.757624),6786,"RUA NOSSA SENHORA APARECIDA, 849",-3.757624,-38.603942,ETUFOR,2022,EPSG: 31984 (SIRGAS 2000 - UTM 24S); Codificação: UTF-8
vw_PontosdeOnibus.fid-5b41923a_19c3ec54e70_127b,3962,POINT (-38.596416 -3.76141),6787,"AVENIDA PORTO VELHO, 121",-3.76141,-38.596416,ETUFOR,2022,EPSG: 31984 (SIRGAS 2000 - UTM 24S); Codificação: UTF-8
vw_PontosdeOnibus.fid-5b41923a_19c3ec54e70_127c,3963,POINT (-38.522186 -3.84714),6788,"AVENIDA CASTELO DE CASTRO, 2379",-3.84714,-38.522186,ETUFOR,2022,EPSG: 31984 (SIRGAS 2000 - UTM 24S); Codificação: UTF-8
vw_PontosdeOnibus.fid-5b41923a_19c3ec54e70_127d,3964,POINT (-38.601749 -3.758023),6789,"RUA NOSSA SENHORA APARECIDA, S/Nº",-3.758023,-38.601749,ETUFOR,2022,EPSG: 31984 (SIRGAS 2000 - UTM 24S); Codificação: UTF-8
vw_PontosdeOnibus.fid-5b41923a_19c3ec54e70_127e,3965,POINT (-38.563737 -3.827104),679,"RUA MONTE LIBANO, 756",-3.827104,-38.563737,ETUFOR,2022,EPSG: 31984 (SIRGAS 2000 - UTM 24S); Codificação: UTF-8
vw_PontosdeOnibus.fid-5b41923a_19c3ec54e70_127f,3966,POINT (-38.496652 -3.800457),6790,"RUA CÔNEGO BRAVEZA, 1135",-3.800457,-38.496652,ETUFOR,2022,EPSG: 31984 (SIRGAS 2000 - UTM 24S); Codificação: UTF-8
vw_PontosdeOnibus.fid-5b41923a_19c3ec54e70_1280,3967,POINT (-38.4945 -3.802953),6791,"AVENIDA ENG. JOSÉ GUIMARÃES DUQUE, 179",-3.802953,-38.4945,ETUFOR,2022,EPSG: 31984 (SIRGAS 2000 - UTM 24S); Codificação: UTF-8
vw_PontosdeOnibus.fid-5b41923a_19c3ec54e70_1281,3968,POINT (-38.493451 -3.810279),6794,"AVENIDA MIN JOSE AMERICO, 710",-3.810279,-38.493451,ETUFOR,2022,EPSG: 31984 (SIRGAS 2000 - UTM 24S); Codificação: UTF-8
vw_PontosdeOnibus.fid-5b41923a_19c3ec54e70_1282,3969,POINT (-38.495422 -3.81114),6795,"AVENIDA MIN JOSÉ AMÉRICO, 495",-3.81114,-38.495422,ETUFOR,2022,EPSG: 31984 (SIRGAS 2000 - UTM 24S); Codificação: UTF-8
vw_PontosdeOnibus.fid-5b41923a_19c3ec54e70_1283,3970,POINT (-38.493393 -3.804143),6796,"RUA ACESSO PÚBLICO, 154",-3.804143,-38.493393,ETUFOR,2022,EPSG: 31984 (SIRGAS 2000 - UTM 24S); Codificação: UTF-8
vw_PontosdeOnibus.fid-5b41923a_19c3ec54e70_1284,3971,POINT (-38.493688 -3.80404),6797,"RUA ACESSO PÚBLICO, 154",-3.80404,-38.493688,ETUFOR,2022,EPSG: 31984 (SIRGAS 2000 - UTM 24S); Codificação: UTF-8
vw_PontosdeOnibus.fid-5b41923a_19c3ec54e70_1285,3972,POINT (-38.488979 -3.787099),6798,"RUA GAL CAIADO DE CASTRO, 438",-3.787099,-38.488979,ETUFOR,2022,EPSG: 31984 (SIRGAS 2000 - UTM 24S); Codificação: UTF-8
vw_PontosdeOnibus.fid-5b41923a_19c3ec54e70_1286,3973,POINT (-38.489318 -3.789708),6799,"RUA GAL CAIADO DE CASTRO, 709",-3.789708,-38.489318,ETUFOR,2022,EPSG: 31984 (SIRGAS 2000 - UTM 24S); Codificação: UTF-8
vw_PontosdeOnibus.fid-5b41923a_19c3ec54e70_1287,3974,POINT (-38.571103 -3.7074),68,"AVENIDA PRES CASTELO BRANCO, 4246",-3.7074,-38.571103,ETUFOR,2022,EPSG: 31984 (SIRGAS 2000 - UTM 24S); Codificação: UTF-8
vw_PontosdeOnibus.fid-5b41923a_19c3ec54e70_1288,3975,POINT (-38.563027 -3.826114),680,"RUA MONTE LIBANO, 83",-3.826114,-38.563027,ETUFOR,2022,EPSG: 31984 (SIRGAS 2000 - UTM 24S); Codificação: UTF-8
vw_PontosdeOnibus.fid-5b41923a_19c3ec54e70_1289,3976,POINT (-38.485095 -3.796114),6800,"AVENIDA OLIVEIRA PAIVA, S/Nº",-3.796114,-38.485095,ETUFOR,2022,EPSG: 31984 (SIRGAS 2000 - UTM 24S); Codificação: UTF-8
vw_PontosdeOnibus.fid-5b41923a_19c3ec54e70_128a,3977,POINT (-38.481645 -3.789541),6801,"AVENIDA EDILSON BRASIL SOARES, 420",-3.789541,-38.481645,ETUFOR,2022,EPSG: 31984 (SIRGAS 2000 - UTM 24S); Codificação: UTF-8
vw_PontosdeOnibus.fid-5b41923a_19c3ec54e70_128b,3978,POINT (-38.481509 -3.78953),6802,"AVENIDA EDILSON BRASIL SOARES, 440",-3.78953,-38.481509,ETUFOR,2022,EPSG: 31984 (SIRGAS 2000 - UTM 24S); Codificação: UTF-8
vw_PontosdeOnibus.fid-5b41923a_19c3ec54e70_128c,3979,POINT (-38.605309 -3.823754),6803,"RUA CÔNEGO DE CASTRO, 9430",-3.823754,-38.605309,ETUFOR,2022,EPSG: 31984 (SIRGAS 2000 - UTM 24S); Codificação: UTF-8
vw_PontosdeOnibus.fid-5b41923a_19c3ec54e70_128d,3980,POINT (-38.604465 -3.826884),6804,"RUA MARTINS DE LIMA, 1185",-3.826884,-38.604465,ETUFOR,2022,EPSG: 31984 (SIRGAS 2000 - UTM 24S); Codificação: UTF-8
vw_PontosdeOnibus.fid-5b41923a_19c3ec54e70_128e,3981,POINT (-38.60143 -3.828432),6805,"RUA MARTINS DE LIMA, 908",-3.828432,-38.60143,ETUFOR,2022,EPSG: 31984 (SIRGAS 2000 - UTM 24S); Codificação: UTF-8
vw_PontosdeOnibus.fid-5b41923a_19c3ec54e70_128f,3982,POINT (-38.599972 -3.829213),6806,"RUA MARTINS DE LIMA, 581",-3.829213,-38.599972,ETUFOR,2022,EPSG: 31984 (SIRGAS 2000 - UTM 24S); Codificação: UTF-8
vw_PontosdeOnibus.fid-5b41923a_19c3ec54e70_1290,3983,POINT (-38.598112 -3.827196),6807,"RUA UM, S/Nº",-3.827196,-38.598112,ETUFOR,2022,EPSG: 31984 (SIRGAS 2000 - UTM 24S); Codificação: UTF-8
vw_PontosdeOnibus.fid-5b41923a_19c3ec54e70_1291,3984,POINT (-38.598324 -3.825786),6808,"RUA VICENTE CELESTINO, 1498",-3.825786,-38.598324,ETUFOR,2022,EPSG: 31984 (SIRGAS 2000 - UTM 24S); Codificação: UTF-8
vw_PontosdeOnibus.fid-5b41923a_19c3ec54e70_1292,3985,POINT (-38.500813 -3.843995),6809,"RUA DIONÍSIO LEONEL ALENCAR, 970",-3.843995,-38.500813,ETUFOR,2022,EPSG: 31984 (SIRGAS 2000 - UTM 24S); Codificação: UTF-8
vw_PontosdeOnibus.fid-5b41923a_19c3ec54e70_1293,3986,POINT (-38.562626 -3.825599),681,"RUA MONTE LIBANO, 580",-3.825599,-38.562626,ETUFOR,2022,EPSG: 31984 (SIRGAS 2000 - UTM 24S); Codificação: UTF-8
vw_PontosdeOnibus.fid-5b41923a_19c3ec54e70_1294,3987,POINT (-38.502589 -3.846507),6810,"RUA DIONÍSIO LEONEL ALENCAR, 1326",-3.846507,-38.502589,ETUFOR,2022,EPSG: 31984 (SIRGAS 2000 - UTM 24S); Codificação: UTF-8
vw_PontosdeOnibus.fid-5b41923a_19c3ec54e70_1295,3988,POINT (-38.502631 -3.846571),6811,"RUA DIONÍSIO LEONEL ALENCAR, 1326",-3.846571,-38.502631,ETUFOR,2022,EPSG: 31984 (SIRGAS 2000 - UTM 24S); Codificação: UTF-8
vw_PontosdeOnibus.fid-5b41923a_19c3ec54e70_1296,3989,POINT (-38.504097 -3.849806),6812,"RUA AUGUSTO BENEVIDES, 1377",-3.849806,-38.504097,ETUFOR,2022,EPSG: 31984 (SIRGAS 2000 - UTM 24S); Codificação: UTF-8
vw_PontosdeOnibus.fid-5b41923a_19c3ec54e70_1297,3990,POINT (-38.499937 -3.852327),6814,"RUA PEDRO DE SOUZA, 500",-3.852327,-38.499937,ETUFOR,2022,EPSG: 31984 (SIRGAS 2000 - UTM 24S); Codificação: UTF-8
vw_PontosdeOnibus.fid-5b41923a_19c3ec54e70_1298,3991,POINT (-38.597124 -3.814744),6816,"RUA GETÚLIO VARGAS, 1734",-3.814744,-38.597124,ETUFOR,2022,EPSG: 31984 (SIRGAS 2000 - UTM 24S); Codificação: UTF-8
vw_PontosdeOnibus.fid-5b41923a_19c3ec54e70_1299,3992,POINT (-38.590785 -3.822176),6817,"RUA COLOMBO, 495",-3.822176,-38.590785,ETUFOR,2022,EPSG: 31984 (SIRGAS 2000 - UTM 24S); Codificação: UTF-8
vw_PontosdeOnibus.fid-5b41923a_19c3ec54e70_129a,3993,POINT (-38.593394 -3.820955),6818,"RUA FRANCISCO ALMEIDA, 813",-3.820955,-38.593394,ETUFOR,2022,EPSG: 31984 (SIRGAS 2000 - UTM 24S); Codificação: UTF-8
vw_PontosdeOnibus.fid-5b41923a_19c3ec54e70_129b,3994,POINT (-38.595995 -3.822275),6819,"RUA VICENTE CELESTINO, 1019",-3.822275,-38.595995,ETUFOR,2022,EPSG: 31984 (SIRGAS 2000 - UTM 24S); Codificação: UTF-8
vw_PontosdeOnibus.fid-5b41923a_19c3ec54e70_129c,3995,POINT (-38.596635 -3.820123),6820,"RUA TULIPA NEGRA, 1883",-3.820123,-38.596635,ETUFOR,2022,EPSG: 31984 (SIRGAS 2000 - UTM 24S); Codificação: UTF-8
vw_PontosdeOnibus.fid-5b41923a_19c3ec54e70_129d,3996,POINT (-38.599058 -3.818455),6821,"RUA TULIPA NEGRA, 2208",-3.818455,-38.599058,ETUFOR,2022,EPSG: 31984 (SIRGAS 2000 - UTM 24S); Codificação: UTF-8
vw_PontosdeOnibus.fid-5b41923a_19c3ec54e70_129e,3997,POINT (-38.586238 -3.796898),6822,"AVENIDA LUIZ VIEIRA, 173",-3.796898,-38.586238,ETUFOR,2022,EPSG: 31984 (SIRGAS 2000 - UTM 24S); Codificação: UTF-8
vw_PontosdeOnibus.fid-5b41923a_19c3ec54e70_129f,3998,POINT (-38.585369 -3.797903),6823,"RUA CÔNEGO DE CASTRO, 3470",-3.797903,-38.585369,ETUFOR,2022,EPSG: 31984 (SIRGAS 2000 - UTM 24S); Codificação: UTF-8
vw_PontosdeOnibus.fid-5b41923a_19c3ec54e70_12a0,3999,POINT (-38.587211 -3.799857),6824,"RUA CÔNEGO DE CASTRO, 3786",-3.799857,-38.587211,ETUFOR,2022,EPSG: 31984 (SIRGAS 2000 - UTM 24S); Codificação: UTF-8
vw_PontosdeOnibus.fid-5b41923a_19c3ec54e70_12a1,4000,POINT (-38.588964 -3.80166),6825,"RUA CÔNEGO DE CASTRO, 4068",-3.80166,-38.588964,ETUFOR,2022,EPSG: 31984 (SIRGAS 2000 - UTM 24S); Codificação: UTF-8
vw_PontosdeOnibus.fid-5b41923a_19c3ec54e70_12a2,4001,POINT (-38.588765 -3.799329),6826,"RUA COMENDADOR GARCIA, 1936",-3.799329,-38.588765,ETUFOR,2022,EPSG: 31984 (SIRGAS 2000 - UTM 24S); Codificação: UTF-8
vw_PontosdeOnibus.fid-5b41923a_19c3ec54e70_12a3,4002,POINT (-38.589455 -3.798723),6827,"RUA JOÃO RAMALHO, 316",-3.798723,-38.589455,ETUFOR,2022,EPSG: 31984 (SIRGAS 2000 - UTM 24S); Codificação: UTF-8
vw_PontosdeOnibus.fid-5b41923a_19c3ec54e70_12a4,4003,POINT (-38.588082 -3.796216),6828,"RUA DESEMBARGADOR FROTA, 192",-3.796216,-38.588082,ETUFOR,2022,EPSG: 31984 (SIRGAS 2000 - UTM 24S); Codificação: UTF-8
vw_PontosdeOnibus.fid-5b41923a_19c3ec54e70_12a5,4004,POINT (-38.589289 -3.795931),6829,"RUA ANTÔNIO COSTA MENDES, 1601",-3.795931,-38.589289,ETUFOR,2022,EPSG: 31984 (SIRGAS 2000 - UTM 24S); Codificação: UTF-8
vw_PontosdeOnibus.fid-5b41923a_19c3ec54e70_12a6,4005,POINT (-38.562572 -3.823357),683,"RUA B RES MARCOS FREIRE, S/N",-3.823357,-38.562572,ETUFOR,2022,EPSG: 31984 (SIRGAS 2000 - UTM 24S); Codificação: UTF-8
vw_PontosdeOnibus.fid-5b41923a_19c3ec54e70_12a7,4006,POINT (-38.590143 -3.797441),6830,"RUA ANTÔNIO COSTA MENDES, 1692",-3.797441,-38.590143,ETUFOR,2022,EPSG: 31984 (SIRGAS 2000 - UTM 24S); Codificação: UTF-8
vw_PontosdeOnibus.fid-5b41923a_19c3ec54e70_12a8,4007,POINT (-38.590234 -3.797625),6831,"RUA ANTÔNIO COSTA MENDES, 1735",-3.797625,-38.590234,ETUFOR,2022,EPSG: 31984 (SIRGAS 2000 - UTM 24S); Codificação: UTF-8
vw_PontosdeOnibus.fid-5b41923a_19c3ec54e70_12a9,4008,POINT (-38.589289 -3.758373),6832,"AVENIDA SEN FERNANDES TÁVORA, 1936",-3.758373,-38.589289,ETUFOR,2022,EPSG: 31984 (SIRGAS 2000 - UTM 24S); Codificação: UTF-8
vw_PontosdeOnibus.fid-5b41923a_19c3ec54e70_12aa,4009,POINT (-38.558226 -3.711408),6835,"AVENIDA PRS CASTELO BRANCO, 3133",-3.711408,-38.558226,ETUFOR,2022,EPSG: 31984 (SIRGAS 2000 - UTM 24S); Codificação: UTF-8
vw_PontosdeOnibus.fid-5b41923a_19c3ec54e70_12ab,4010,POINT (-38.527526 -3.84377),6836,"RUA IRACEMA, 986",-3.84377,-38.527526,ETUFOR,2022,EPSG: 31984 (SIRGAS 2000 - UTM 24S); Codificação: UTF-8
vw_PontosdeOnibus.fid-5b41923a_19c3ec54e70_12ac,4011,POINT (-38.564119 -3.736847),6837,"RUA GUSTAVO SAMPAIO, 2192",-3.736847,-38.564119,ETUFOR,2022,EPSG: 31984 (SIRGAS 2000 - UTM 24S); Codificação: UTF-8
vw_PontosdeOnibus.fid-5b41923a_19c3ec54e70_12ad,4012,POINT (-38.559671 -3.737053),6839,"RUA AZEVEDO BOLÃO, 1734",-3.737053,-38.559671,ETUFOR,2022,EPSG: 31984 (SIRGAS 2000 - UTM 24S); Codificação: UTF-8
vw_PontosdeOnibus.fid-5b41923a_19c3ec54e70_12ae,4013,POINT (-38.561071 -3.824115),684,"RUA 5 CJ PEQ MONDUBIM, 29",-3.824115,-38.561071,ETUFOR,2022,EPSG: 31984 (SIRGAS 2000 - UTM 24S); Codificação: UTF-8
vw_PontosdeOnibus.fid-5b41923a_19c3ec54e70_12af,4014,POINT (-38.554438 -3.735979),6840,"RUA AZEVEDO BOLÃO, 1144",-3.735979,-38.554438,ETUFOR,2022,EPSG: 31984 (SIRGAS 2000 - UTM 24S); Codificação: UTF-8
vw_PontosdeOnibus.fid-5b41923a_19c3ec54e70_12b0,4015,POINT (-38.556793 -3.73647),6841,"RUA AZEVEDO BOLÃO, 1440",-3.73647,-38.556793,ETUFOR,2022,EPSG: 31984 (SIRGAS 2000 - UTM 24S); Codificação: UTF-8
vw_PontosdeOnibus.fid-5b41923a_19c3ec54e70_12b1,4016,POINT (-38.53243 -3.75853),6842,"RUA JOÃO ARARIPE, 30",-3.75853,-38.53243,ETUFOR,2022,EPSG: 31984 (SIRGAS 2000 - UTM 24S); Codificação: UTF-8
vw_PontosdeOnibus.fid-5b41923a_19c3ec54e70_12b2,4017,POINT (-38.53128 -3.758971),6843,"AVENIDA BORGES DE MELO, 1309",-3.758971,-38.53128,ETUFOR,2022,EPSG: 31984 (SIRGAS 2000 - UTM 24S); Codificação: UTF-8
vw_PontosdeOnibus.fid-5b41923a_19c3ec54e70_12b3,4018,POINT (-38.545514 -3.715656),6844,"RUA ADRIANO MARTINS, S/N",-3.715656,-38.545514,ETUFOR,2022,EPSG: 31984 (SIRGAS 2000 - UTM 24S); Codificação: UTF-8
vw_PontosdeOnibus.fid-5b41923a_19c3ec54e70_12b4,4019,POINT (-38.545674 -3.71861),6845,"RUA JACINTO MATOS, S/N",-3.71861,-38.545674,ETUFOR,2022,EPSG: 31984 (SIRGAS 2000 - UTM 24S); Codificação: UTF-8
vw_PontosdeOnibus.fid-5b41923a_19c3ec54e70_12b5,4020,POINT (-38.546681 -3.720129),6846,"RUA JACINTO MATOS, S/N",-3.720129,-38.546681,ETUFOR,2022,EPSG: 31984 (SIRGAS 2000 - UTM 24S); Codificação: UTF-8
vw_PontosdeOnibus.fid-5b41923a_19c3ec54e70_12b6,4021,POINT (-38.537865 -3.799404),6847,"RUA DEZ, 70",-3.799404,-38.537865,ETUFOR,2022,EPSG: 31984 (SIRGAS 2000 - UTM 24S); Codificação: UTF-8
vw_PontosdeOnibus.fid-5b41923a_19c3ec54e70_12b7,4022,POINT (-38.538699 -3.79885),6848,"RUA CINCO, 23",-3.79885,-38.538699,ETUFOR,2022,EPSG: 31984 (SIRGAS 2000 - UTM 24S); Codificação: UTF-8
vw_PontosdeOnibus.fid-5b41923a_19c3ec54e70_12b8,4023,POINT (-38.539686 -3.799556),6849,"RUA SETE, 1088",-3.799556,-38.539686,ETUFOR,2022,EPSG: 31984 (SIRGAS 2000 - UTM 24S); Codificação: UTF-8
vw_PontosdeOnibus.fid-5b41923a_19c3ec54e70_12b9,4024,POINT (-38.561309 -3.823894),685,"RUA MONTE LIBANO, 401",-3.823894,-38.561309,ETUFOR,2022,EPSG: 31984 (SIRGAS 2000 - UTM 24S); Codificação: UTF-8
vw_PontosdeOnibus.fid-5b41923a_19c3ec54e70_12ba,4025,POINT (-38.536274 -3.800177),6850,"RUA DES OTACÍLIO PEIXOTO, 655",-3.800177,-38.536274,ETUFOR,2022,EPSG: 31984 (SIRGAS 2000 - UTM 24S); Codificação: UTF-8
vw_PontosdeOnibus.fid-5b41923a_19c3ec54e70_12bb,4026,POINT (-38.536054 -3.801464),6851,"RUA EDUARDO DIAS, 135",-3.801464,-38.536054,ETUFOR,2022,EPSG: 31984 (SIRGAS 2000 - UTM 24S); Codificação: UTF-8
vw_PontosdeOnibus.fid-5b41923a_19c3ec54e70_12bc,4027,POINT (-38.535987 -3.800953),6852,"RUA EDUARDO DIAS, 72",-3.800953,-38.535987,ETUFOR,2022,EPSG: 31984 (SIRGAS 2000 - UTM 24S); Codificação: UTF-8
vw_PontosdeOnibus.fid-5b41923a_19c3ec54e70_12bd,4028,POINT (-38.535768 -3.802224),6853,"RUA PROFESSOR ODÍLIO FILHO, 114",-3.802224,-38.535768,ETUFOR,2022,EPSG: 31984 (SIRGAS 2000 - UTM 24S); Codificação: UTF-8
vw_PontosdeOnibus.fid-5b41923a_19c3ec54e70_12be,4029,POINT (-38.534757 -3.801057),6854,"RUA ITAREMA, 640",-3.801057,-38.534757,ETUFOR,2022,EPSG: 31984 (SIRGAS 2000 - UTM 24S); Codificação: UTF-8
vw_PontosdeOnibus.fid-5b41923a_19c3ec54e70_12bf,4030,POINT (-38.536725 -3.803156),6855,"AVENIDA HERÓIS DO ACRE, 1040",-3.803156,-38.536725,ETUFOR,2022,EPSG: 31984 (SIRGAS 2000 - UTM 24S); Codificação: UTF-8
vw_PontosdeOnibus.fid-5b41923a_19c3ec54e70_12c0,4031,POINT (-38.536776 -3.803156),6856,"AVENIDA HERÓIS DO ACRE, 1040",-3.803156,-38.536776,ETUFOR,2022,EPSG: 31984 (SIRGAS 2000 - UTM 24S); Codificação: UTF-8
vw_PontosdeOnibus.fid-5b41923a_19c3ec54e70_12c1,4032,POINT (-38.539834 -3.804753),6857,"AVENIDA PALESTINA, 471",-3.804753,-38.539834,ETUFOR,2022,EPSG: 31984 (SIRGAS 2000 - UTM 24S); Codificação: UTF-8
vw_PontosdeOnibus.fid-5b41923a_19c3ec54e70_12c2,4033,POINT (-38.536787 -3.804269),6858,"RUA AROEIRAS, 170",-3.804269,-38.536787,ETUFOR,2022,EPSG: 31984 (SIRGAS 2000 - UTM 24S); Codificação: UTF-8
vw_PontosdeOnibus.fid-5b41923a_19c3ec54e70_12c3,4034,POINT (-38.535127 -3.806371),6859,"AVENIDA PALESTINA, 199",-3.806371,-38.535127,ETUFOR,2022,EPSG: 31984 (SIRGAS 2000 - UTM 24S); Codificação: UTF-8
vw_PontosdeOnibus.fid-5b41923a_19c3ec54e70_12c4,4035,POINT (-38.538781 -3.811427),6861,"RUA MENOR JERÔNIMO, S/Nº",-3.811427,-38.538781,ETUFOR,2022,EPSG: 31984 (SIRGAS 2000 - UTM 24S); Codificação: UTF-8
vw_PontosdeOnibus.fid-5b41923a_19c3ec54e70_12c5,4036,POINT (-38.535288 -3.812202),6862,"AVENIDA PRUDENTE BRASIL, 1200",-3.812202,-38.535288,ETUFOR,2022,EPSG: 31984 (SIRGAS 2000 - UTM 24S); Codificação: UTF-8
vw_PontosdeOnibus.fid-5b41923a_19c3ec54e70_12c6,4037,POINT (-38.535313 -3.812271),6863,"AVENIDA PRUDENTE BRASIL, 1200",-3.812271,-38.535313,ETUFOR,2022,EPSG: 31984 (SIRGAS 2000 - UTM 24S); Codificação: UTF-8
vw_PontosdeOnibus.fid-5b41923a_19c3ec54e70_12c7,4038,POINT (-38.535859 -3.81345),6864,"RUA MENOR JERÔNIMO, S/Nº",-3.81345,-38.535859,ETUFOR,2022,EPSG: 31984 (SIRGAS 2000 - UTM 24S); Codificação: UTF-8
vw_PontosdeOnibus.fid-5b41923a_19c3ec54e70_12c8,4039,POINT (-38.524202 -3.80988),6865,"RUA REGINA DE FÁTIMA, 2630",-3.80988,-38.524202,ETUFOR,2022,EPSG: 31984 (SIRGAS 2000 - UTM 24S); Codificação: UTF-8
vw_PontosdeOnibus.fid-5b41923a_19c3ec54e70_12c9,4040,POINT (-38.521308 -3.823246),6866,"AVENIDA POMPÍLIO GOMES, 1178",-3.823246,-38.521308,ETUFOR,2022,EPSG: 31984 (SIRGAS 2000 - UTM 24S); Codificação: UTF-8
vw_PontosdeOnibus.fid-5b41923a_19c3ec54e70_12ca,4041,POINT (-38.525208 -3.812469),6867,"RUA BELOS PORTOS, 86",-3.812469,-38.525208,ETUFOR,2022,EPSG: 31984 (SIRGAS 2000 - UTM 24S); Codificação: UTF-8
vw_PontosdeOnibus.fid-5b41923a_19c3ec54e70_12cb,4042,POINT (-38.52549 -3.813488),6868,"RUA BELOS PORTOS, 261",-3.813488,-38.52549,ETUFOR,2022,EPSG: 31984 (SIRGAS 2000 - UTM 24S); Codificação: UTF-8
vw_PontosdeOnibus.fid-5b41923a_19c3ec54e70_12cc,4043,POINT (-38.485925 -3.763302),6869,"RUA FIRMINO ROCHA AGUIAR, 1799",-3.763302,-38.485925,ETUFOR,2022,EPSG: 31984 (SIRGAS 2000 - UTM 24S); Codificação: UTF-8
vw_PontosdeOnibus.fid-5b41923a_19c3ec54e70_12cd,4044,POINT (-38.499155 -3.873647),6870,"RODOVIA BR-116, 5323",-3.873647,-38.499155,ETUFOR,2022,EPSG: 31984 (SIRGAS 2000 - UTM 24S); Codificação: UTF-8
vw_PontosdeOnibus.fid-5b41923a_19c3ec54e70_12ce,4045,POINT (-38.484655 -3.851074),6872,"RUA PAULO RIBEIRO, 220",-3.851074,-38.484655,ETUFOR,2022,EPSG: 31984 (SIRGAS 2000 - UTM 24S); Codificação: UTF-8
vw_PontosdeOnibus.fid-5b41923a_19c3ec54e70_12cf,4046,POINT (-38.48316 -3.849805),6873,"RUA SANTO ANTÔNIO, 114",-3.849805,-38.48316,ETUFOR,2022,EPSG: 31984 (SIRGAS 2000 - UTM 24S); Codificação: UTF-8
vw_PontosdeOnibus.fid-5b41923a_19c3ec54e70_12d0,4047,POINT (-38.524783 -3.73557),6876,"RUA METON DE ALENCAR, 77",-3.73557,-38.524783,ETUFOR,2022,EPSG: 31984 (SIRGAS 2000 - UTM 24S); Codificação: UTF-8
vw_PontosdeOnibus.fid-5b41923a_19c3ec54e70_12d1,4048,POINT (-38.515877 -3.737262),6877,"RUA ANTONIO AUGUSTO, S/N",-3.737262,-38.515877,ETUFOR,2022,EPSG: 31984 (SIRGAS 2000 - UTM 24S); Codificação: UTF-8
vw_PontosdeOnibus.fid-5b41923a_19c3ec54e70_12d2,4049,POINT (-38.57323 -3.751227),6885,"RUA PIAUÍ, 1778",-3.751227,-38.57323,ETUFOR,2022,EPSG: 31984 (SIRGAS 2000 - UTM 24S); Codificação: UTF-8
vw_PontosdeOnibus.fid-5b41923a_19c3ec54e70_12d3,4050,POINT (-38.573854 -3.750227),6886,"RUA GONÇALVES ALVES RODRIGUES, 601",-3.750227,-38.573854,ETUFOR,2022,EPSG: 31984 (SIRGAS 2000 - UTM 24S); Codificação: UTF-8
vw_PontosdeOnibus.fid-5b41923a_19c3ec54e70_12d4,4051,POINT (-38.575176 -3.759888),6888,"AVENIDA CARNEIRO DE MENDONÇA, S/N",-3.759888,-38.575176,ETUFOR,2022,EPSG: 31984 (SIRGAS 2000 - UTM 24S); Codificação: UTF-8
vw_PontosdeOnibus.fid-5b41923a_19c3ec54e70_12d5,4052,POINT (-38.547714 -3.714042),6889,"AVENIDA PRESIDENTE CASTELO BRANCO, 2223",-3.714042,-38.547714,ETUFOR,2022,EPSG: 31984 (SIRGAS 2000 - UTM 24S); Codificação: UTF-8
vw_PontosdeOnibus.fid-5b41923a_19c3ec54e70_12d6,4053,POINT (-38.554432 -3.822299),689,"AVENIDA COSTA E SILVA, SN",-3.822299,-38.554432,ETUFOR,2022,EPSG: 31984 (SIRGAS 2000 - UTM 24S); Codificação: UTF-8
vw_PontosdeOnibus.fid-5b41923a_19c3ec54e70_12d7,4054,POINT (-38.569811 -3.842881),6890,"AVENIDA RAD JOÃO RAMOS, 1450",-3.842881,-38.569811,ETUFOR,2022,EPSG: 31984 (SIRGAS 2000 - UTM 24S); Codificação: UTF-8
vw_PontosdeOnibus.fid-5b41923a_19c3ec54e70_12d8,4055,POINT (-38.566553 -3.843653),6891,"AVENIDA RAD JOÃO RAMOS, 1033",-3.843653,-38.566553,ETUFOR,2022,EPSG: 31984 (SIRGAS 2000 - UTM 24S); Codificação: UTF-8
vw_PontosdeOnibus.fid-5b41923a_19c3ec54e70_12d9,4056,POINT (-38.576162 -3.838528),6892,"RUA MONTE FLOR, 1307",-3.838528,-38.576162,ETUFOR,2022,EPSG: 31984 (SIRGAS 2000 - UTM 24S); Codificação: UTF-8
vw_PontosdeOnibus.fid-5b41923a_19c3ec54e70_12da,4057,POINT (-38.574593 -3.839142),6893,"RUA VINTE E QUATRO DE MAIO, 413",-3.839142,-38.574593,ETUFOR,2022,EPSG: 31984 (SIRGAS 2000 - UTM 24S); Codificação: UTF-8
vw_PontosdeOnibus.fid-5b41923a_19c3ec54e70_12db,4058,POINT (-38.566911 -3.841397),6894,"RUA FRANCISCA MARIA DA CONCEIÇÃO, 241",-3.841397,-38.566911,ETUFOR,2022,EPSG: 31984 (SIRGAS 2000 - UTM 24S); Codificação: UTF-8
vw_PontosdeOnibus.fid-5b41923a_19c3ec54e70_12dc,4059,POINT (-38.572902 -3.832116),6895,"RUA SÃO FRANCISCO, 1490",-3.832116,-38.572902,ETUFOR,2022,EPSG: 31984 (SIRGAS 2000 - UTM 24S); Codificação: UTF-8
vw_PontosdeOnibus.fid-5b41923a_19c3ec54e70_12dd,4060,POINT (-38.568992 -3.831566),6896,"RUA PLANALTINA, 800",-3.831566,-38.568992,ETUFOR,2022,EPSG: 31984 (SIRGAS 2000 - UTM 24S); Codificação: UTF-8
vw_PontosdeOnibus.fid-5b41923a_19c3ec54e70_12de,4061,POINT (-38.571454 -3.828226),6897,"AVENIDA UM (CJ ARVOREDO), 2470",-3.828226,-38.571454,ETUFOR,2022,EPSG: 31984 (SIRGAS 2000 - UTM 24S); Codificação: UTF-8
vw_PontosdeOnibus.fid-5b41923a_19c3ec54e70_12df,4062,POINT (-38.572365 -3.82778),6898,"RUA ARTUR DE SOUZA, 650",-3.82778,-38.572365,ETUFOR,2022,EPSG: 31984 (SIRGAS 2000 - UTM 24S); Codificação: UTF-8
vw_PontosdeOnibus.fid-5b41923a_19c3ec54e70_12e0,4063,POINT (-38.572203 -3.827902),6899,"RUA ARTUR DE SOUZA, 611",-3.827902,-38.572203,ETUFOR,2022,EPSG: 31984 (SIRGAS 2000 - UTM 24S); Codificação: UTF-8
vw_PontosdeOnibus.fid-5b41923a_19c3ec54e70_12e1,4064,POINT (-38.565106 -3.704293),69,"RUA STA ELISA, 1221",-3.704293,-38.565106,ETUFOR,2022,EPSG: 31984 (SIRGAS 2000 - UTM 24S); Codificação: UTF-8
vw_PontosdeOnibus.fid-5b41923a_19c3ec54e70_12e2,4065,POINT (-38.554768 -3.822074),690,"AVENIDA COSTA E SILVA, 9636",-3.822074,-38.554768,ETUFOR,2022,EPSG: 31984 (SIRGAS 2000 - UTM 24S); Codificação: UTF-8
vw_PontosdeOnibus.fid-5b41923a_19c3ec54e70_12e3,4066,POINT (-38.455373 -3.737867),6900,"AVENIDA DIOGUINHO, S/Nº",-3.737867,-38.455373,ETUFOR,2022,EPSG: 31984 (SIRGAS 2000 - UTM 24S); Codificação: UTF-8
vw_PontosdeOnibus.fid-5b41923a_19c3ec54e70_12e4,4067,POINT (-38.453846 -3.743724),6901,"RUA SEN CARLOS JEREISSATI, S/Nº",-3.743724,-38.453846,ETUFOR,2022,EPSG: 31984 (SIRGAS 2000 - UTM 24S); Codificação: UTF-8
vw_PontosdeOnibus.fid-5b41923a_19c3ec54e70_12e5,4068,POINT (-38.4543 -3.746861),6902,"RUA OLIVEIRA FILHO, 3320",-3.746861,-38.4543,ETUFOR,2022,EPSG: 31984 (SIRGAS 2000 - UTM 24S); Codificação: UTF-8
vw_PontosdeOnibus.fid-5b41923a_19c3ec54e70_12e6,4069,POINT (-38.454383 -3.748884),6903,"AVENIDA SANTOS DUMONT, 7811",-3.748884,-38.454383,ETUFOR,2022,EPSG: 31984 (SIRGAS 2000 - UTM 24S); Codificação: UTF-8
vw_PontosdeOnibus.fid-5b41923a_19c3ec54e70_12e7,4070,POINT (-38.454274 -3.749062),6904,"AVENIDA SANTOS DUMONT, 7810",-3.749062,-38.454274,ETUFOR,2022,EPSG: 31984 (SIRGAS 2000 - UTM 24S); Codificação: UTF-8
vw_PontosdeOnibus.fid-5b41923a_19c3ec54e70_12e8,4071,POINT (-38.449919 -3.747864),6905,"AVENIDA DIOGUINHO, S/Nº",-3.747864,-38.449919,ETUFOR,2022,EPSG: 31984 (SIRGAS 2000 - UTM 24S); Codificação: UTF-8
vw_PontosdeOnibus.fid-5b41923a_19c3ec54e70_12e9,4072,POINT (-38.440127 -3.767874),6906,"AVENIDA DIOGUINHO, 6177",-3.767874,-38.440127,ETUFOR,2022,EPSG: 31984 (SIRGAS 2000 - UTM 24S); Codificação: UTF-8
vw_PontosdeOnibus.fid-5b41923a_19c3ec54e70_12ea,4073,POINT (-38.439481 -3.769184),6907,"AVENIDA DIOGUINHO, 6290",-3.769184,-38.439481,ETUFOR,2022,EPSG: 31984 (SIRGAS 2000 - UTM 24S); Codificação: UTF-8
vw_PontosdeOnibus.fid-5b41923a_19c3ec54e70_12eb,4074,POINT (-38.43946 -3.770402),6908,"AVENIDA DIOGUINHO, 6370",-3.770402,-38.43946,ETUFOR,2022,EPSG: 31984 (SIRGAS 2000 - UTM 24S); Codificação: UTF-8
vw_PontosdeOnibus.fid-5b41923a_19c3ec54e70_12ec,4075,POINT (-38.603922 -3.768441),6909,"AVENIDA A, 931",-3.768441,-38.603922,ETUFOR,2022,EPSG: 31984 (SIRGAS 2000 - UTM 24S); Codificação: UTF-8
vw_PontosdeOnibus.fid-5b41923a_19c3ec54e70_12ed,4076,POINT (-38.562305 -3.840947),6910,"AVENIDA JOÃO DE ARAÚJO LIMA, 2161",-3.840947,-38.562305,ETUFOR,2022,EPSG: 31984 (SIRGAS 2000 - UTM 24S); Codificação: UTF-8
vw_PontosdeOnibus.fid-5b41923a_19c3ec54e70_12ee,4077,POINT (-38.554734 -3.838318),6912,"AVENIDA I, 1610",-3.838318,-38.554734,ETUFOR,2022,EPSG: 31984 (SIRGAS 2000 - UTM 24S); Codificação: UTF-8
vw_PontosdeOnibus.fid-5b41923a_19c3ec54e70_12ef,4078,POINT (-38.553729 -3.840247),6913,"RUA 15, S/Nº",-3.840247,-38.553729,ETUFOR,2022,EPSG: 31984 (SIRGAS 2000 - UTM 24S); Codificação: UTF-8
vw_PontosdeOnibus.fid-5b41923a_19c3ec54e70_12f0,4079,POINT (-38.554419 -3.84306),6914,"RUA 15, S/Nº",-3.84306,-38.554419,ETUFOR,2022,EPSG: 31984 (SIRGAS 2000 - UTM 24S); Codificação: UTF-8
vw_PontosdeOnibus.fid-5b41923a_19c3ec54e70_12f1,4080,POINT (-38.552613 -3.845349),6916,"RUA EÇA DE QUEIRÓS, 131",-3.845349,-38.552613,ETUFOR,2022,EPSG: 31984 (SIRGAS 2000 - UTM 24S); Codificação: UTF-8
vw_PontosdeOnibus.fid-5b41923a_19c3ec54e70_12f2,4081,POINT (-38.561139 -3.834885),6921,"AVENIDA JOÃO DE ARAÚJO LIMA, 1482",-3.834885,-38.561139,ETUFOR,2022,EPSG: 31984 (SIRGAS 2000 - UTM 24S); Codificação: UTF-8
vw_PontosdeOnibus.fid-5b41923a_19c3ec54e70_12f3,4082,POINT (-38.553653 -3.834791),6922,"AVENIDA I, 1215",-3.834791,-38.553653,ETUFOR,2022,EPSG: 31984 (SIRGAS 2000 - UTM 24S); Codificação: UTF-8
vw_PontosdeOnibus.fid-5b41923a_19c3ec54e70_12f4,4083,POINT (-38.552762 -3.834886),6923,"RUA A, 780",-3.834886,-38.552762,ETUFOR,2022,EPSG: 31984 (SIRGAS 2000 - UTM 24S); Codificação: UTF-8
vw_PontosdeOnibus.fid-5b41923a_19c3ec54e70_12f5,4084,POINT (-38.550734 -3.835071),6924,"RUA M, 475",-3.835071,-38.550734,ETUFOR,2022,EPSG: 31984 (SIRGAS 2000 - UTM 24S); Codificação: UTF-8
vw_PontosdeOnibus.fid-5b41923a_19c3ec54e70_12f6,4085,POINT (-38.554518 -3.829096),6927,"AVENIDA C, 290",-3.829096,-38.554518,ETUFOR,2022,EPSG: 31984 (SIRGAS 2000 - UTM 24S); Codificação: UTF-8
vw_PontosdeOnibus.fid-5b41923a_19c3ec54e70_12f7,4086,POINT (-38.549729 -3.826256),6928,"AVENIDA A, 45",-3.826256,-38.549729,ETUFOR,2022,EPSG: 31984 (SIRGAS 2000 - UTM 24S); Codificação: UTF-8
vw_PontosdeOnibus.fid-5b41923a_19c3ec54e70_12f8,4087,POINT (-38.547992 -3.827006),6929,"AVENIDA A, S/Nº",-3.827006,-38.547992,ETUFOR,2022,EPSG: 31984 (SIRGAS 2000 - UTM 24S); Codificação: UTF-8
vw_PontosdeOnibus.fid-5b41923a_19c3ec54e70_12f9,4088,POINT (-38.556281 -3.824206),693,"RUA A CJ JOSE WALTER, SN",-3.824206,-38.556281,ETUFOR,2022,EPSG: 31984 (SIRGAS 2000 - UTM 24S); Codificação: UTF-8
vw_PontosdeOnibus.fid-5b41923a_19c3ec54e70_12fa,4089,POINT (-38.550679 -3.824992),6932,"AVENIDA I, S/Nº",-3.824992,-38.550679,ETUFOR,2022,EPSG: 31984 (SIRGAS 2000 - UTM 24S); Codificação: UTF-8
vw_PontosdeOnibus.fid-5b41923a_19c3ec54e70_12fb,4090,POINT (-38.55249 -3.825364),6933,"AVENIDA A, 181",-3.825364,-38.55249,ETUFOR,2022,EPSG: 31984 (SIRGAS 2000 - UTM 24S); Codificação: UTF-8
vw_PontosdeOnibus.fid-5b41923a_19c3ec54e70_12fc,4091,POINT (-38.55254 -3.825348),6934,"AVENIDA A, 170",-3.825348,-38.55254,ETUFOR,2022,EPSG: 31984 (SIRGAS 2000 - UTM 24S); Codificação: UTF-8
vw_PontosdeOnibus.fid-5b41923a_19c3ec54e70_12fd,4092,POINT (-38.576685 -3.730507),6935,"AVENIDA SARGENTO HERMÍNIO, 4017",-3.730507,-38.576685,ETUFOR,2022,EPSG: 31984 (SIRGAS 2000 - UTM 24S); Codificação: UTF-8
vw_PontosdeOnibus.fid-5b41923a_19c3ec54e70_12fe,4093,POINT (-38.570745 -3.728226),6936,"AVENIDA SARGENTO HERMÍNIO, 3356",-3.728226,-38.570745,ETUFOR,2022,EPSG: 31984 (SIRGAS 2000 - UTM 24S); Codificação: UTF-8
vw_PontosdeOnibus.fid-5b41923a_19c3ec54e70_12ff,4094,POINT (-38.568956 -3.732692),6937,"AVENIDA GOV. PARSIFAL BARROSO, S/N",-3.732692,-38.568956,ETUFOR,2022,EPSG: 31984 (SIRGAS 2000 - UTM 24S); Codificação: UTF-8
vw_PontosdeOnibus.fid-5b41923a_19c3ec54e70_1300,4095,POINT (-38.567716 -3.727672),6939,"AVENIDA SARGENTO HERMÍNIO, S/N",-3.727672,-38.567716,ETUFOR,2022,EPSG: 31984 (SIRGAS 2000 - UTM 24S); Codificação: UTF-8
vw_PontosdeOnibus.fid-5b41923a_19c3ec54e70_1301,4096,POINT (-38.601482 -3.729408),6940,"RUA SULAMITA PORTELA, 712",-3.729408,-38.601482,ETUFOR,2022,EPSG: 31984 (SIRGAS 2000 - UTM 24S); Codificação: UTF-8
vw_PontosdeOnibus.fid-5b41923a_19c3ec54e70_1302,4097,POINT (-38.600402 -3.731314),6941,"RUA DONA LÚCIA PINHEIRO, 2440",-3.731314,-38.600402,ETUFOR,2022,EPSG: 31984 (SIRGAS 2000 - UTM 24S); Codificação: UTF-8
vw_PontosdeOnibus.fid-5b41923a_19c3ec54e70_1303,4098,POINT (-38.596021 -3.734232),6942,"RUA PE PERDIGÃO SAMPAIO, 115",-3.734232,-38.596021,ETUFOR,2022,EPSG: 31984 (SIRGAS 2000 - UTM 24S); Codificação: UTF-8
vw_PontosdeOnibus.fid-5b41923a_19c3ec54e70_1304,4099,POINT (-38.558049 -3.749955),6943,"RUA FREI MARCELINO, 1741",-3.749955,-38.558049,ETUFOR,2022,EPSG: 31984 (SIRGAS 2000 - UTM 24S); Codificação: UTF-8
vw_PontosdeOnibus.fid-5b41923a_19c3ec54e70_1305,4100,POINT (-38.554234 -3.753058),6944,"RUA CAP FRANCISCO PEDRO, 1845",-3.753058,-38.554234,ETUFOR,2022,EPSG: 31984 (SIRGAS 2000 - UTM 24S); Codificação: UTF-8
vw_PontosdeOnibus.fid-5b41923a_19c3ec54e70_1306,4101,POINT (-38.552466 -3.752108),6945,"AVENIDA JOSÉ BASTOS, S/Nº",-3.752108,-38.552466,ETUFOR,2022,EPSG: 31984 (SIRGAS 2000 - UTM 24S); Codificação: UTF-8
vw_PontosdeOnibus.fid-5b41923a_19c3ec54e70_1307,4102,POINT (-38.552647 -3.751366),6946,"RUA CAP FRANCISCO PEDRO, 1515",-3.751366,-38.552647,ETUFOR,2022,EPSG: 31984 (SIRGAS 2000 - UTM 24S); Codificação: UTF-8
vw_PontosdeOnibus.fid-5b41923a_19c3ec54e70_1308,4103,POINT (-38.553818 -3.746071),6947,"RUA ALEXANDRE BARAÚNA, 1320",-3.746071,-38.553818,ETUFOR,2022,EPSG: 31984 (SIRGAS 2000 - UTM 24S); Codificação: UTF-8
vw_PontosdeOnibus.fid-5b41923a_19c3ec54e70_1309,4104,POINT (-38.554462 -3.745957),6948,"RUA FREI MARCELINO, 1178",-3.745957,-38.554462,ETUFOR,2022,EPSG: 31984 (SIRGAS 2000 - UTM 24S); Codificação: UTF-8
vw_PontosdeOnibus.fid-5b41923a_19c3ec54e70_130a,4105,POINT (-38.551078 -3.740713),6949,"RUA FRANCISCA CLOTILDE, 255",-3.740713,-38.551078,ETUFOR,2022,EPSG: 31984 (SIRGAS 2000 - UTM 24S); Codificação: UTF-8
vw_PontosdeOnibus.fid-5b41923a_19c3ec54e70_130b,4106,POINT (-38.547598 -3.74345),6951,"RUA TIRADENTES, 285",-3.74345,-38.547598,ETUFOR,2022,EPSG: 31984 (SIRGAS 2000 - UTM 24S); Codificação: UTF-8
vw_PontosdeOnibus.fid-5b41923a_19c3ec54e70_130c,4107,POINT (-38.53566 -3.721112),6953,"RUA CASTRO E SILVA, S/N",-3.721112,-38.53566,ETUFOR,2022,EPSG: 31984 (SIRGAS 2000 - UTM 24S); Codificação: UTF-8
vw_PontosdeOnibus.fid-5b41923a_19c3ec54e70_130d,4108,POINT (-38.531121 -3.722606),6954,"RUA CASTRO E SILVA, 661",-3.722606,-38.531121,ETUFOR,2022,EPSG: 31984 (SIRGAS 2000 - UTM 24S); Codificação: UTF-8
vw_PontosdeOnibus.fid-5b41923a_19c3ec54e70_130e,4109,POINT (-38.531435 -3.722506),6955,"RUA CASTRO E SILVA, 653",-3.722506,-38.531435,ETUFOR,2022,EPSG: 31984 (SIRGAS 2000 - UTM 24S); Codificação: UTF-8
vw_PontosdeOnibus.fid-5b41923a_19c3ec54e70_130f,4110,POINT (-38.411889 -3.810656),6960,"AVENIDA MANOEL MAVIGNIER, 7547",-3.810656,-38.411889,ETUFOR,2022,EPSG: 31984 (SIRGAS 2000 - UTM 24S); Codificação: UTF-8
vw_PontosdeOnibus.fid-5b41923a_19c3ec54e70_1310,4111,POINT (-38.58662 -3.810807),6963,"RUA PORTO FRANCO, 252",-3.810807,-38.58662,ETUFOR,2022,EPSG: 31984 (SIRGAS 2000 - UTM 24S); Codificação: UTF-8
vw_PontosdeOnibus.fid-5b41923a_19c3ec54e70_1311,4112,POINT (-38.411286 -3.810983),6964,"AVENIDA MANOEL MAVIGNIER, 7596",-3.810983,-38.411286,ETUFOR,2022,EPSG: 31984 (SIRGAS 2000 - UTM 24S); Codificação: UTF-8
vw_PontosdeOnibus.fid-5b41923a_19c3ec54e70_1312,4113,POINT (-38.554739 -3.824677),697,"RUA AV A CJ JOSE WALTER, 481",-3.824677,-38.554739,ETUFOR,2022,EPSG: 31984 (SIRGAS 2000 - UTM 24S); Codificação: UTF-8
vw_PontosdeOnibus.fid-5b41923a_19c3ec54e70_1313,4114,POINT (-38.51483 -3.855066),6972,"RUA ADEMIR MARTINS, 229",-3.855066,-38.51483,ETUFOR,2022,EPSG: 31984 (SIRGAS 2000 - UTM 24S); Codificação: UTF-8
vw_PontosdeOnibus.fid-5b41923a_19c3ec54e70_1314,4115,POINT (-38.43516 -3.776607),6977,"AVENIDA BERNARDO DE CASTRO, S/N",-3.776607,-38.43516,ETUFOR,2022,EPSG: 31984 (SIRGAS 2000 - UTM 24S); Codificação: UTF-8
vw_PontosdeOnibus.fid-5b41923a_19c3ec54e70_1315,4116,POINT (-38.435325 -3.776616),6978,"AVENIDA BERBARDO DE CASTRO, S/N",-3.776616,-38.435325,ETUFOR,2022,EPSG: 31984 (SIRGAS 2000 - UTM 24S); Codificação: UTF-8
vw_PontosdeOnibus.fid-5b41923a_19c3ec54e70_1316,4117,POINT (-38.554677 -3.824695),698,"RUA A CJ JOSE WALTER, 481",-3.824695,-38.554677,ETUFOR,2022,EPSG: 31984 (SIRGAS 2000 - UTM 24S); Codificação: UTF-8
vw_PontosdeOnibus.fid-5b41923a_19c3ec54e70_1317,4118,POINT (-38.544982 -3.801208),6980,"AVENIDA NORTE/SUL, S/N",-3.801208,-38.544982,ETUFOR,2022,EPSG: 31984 (SIRGAS 2000 - UTM 24S); Codificação: UTF-8
vw_PontosdeOnibus.fid-5b41923a_19c3ec54e70_1318,4119,POINT (-38.544207 -3.724417),6984,"RUA MONS CARNEIRO DA CUNHA, S/N",-3.724417,-38.544207,ETUFOR,2022,EPSG: 31984 (SIRGAS 2000 - UTM 24S); Codificação: UTF-8
vw_PontosdeOnibus.fid-5b41923a_19c3ec54e70_1319,4120,POINT (-38.547696 -3.755637),6986,"RUA JÚLIO CÉSAR, S/N",-3.755637,-38.547696,ETUFOR,2022,EPSG: 31984 (SIRGAS 2000 - UTM 24S); Codificação: UTF-8
vw_PontosdeOnibus.fid-5b41923a_19c3ec54e70_131a,4121,POINT (-38.504996 -3.729791),6987,"AVENIDA BARÃO DE STUDART, 831",-3.729791,-38.504996,ETUFOR,2022,EPSG: 31984 (SIRGAS 2000 - UTM 24S); Codificação: UTF-8
vw_PontosdeOnibus.fid-5b41923a_19c3ec54e70_131b,4122,POINT (-38.494363 -3.843518),6988,"AVENIDA PADRE PEDRO DE ALENCAR, 1778",-3.843518,-38.494363,ETUFOR,2022,EPSG: 31984 (SIRGAS 2000 - UTM 24S); Codificação: UTF-8
vw_PontosdeOnibus.fid-5b41923a_19c3ec54e70_131c,4123,POINT (-38.585567 -3.787879),6989,"AVENIDA AVENIDA OSÓRIO DE PAIVA, 2821",-3.787879,-38.585567,ETUFOR,2022,EPSG: 31984 (SIRGAS 2000 - UTM 24S); Codificação: UTF-8
vw_PontosdeOnibus.fid-5b41923a_19c3ec54e70_131d,4124,POINT (-38.549564 -3.826221),6990,"AVENIDA SAPUCAIA, 125",-3.826221,-38.549564,ETUFOR,2022,EPSG: 31984 (SIRGAS 2000 - UTM 24S); Codificação: UTF-8
vw_PontosdeOnibus.fid-5b41923a_19c3ec54e70_131e,4125,POINT (-38.532387 -3.800343),6991,"RUA DESEMBARGADOR OTACÍLIO PEIXOTO, 200",-3.800343,-38.532387,ETUFOR,2022,EPSG: 31984 (SIRGAS 2000 - UTM 24S); Codificação: UTF-8
vw_PontosdeOnibus.fid-5b41923a_19c3ec54e70_131f,4126,POINT (-38.561055 -3.757429),6993,"AVENIDA AMÉRICO BARREIRA, 4999",-3.757429,-38.561055,ETUFOR,2022,EPSG: 31984 (SIRGAS 2000 - UTM 24S); Codificação: UTF-8
vw_PontosdeOnibus.fid-5b41923a_19c3ec54e70_1320,4127,POINT (-38.512478 -3.864307),6994,"RUA , S/N",-3.864307,-38.512478,ETUFOR,2022,EPSG: 31984 (SIRGAS 2000 - UTM 24S); Codificação: UTF-8
vw_PontosdeOnibus.fid-5b41923a_19c3ec54e70_1321,4128,POINT (-38.509578 -3.864529),6995,"RUA , S/N",-3.864529,-38.509578,ETUFOR,2022,EPSG: 31984 (SIRGAS 2000 - UTM 24S); Codificação: UTF-8
vw_PontosdeOnibus.fid-5b41923a_19c3ec54e70_1322,4129,POINT (-38.554598 -3.844778),6996,"AVENIDA 15, S/N",-3.844778,-38.554598,ETUFOR,2022,EPSG: 31984 (SIRGAS 2000 - UTM 24S); Codificação: UTF-8
vw_PontosdeOnibus.fid-5b41923a_19c3ec54e70_1323,4130,POINT (-38.530474 -3.724039),6997,"RUA SEN ALENCAR, SN",-3.724039,-38.530474,ETUFOR,2022,EPSG: 31984 (SIRGAS 2000 - UTM 24S); Codificação: UTF-8
vw_PontosdeOnibus.fid-5b41923a_19c3ec54e70_1324,4131,POINT (-38.580963 -3.699095),7,"RUA DO POENTE, 287",-3.699095,-38.580963,ETUFOR,2022,EPSG: 31984 (SIRGAS 2000 - UTM 24S); Codificação: UTF-8
vw_PontosdeOnibus.fid-5b41923a_19c3ec54e70_1325,4132,POINT (-38.551512 -3.774242),7003,"RUA PERU, 814",-3.774242,-38.551512,ETUFOR,2022,EPSG: 31984 (SIRGAS 2000 - UTM 24S); Codificação: UTF-8
vw_PontosdeOnibus.fid-5b41923a_19c3ec54e70_1326,4133,POINT (-38.527791 -3.83668),7004,"RUA SÃO LUIZ, 90",-3.83668,-38.527791,ETUFOR,2022,EPSG: 31984 (SIRGAS 2000 - UTM 24S); Codificação: UTF-8
vw_PontosdeOnibus.fid-5b41923a_19c3ec54e70_1327,4134,POINT (-38.529473 -3.837947),7005,"RUA SÃO LUIZ, 318",-3.837947,-38.529473,ETUFOR,2022,EPSG: 31984 (SIRGAS 2000 - UTM 24S); Codificação: UTF-8
vw_PontosdeOnibus.fid-5b41923a_19c3ec54e70_1328,4135,POINT (-38.529882 -3.839099),7006,"RUA SAQUAREMA, 958",-3.839099,-38.529882,ETUFOR,2022,EPSG: 31984 (SIRGAS 2000 - UTM 24S); Codificação: UTF-8
vw_PontosdeOnibus.fid-5b41923a_19c3ec54e70_1329,4136,POINT (-38.52818 -3.838066),7007,"RUA SANTO DIAS, 195",-3.838066,-38.52818,ETUFOR,2022,EPSG: 31984 (SIRGAS 2000 - UTM 24S); Codificação: UTF-8
vw_PontosdeOnibus.fid-5b41923a_19c3ec54e70_132a,4137,POINT (-38.489669 -3.790757),7008,"RUA JOSÉ LEON, 2427",-3.790757,-38.489669,ETUFOR,2022,EPSG: 31984 (SIRGAS 2000 - UTM 24S); Codificação: UTF-8
vw_PontosdeOnibus.fid-5b41923a_19c3ec54e70_132b,4138,POINT (-38.495919 -3.798451),7009,"RUA CHICO LEMOS, 1338",-3.798451,-38.495919,ETUFOR,2022,EPSG: 31984 (SIRGAS 2000 - UTM 24S); Codificação: UTF-8
vw_PontosdeOnibus.fid-5b41923a_19c3ec54e70_132c,4139,POINT (-38.551007 -3.82607),701,"AVENIDA I CJ JOSE WALTER, 220",-3.82607,-38.551007,ETUFOR,2022,EPSG: 31984 (SIRGAS 2000 - UTM 24S); Codificação: UTF-8
vw_PontosdeOnibus.fid-5b41923a_19c3ec54e70_132d,4140,POINT (-38.496321 -3.7998),7010,"RUA JOÃO LEONEL, 1373",-3.7998,-38.496321,ETUFOR,2022,EPSG: 31984 (SIRGAS 2000 - UTM 24S); Codificação: UTF-8
vw_PontosdeOnibus.fid-5b41923a_19c3ec54e70_132e,4141,POINT (-38.499434 -3.788841),7011,"RUA JOSÉ FRAGA NETO, 511",-3.788841,-38.499434,ETUFOR,2022,EPSG: 31984 (SIRGAS 2000 - UTM 24S); Codificação: UTF-8
vw_PontosdeOnibus.fid-5b41923a_19c3ec54e70_132f,4142,POINT (-38.554729 -3.8383),7013,"RUA I, 1043",-3.8383,-38.554729,ETUFOR,2022,EPSG: 31984 (SIRGAS 2000 - UTM 24S); Codificação: UTF-8
vw_PontosdeOnibus.fid-5b41923a_19c3ec54e70_1330,4143,POINT (-38.474116 -3.724401),7014,"RUA LESTE OESTE 2, S/N",-3.724401,-38.474116,ETUFOR,2022,EPSG: 31984 (SIRGAS 2000 - UTM 24S); Codificação: UTF-8
vw_PontosdeOnibus.fid-5b41923a_19c3ec54e70_1331,4144,POINT (-38.472854 -3.724154),7017,"RUA NORTE SUL 1,",-3.724154,-38.472854,ETUFOR,2022,EPSG: 31984 (SIRGAS 2000 - UTM 24S); Codificação: UTF-8
vw_PontosdeOnibus.fid-5b41923a_19c3ec54e70_1332,4145,POINT (-38.473743 -3.725109),7019,"RUA ISMAEL PORDEUS, 1361",-3.725109,-38.473743,ETUFOR,2022,EPSG: 31984 (SIRGAS 2000 - UTM 24S); Codificação: UTF-8
vw_PontosdeOnibus.fid-5b41923a_19c3ec54e70_1333,4146,POINT (-38.551029 -3.826143),702,"AVENIDA I CJ JOSE WALTER, 220",-3.826143,-38.551029,ETUFOR,2022,EPSG: 31984 (SIRGAS 2000 - UTM 24S); Codificação: UTF-8
vw_PontosdeOnibus.fid-5b41923a_19c3ec54e70_1334,4147,POINT (-38.597027 -3.722853),7020,"AVENIDA MOZART P.LUCENA, S/N",-3.722853,-38.597027,ETUFOR,2022,EPSG: 31984 (SIRGAS 2000 - UTM 24S); Codificação: UTF-8
vw_PontosdeOnibus.fid-5b41923a_19c3ec54e70_1335,4148,POINT (-38.568846 -3.734415),7021,"AVENIDA PARCIFAL BARROSO, S/N",-3.734415,-38.568846,ETUFOR,2022,EPSG: 31984 (SIRGAS 2000 - UTM 24S); Codificação: UTF-8
vw_PontosdeOnibus.fid-5b41923a_19c3ec54e70_1336,4149,POINT (-38.464603 -3.773709),7022,"RUA CIDADE ECOLÓGICA, 635",-3.773709,-38.464603,ETUFOR,2022,EPSG: 31984 (SIRGAS 2000 - UTM 24S); Codificação: UTF-8
vw_PontosdeOnibus.fid-5b41923a_19c3ec54e70_1337,4150,POINT (-38.580734 -3.732108),7023,"RUA SARGENTO HERMÍNIO, 4595",-3.732108,-38.580734,ETUFOR,2022,EPSG: 31984 (SIRGAS 2000 - UTM 24S); Codificação: UTF-8
vw_PontosdeOnibus.fid-5b41923a_19c3ec54e70_1338,4151,POINT (-38.593478 -3.75387),7024,"RUA ARCO VERDE, 407",-3.75387,-38.593478,ETUFOR,2022,EPSG: 31984 (SIRGAS 2000 - UTM 24S); Codificação: UTF-8
vw_PontosdeOnibus.fid-5b41923a_19c3ec54e70_1339,4152,POINT (-38.602159 -3.760958),7025,"RUA PERILO TEIXEIRA, 260",-3.760958,-38.602159,ETUFOR,2022,EPSG: 31984 (SIRGAS 2000 - UTM 24S); Codificação: UTF-8
vw_PontosdeOnibus.fid-5b41923a_19c3ec54e70_133a,4153,POINT (-38.544356 -3.746754),7026,"AVENIDA JOÃO PESSOA, S/N",-3.746754,-38.544356,ETUFOR,2022,EPSG: 31984 (SIRGAS 2000 - UTM 24S); Codificação: UTF-8
vw_PontosdeOnibus.fid-5b41923a_19c3ec54e70_133b,4154,POINT (-38.488157 -3.778945),7027,"RUA CORONEL JOSÉ FILOMENO GOMES, 1029",-3.778945,-38.488157,ETUFOR,2022,EPSG: 31984 (SIRGAS 2000 - UTM 24S); Codificação: UTF-8
vw_PontosdeOnibus.fid-5b41923a_19c3ec54e70_133c,4155,POINT (-38.488176 -3.779653),7028,"AVENIDA JOSÉ FILOMENO GOMES, 1152",-3.779653,-38.488176,ETUFOR,2022,EPSG: 31984 (SIRGAS 2000 - UTM 24S); Codificação: UTF-8
vw_PontosdeOnibus.fid-5b41923a_19c3ec54e70_133d,4156,POINT (-38.48839 -3.781203),7029,"AVENIDA CORONEL JOSÉ FILOMENO GOMES, 1615",-3.781203,-38.48839,ETUFOR,2022,EPSG: 31984 (SIRGAS 2000 - UTM 24S); Codificação: UTF-8
vw_PontosdeOnibus.fid-5b41923a_19c3ec54e70_133e,4157,POINT (-38.488449 -3.78158),7030,"AVENIDA CORONEL JOSÉ FILOMENO GOMES, 1305",-3.78158,-38.488449,ETUFOR,2022,EPSG: 31984 (SIRGAS 2000 - UTM 24S); Codificação: UTF-8
vw_PontosdeOnibus.fid-5b41923a_19c3ec54e70_133f,4158,POINT (-38.581747 -3.694722),7031,"AVENIDA COSTA OESTE, 3829",-3.694722,-38.581747,ETUFOR,2022,EPSG: 31984 (SIRGAS 2000 - UTM 24S); Codificação: UTF-8
vw_PontosdeOnibus.fid-5b41923a_19c3ec54e70_1340,4159,POINT (-38.552853 -3.750088),7032,"RUA MONSENHOR FURTADO, 1445",-3.750088,-38.552853,ETUFOR,2022,EPSG: 31984 (SIRGAS 2000 - UTM 24S); Codificação: UTF-8
vw_PontosdeOnibus.fid-5b41923a_19c3ec54e70_1341,4160,POINT (-38.595202 -3.837123),7033,"RUA Dezoito, S/N",-3.837123,-38.595202,ETUFOR,2022,EPSG: 31984 (SIRGAS 2000 - UTM 24S); Codificação: UTF-8
vw_PontosdeOnibus.fid-5b41923a_19c3ec54e70_1342,4161,POINT (-38.524987 -3.731637),7036,"AVENIDA VIS RIO BRANCO, 1257",-3.731637,-38.524987,ETUFOR,2022,EPSG: 31984 (SIRGAS 2000 - UTM 24S); Codificação: UTF-8
vw_PontosdeOnibus.fid-5b41923a_19c3ec54e70_1343,4162,POINT (-38.52503 -3.731416),7037,"AVENIDA VIS RIO BRANCO, 1257",-3.731416,-38.52503,ETUFOR,2022,EPSG: 31984 (SIRGAS 2000 - UTM 24S); Codificação: UTF-8
vw_PontosdeOnibus.fid-5b41923a_19c3ec54e70_1344,4163,POINT (-38.532492 -3.722036),7038,"RUA CASTRO E SILVA, 765",-3.722036,-38.532492,ETUFOR,2022,EPSG: 31984 (SIRGAS 2000 - UTM 24S); Codificação: UTF-8
vw_PontosdeOnibus.fid-5b41923a_19c3ec54e70_1345,4164,POINT (-38.528836 -3.724276),7039,"RUA SEN POMPEU, SN",-3.724276,-38.528836,ETUFOR,2022,EPSG: 31984 (SIRGAS 2000 - UTM 24S); Codificação: UTF-8
vw_PontosdeOnibus.fid-5b41923a_19c3ec54e70_1346,4165,POINT (-38.551367 -3.823239),704,"AVENIDA COSTA E SILVA, 81",-3.823239,-38.551367,ETUFOR,2022,EPSG: 31984 (SIRGAS 2000 - UTM 24S); Codificação: UTF-8
vw_PontosdeOnibus.fid-5b41923a_19c3ec54e70_1347,4166,POINT (-38.574685 -3.729731),7040,"RUA SARGENTO HERMÍNIO, 3800",-3.729731,-38.574685,ETUFOR,2022,EPSG: 31984 (SIRGAS 2000 - UTM 24S); Codificação: UTF-8
vw_PontosdeOnibus.fid-5b41923a_19c3ec54e70_1348,4167,POINT (-38.488204 -3.759396),7041,"AVENIDA MIGUEL DIAS, 150",-3.759396,-38.488204,ETUFOR,2022,EPSG: 31984 (SIRGAS 2000 - UTM 24S); Codificação: UTF-8
vw_PontosdeOnibus.fid-5b41923a_19c3ec54e70_1349,4168,POINT (-38.488045 -3.760895),7042,"AVENIDA MIGUEL DIAS, 414",-3.760895,-38.488045,ETUFOR,2022,EPSG: 31984 (SIRGAS 2000 - UTM 24S); Codificação: UTF-8
vw_PontosdeOnibus.fid-5b41923a_19c3ec54e70_134a,4169,POINT (-38.546716 -3.781799),7043,"RUA GUERRA JUNQUEIRA, 558",-3.781799,-38.546716,ETUFOR,2022,EPSG: 31984 (SIRGAS 2000 - UTM 24S); Codificação: UTF-8
vw_PontosdeOnibus.fid-5b41923a_19c3ec54e70_134b,4170,POINT (-38.54928 -3.781007),7044,"RUA GUERRA JUNQUEIRA, 854",-3.781007,-38.54928,ETUFOR,2022,EPSG: 31984 (SIRGAS 2000 - UTM 24S); Codificação: UTF-8
vw_PontosdeOnibus.fid-5b41923a_19c3ec54e70_134c,4171,POINT (-38.550706 -3.780538),7045,"RUA GUERRA JUNQUEIRA, 992",-3.780538,-38.550706,ETUFOR,2022,EPSG: 31984 (SIRGAS 2000 - UTM 24S); Codificação: UTF-8
vw_PontosdeOnibus.fid-5b41923a_19c3ec54e70_134d,4172,POINT (-38.556935 -3.77628),7046,"RUA CÔNEGO LIMA SUCUPIRA, 2431",-3.77628,-38.556935,ETUFOR,2022,EPSG: 31984 (SIRGAS 2000 - UTM 24S); Codificação: UTF-8
vw_PontosdeOnibus.fid-5b41923a_19c3ec54e70_134e,4173,POINT (-38.495267 -3.730039),7049,"BARBOSA DE FREITAS, S/N",-3.730039,-38.495267,ETUFOR,2022,EPSG: 31984 (SIRGAS 2000 - UTM 24S); Codificação: UTF-8
vw_PontosdeOnibus.fid-5b41923a_19c3ec54e70_134f,4174,POINT (-38.551277 -3.823136),705,"AVENIDA PRS COSTA E SILVA, 81",-3.823136,-38.551277,ETUFOR,2022,EPSG: 31984 (SIRGAS 2000 - UTM 24S); Codificação: UTF-8
vw_PontosdeOnibus.fid-5b41923a_19c3ec54e70_1350,4175,POINT (-38.495905 -3.732036),7050,"RUA BARBOSA DE FREITAS, 814",-3.732036,-38.495905,ETUFOR,2022,EPSG: 31984 (SIRGAS 2000 - UTM 24S); Codificação: UTF-8
vw_PontosdeOnibus.fid-5b41923a_19c3ec54e70_1351,4176,POINT (-38.496989 -3.818369),7051,"AVENIDA FREI CIRILO, S/N",-3.818369,-38.496989,ETUFOR,2022,EPSG: 31984 (SIRGAS 2000 - UTM 24S); Codificação: UTF-8
vw_PontosdeOnibus.fid-5b41923a_19c3ec54e70_1352,4177,POINT (-38.496929 -3.818272),7052,"AVENIDA FREI CIRILO, S/N",-3.818272,-38.496929,ETUFOR,2022,EPSG: 31984 (SIRGAS 2000 - UTM 24S); Codificação: UTF-8
vw_PontosdeOnibus.fid-5b41923a_19c3ec54e70_1353,4178,POINT (-38.572094 -3.783549),7053,"RUA CÔNEGO DE CASTRO, 1334",-3.783549,-38.572094,ETUFOR,2022,EPSG: 31984 (SIRGAS 2000 - UTM 24S); Codificação: UTF-8
vw_PontosdeOnibus.fid-5b41923a_19c3ec54e70_1354,4179,POINT (-38.574665 -3.786348),7054,"RUA CÔNEGO DE CASTRO, 1760",-3.786348,-38.574665,ETUFOR,2022,EPSG: 31984 (SIRGAS 2000 - UTM 24S); Codificação: UTF-8
vw_PontosdeOnibus.fid-5b41923a_19c3ec54e70_1355,4180,POINT (-38.572733 -3.749114),7055,"RUA GONÇALVES RODRIGUES, 375",-3.749114,-38.572733,ETUFOR,2022,EPSG: 31984 (SIRGAS 2000 - UTM 24S); Codificação: UTF-8
vw_PontosdeOnibus.fid-5b41923a_19c3ec54e70_1356,4181,POINT (-38.613555 -3.815662),7057,"AVENIDA LUIZ  MONTENEGRO, 35",-3.815662,-38.613555,ETUFOR,2022,EPSG: 31984 (SIRGAS 2000 - UTM 24S); Codificação: UTF-8
vw_PontosdeOnibus.fid-5b41923a_19c3ec54e70_1357,4182,POINT (-38.615806 -3.814952),7059,"AVENIDA LUIZ MONTENEGRO, 300",-3.814952,-38.615806,ETUFOR,2022,EPSG: 31984 (SIRGAS 2000 - UTM 24S); Codificação: UTF-8
vw_PontosdeOnibus.fid-5b41923a_19c3ec54e70_1358,4183,POINT (-38.545773 -3.714892),706,"AVENIDA PRS CASTELO BRANCO, 2031",-3.714892,-38.545773,ETUFOR,2022,EPSG: 31984 (SIRGAS 2000 - UTM 24S); Codificação: UTF-8
vw_PontosdeOnibus.fid-5b41923a_19c3ec54e70_1359,4184,POINT (-38.509133 -3.868363),7063,"RODOVIA 4º ANEL, 2700",-3.868363,-38.509133,ETUFOR,2022,EPSG: 31984 (SIRGAS 2000 - UTM 24S); Codificação: UTF-8
vw_PontosdeOnibus.fid-5b41923a_19c3ec54e70_135a,4185,POINT (-38.506557 -3.869209),7064,"RODOVIA 4º ANEL VIÁRIO, 900",-3.869209,-38.506557,ETUFOR,2022,EPSG: 31984 (SIRGAS 2000 - UTM 24S); Codificação: UTF-8
vw_PontosdeOnibus.fid-5b41923a_19c3ec54e70_135b,4186,POINT (-38.547341 -3.785822),7065,"AVENIDA BERNARDO MANOEL,",-3.785822,-38.547341,ETUFOR,2022,EPSG: 31984 (SIRGAS 2000 - UTM 24S); Codificação: UTF-8
vw_PontosdeOnibus.fid-5b41923a_19c3ec54e70_135c,4187,POINT (-38.499217 -3.794755),7067,"RUA CÔNEGO BARVEZA, 504",-3.794755,-38.499217,ETUFOR,2022,EPSG: 31984 (SIRGAS 2000 - UTM 24S); Codificação: UTF-8
vw_PontosdeOnibus.fid-5b41923a_19c3ec54e70_135d,4188,POINT (-38.500038 -3.792902),7068,"RUA CÔNEGO BRAVEZA, 301",-3.792902,-38.500038,ETUFOR,2022,EPSG: 31984 (SIRGAS 2000 - UTM 24S); Codificação: UTF-8
vw_PontosdeOnibus.fid-5b41923a_19c3ec54e70_135e,4189,POINT (-38.5009 -3.79098),7069,"RUA CÔNEGO BRAVEZA, 31",-3.79098,-38.5009,ETUFOR,2022,EPSG: 31984 (SIRGAS 2000 - UTM 24S); Codificação: UTF-8
vw_PontosdeOnibus.fid-5b41923a_19c3ec54e70_135f,4190,POINT (-38.540313 -3.716961),707,"AVENIDA PRS CASTELO BRANCO, 595",-3.716961,-38.540313,ETUFOR,2022,EPSG: 31984 (SIRGAS 2000 - UTM 24S); Codificação: UTF-8
vw_PontosdeOnibus.fid-5b41923a_19c3ec54e70_1360,4191,POINT (-38.527782 -3.872599),7070,"AVENIDA CEL DIONÍZIO ALENCAR, 1689",-3.872599,-38.527782,ETUFOR,2022,EPSG: 31984 (SIRGAS 2000 - UTM 24S); Codificação: UTF-8
vw_PontosdeOnibus.fid-5b41923a_19c3ec54e70_1361,4192,POINT (-38.553293 -3.775278),7073,"RUA JÚLIO VERME, 406",-3.775278,-38.553293,ETUFOR,2022,EPSG: 31984 (SIRGAS 2000 - UTM 24S); Codificação: UTF-8
vw_PontosdeOnibus.fid-5b41923a_19c3ec54e70_1362,4193,POINT (-38.589413 -3.798739),7074,"RUA JOÃO RAMALHO, 316",-3.798739,-38.589413,ETUFOR,2022,EPSG: 31984 (SIRGAS 2000 - UTM 24S); Codificação: UTF-8
vw_PontosdeOnibus.fid-5b41923a_19c3ec54e70_1363,4194,POINT (-38.588732 -3.799291),7075,"RUA COMENDADOR GARCIA, 1915",-3.799291,-38.588732,ETUFOR,2022,EPSG: 31984 (SIRGAS 2000 - UTM 24S); Codificação: UTF-8
vw_PontosdeOnibus.fid-5b41923a_19c3ec54e70_1364,4195,POINT (-38.589427 -3.800638),7076,"RUA BERNARDINHO CAMPOS, 137",-3.800638,-38.589427,ETUFOR,2022,EPSG: 31984 (SIRGAS 2000 - UTM 24S); Codificação: UTF-8
vw_PontosdeOnibus.fid-5b41923a_19c3ec54e70_1365,4196,POINT (-38.590134 -3.80186),7077,"RUA XISTO ALBANO, 2334",-3.80186,-38.590134,ETUFOR,2022,EPSG: 31984 (SIRGAS 2000 - UTM 24S); Codificação: UTF-8
vw_PontosdeOnibus.fid-5b41923a_19c3ec54e70_1366,4197,POINT (-38.489412 -3.798691),7078,"RUA VISCONDE DE BARBACENA, 390",-3.798691,-38.489412,ETUFOR,2022,EPSG: 31984 (SIRGAS 2000 - UTM 24S); Codificação: UTF-8
vw_PontosdeOnibus.fid-5b41923a_19c3ec54e70_1367,4198,POINT (-38.540517 -3.716608),708,"AVENIDA PRS CASTELO BRANCO, 591",-3.716608,-38.540517,ETUFOR,2022,EPSG: 31984 (SIRGAS 2000 - UTM 24S); Codificação: UTF-8
vw_PontosdeOnibus.fid-5b41923a_19c3ec54e70_1368,4199,POINT (-38.492303 -3.801573),7080,"RUA DES JOSÉ GIL DE CARVALHO, 205",-3.801573,-38.492303,ETUFOR,2022,EPSG: 31984 (SIRGAS 2000 - UTM 24S); Codificação: UTF-8
vw_PontosdeOnibus.fid-5b41923a_19c3ec54e70_1369,4200,POINT (-38.490143 -3.802271),7081,"RUA DES JOSÉ GIL DE CARVALHO, 1701",-3.802271,-38.490143,ETUFOR,2022,EPSG: 31984 (SIRGAS 2000 - UTM 24S); Codificação: UTF-8
vw_PontosdeOnibus.fid-5b41923a_19c3ec54e70_136a,4201,POINT (-38.62021 -3.822782),7082,"RUA ADALBERTO MALVEIRA, 61",-3.822782,-38.62021,ETUFOR,2022,EPSG: 31984 (SIRGAS 2000 - UTM 24S); Codificação: UTF-8
vw_PontosdeOnibus.fid-5b41923a_19c3ec54e70_136b,4202,POINT (-38.621113 -3.822202),7083,"RUA , 162",-3.822202,-38.621113,ETUFOR,2022,EPSG: 31984 (SIRGAS 2000 - UTM 24S); Codificação: UTF-8
vw_PontosdeOnibus.fid-5b41923a_19c3ec54e70_136c,4203,POINT (-38.554611 -3.721884),7084,"RUA NATURALISTA FEIJÓ, 644",-3.721884,-38.554611,ETUFOR,2022,EPSG: 31984 (SIRGAS 2000 - UTM 24S); Codificação: UTF-8
vw_PontosdeOnibus.fid-5b41923a_19c3ec54e70_136d,4204,POINT (-38.568803 -3.726156),7085,"AVENIDA DOUTOR THEBERGE, 2696",-3.726156,-38.568803,ETUFOR,2022,EPSG: 31984 (SIRGAS 2000 - UTM 24S); Codificação: UTF-8
vw_PontosdeOnibus.fid-5b41923a_19c3ec54e70_136e,4205,POINT (-38.562814 -3.78582),7086,"RUA PRIMEIRO DE JANEIRO, 372",-3.78582,-38.562814,ETUFOR,2022,EPSG: 31984 (SIRGAS 2000 - UTM 24S); Codificação: UTF-8
vw_PontosdeOnibus.fid-5b41923a_19c3ec54e70_136f,4206,POINT (-38.553477 -3.718697),7087,"AVENIDA FRANCISCO SÁ, S/N",-3.718697,-38.553477,ETUFOR,2022,EPSG: 31984 (SIRGAS 2000 - UTM 24S); Codificação: UTF-8
vw_PontosdeOnibus.fid-5b41923a_19c3ec54e70_1370,4207,POINT (-38.536898 -3.804603),7088,"RUA AROEIRAS, 191",-3.804603,-38.536898,ETUFOR,2022,EPSG: 31984 (SIRGAS 2000 - UTM 24S); Codificação: UTF-8
vw_PontosdeOnibus.fid-5b41923a_19c3ec54e70_1371,4208,POINT (-38.473446 -3.807723),7089,"AVENIDA MAESTRO LISBOA, S/N",-3.807723,-38.473446,ETUFOR,2022,EPSG: 31984 (SIRGAS 2000 - UTM 24S); Codificação: UTF-8
vw_PontosdeOnibus.fid-5b41923a_19c3ec54e70_1372,4209,POINT (-38.541796 -3.717246),709,"AVENIDA FILOMENO GOMES, 291",-3.717246,-38.541796,ETUFOR,2022,EPSG: 31984 (SIRGAS 2000 - UTM 24S); Codificação: UTF-8
vw_PontosdeOnibus.fid-5b41923a_19c3ec54e70_1373,4210,POINT (-38.459516 -3.807276),7090,"AVENIDA MAESTRO LISBOA, 2249",-3.807276,-38.459516,ETUFOR,2022,EPSG: 31984 (SIRGAS 2000 - UTM 24S); Codificação: UTF-8
vw_PontosdeOnibus.fid-5b41923a_19c3ec54e70_1374,4211,POINT (-38.462902 -3.807859),7091,"AVENIDA , 1931",-3.807859,-38.462902,ETUFOR,2022,EPSG: 31984 (SIRGAS 2000 - UTM 24S); Codificação: UTF-8
vw_PontosdeOnibus.fid-5b41923a_19c3ec54e70_1375,4212,POINT (-38.455315 -3.806309),7092,"AVENIDA MAESTRO LISBOA, S/N",-3.806309,-38.455315,ETUFOR,2022,EPSG: 31984 (SIRGAS 2000 - UTM 24S); Codificação: UTF-8
vw_PontosdeOnibus.fid-5b41923a_19c3ec54e70_1376,4213,POINT (-38.452206 -3.805853),7093,"AVENIDA MAESTRO LISBOA, 2950",-3.805853,-38.452206,ETUFOR,2022,EPSG: 31984 (SIRGAS 2000 - UTM 24S); Codificação: UTF-8
vw_PontosdeOnibus.fid-5b41923a_19c3ec54e70_1377,4214,POINT (-38.452314 -3.805791),7094,"AVENIDA MAESTRO LISBOA, S/N",-3.805791,-38.452314,ETUFOR,2022,EPSG: 31984 (SIRGAS 2000 - UTM 24S); Codificação: UTF-8
vw_PontosdeOnibus.fid-5b41923a_19c3ec54e70_1378,4215,POINT (-38.436034 -3.809453),7095,"AVENIDA MAESTRO LISBOA, S/N",-3.809453,-38.436034,ETUFOR,2022,EPSG: 31984 (SIRGAS 2000 - UTM 24S); Codificação: UTF-8
vw_PontosdeOnibus.fid-5b41923a_19c3ec54e70_1379,4216,POINT (-38.436204 -3.809595),7096,"AVENIDA MAESTRO LISBOA, 42500",-3.809595,-38.436204,ETUFOR,2022,EPSG: 31984 (SIRGAS 2000 - UTM 24S); Codificação: UTF-8
vw_PontosdeOnibus.fid-5b41923a_19c3ec54e70_137a,4217,POINT (-38.55152 -3.807877),7097,"RUA 8, 270",-3.807877,-38.55152,ETUFOR,2022,EPSG: 31984 (SIRGAS 2000 - UTM 24S); Codificação: UTF-8
vw_PontosdeOnibus.fid-5b41923a_19c3ec54e70_137b,4218,POINT (-38.551428 -3.807928),7099,"RUA 8, 280",-3.807928,-38.551428,ETUFOR,2022,EPSG: 31984 (SIRGAS 2000 - UTM 24S); Codificação: UTF-8
vw_PontosdeOnibus.fid-5b41923a_19c3ec54e70_137c,4219,POINT (-38.550486 -3.809173),7100,"RUA 6, 341-A",-3.809173,-38.550486,ETUFOR,2022,EPSG: 31984 (SIRGAS 2000 - UTM 24S); Codificação: UTF-8
vw_PontosdeOnibus.fid-5b41923a_19c3ec54e70_137d,4220,POINT (-38.550542 -3.809143),7101,"RUA 8, 341",-3.809143,-38.550542,ETUFOR,2022,EPSG: 31984 (SIRGAS 2000 - UTM 24S); Codificação: UTF-8
vw_PontosdeOnibus.fid-5b41923a_19c3ec54e70_137e,4221,POINT (-38.531982 -3.828497),7102,"AVENIDA PRESIDENTE CASTELO BRANCO, 5484",-3.828497,-38.531982,ETUFOR,2022,EPSG: 31984 (SIRGAS 2000 - UTM 24S); Codificação: UTF-8
vw_PontosdeOnibus.fid-5b41923a_19c3ec54e70_137f,4222,POINT (-38.519968 -3.828537),7103,"AVENIDA PRESIDENTE COSTA E SILVA, S/D",-3.828537,-38.519968,ETUFOR,2022,EPSG: 31984 (SIRGAS 2000 - UTM 24S); Codificação: UTF-8
vw_PontosdeOnibus.fid-5b41923a_19c3ec54e70_1380,4223,POINT (-38.515805 -3.828134),7104,"AVENIDA JORNALISTA THOMAS COELHO, 2235",-3.828134,-38.515805,ETUFOR,2022,EPSG: 31984 (SIRGAS 2000 - UTM 24S); Codificação: UTF-8
vw_PontosdeOnibus.fid-5b41923a_19c3ec54e70_1381,4224,POINT (-38.515905 -3.828026),7105,"AVENIDA JORNALISTA THOMAS COELHO, 2242",-3.828026,-38.515905,ETUFOR,2022,EPSG: 31984 (SIRGAS 2000 - UTM 24S); Codificação: UTF-8
vw_PontosdeOnibus.fid-5b41923a_19c3ec54e70_1382,4225,POINT (-38.537655 -3.717923),711,"AVENIDA PRS CASTELO BRANCO, SN",-3.717923,-38.537655,ETUFOR,2022,EPSG: 31984 (SIRGAS 2000 - UTM 24S); Codificação: UTF-8
vw_PontosdeOnibus.fid-5b41923a_19c3ec54e70_1383,4226,POINT (-38.487644 -3.764871),7112,"AVENIDA MIGUEL DIAS, 718",-3.764871,-38.487644,ETUFOR,2022,EPSG: 31984 (SIRGAS 2000 - UTM 24S); Codificação: UTF-8
vw_PontosdeOnibus.fid-5b41923a_19c3ec54e70_1384,4227,POINT (-38.487457 -3.769685),7113,"AVENIDA MIGUEL DIAS, 1444",-3.769685,-38.487457,ETUFOR,2022,EPSG: 31984 (SIRGAS 2000 - UTM 24S); Codificação: UTF-8
vw_PontosdeOnibus.fid-5b41923a_19c3ec54e70_1385,4228,POINT (-38.489359 -3.762355),7114,"AVENIDA ATILANO MOURA, 425",-3.762355,-38.489359,ETUFOR,2022,EPSG: 31984 (SIRGAS 2000 - UTM 24S); Codificação: UTF-8
vw_PontosdeOnibus.fid-5b41923a_19c3ec54e70_1386,4229,POINT (-38.47955 -3.816643),7115,"RUA OLÍMPIO LEITE, 780",-3.816643,-38.47955,ETUFOR,2022,EPSG: 31984 (SIRGAS 2000 - UTM 24S); Codificação: UTF-8
vw_PontosdeOnibus.fid-5b41923a_19c3ec54e70_1387,4230,POINT (-38.537379 -3.718171),712,"AVENIDA PRS CASTELO BRANCO, 249",-3.718171,-38.537379,ETUFOR,2022,EPSG: 31984 (SIRGAS 2000 - UTM 24S); Codificação: UTF-8
vw_PontosdeOnibus.fid-5b41923a_19c3ec54e70_1388,4231,POINT (-38.505439 -3.829515),7120,"RUA TAQUATIARA, 6199",-3.829515,-38.505439,ETUFOR,2022,EPSG: 31984 (SIRGAS 2000 - UTM 24S); Codificação: UTF-8
vw_PontosdeOnibus.fid-5b41923a_19c3ec54e70_1389,4232,POINT (-38.600963 -3.794521),7121,"RUA BOM JESUS, 872",-3.794521,-38.600963,ETUFOR,2022,EPSG: 31984 (SIRGAS 2000 - UTM 24S); Codificação: UTF-8
vw_PontosdeOnibus.fid-5b41923a_19c3ec54e70_138a,4233,POINT (-38.601227 -3.794433),7122,"RUA BOM JESUS, 872",-3.794433,-38.601227,ETUFOR,2022,EPSG: 31984 (SIRGAS 2000 - UTM 24S); Codificação: UTF-8
vw_PontosdeOnibus.fid-5b41923a_19c3ec54e70_138b,4234,POINT (-38.558563 -3.82255),7129,"AVENIDA JOÃO DE ARAÚJO LIMA, S/N",-3.82255,-38.558563,ETUFOR,2022,EPSG: 31984 (SIRGAS 2000 - UTM 24S); Codificação: UTF-8
vw_PontosdeOnibus.fid-5b41923a_19c3ec54e70_138c,4235,POINT (-38.535206 -3.718082),713,"AVENIDA PRS CASTELO BRANCO, 1000",-3.718082,-38.535206,ETUFOR,2022,EPSG: 31984 (SIRGAS 2000 - UTM 24S); Codificação: UTF-8
vw_PontosdeOnibus.fid-5b41923a_19c3ec54e70_138d,4236,POINT (-38.558517 -3.822222),7134,"AVENIDA JOÃO DE ARAÚJO MIMA, S/N",-3.822222,-38.558517,ETUFOR,2022,EPSG: 31984 (SIRGAS 2000 - UTM 24S); Codificação: UTF-8
vw_PontosdeOnibus.fid-5b41923a_19c3ec54e70_138e,4237,POINT (-38.596394 -3.796018),7137,"RUA BOM JESUS, 422",-3.796018,-38.596394,ETUFOR,2022,EPSG: 31984 (SIRGAS 2000 - UTM 24S); Codificação: UTF-8
vw_PontosdeOnibus.fid-5b41923a_19c3ec54e70_138f,4238,POINT (-38.603688 -3.793642),7138,"RUA BOM JESUS, S/N",-3.793642,-38.603688,ETUFOR,2022,EPSG: 31984 (SIRGAS 2000 - UTM 24S); Codificação: UTF-8
vw_PontosdeOnibus.fid-5b41923a_19c3ec54e70_1390,4239,POINT (-38.603835 -3.793592),7139,"RUA BOM JESUS, S/N",-3.793592,-38.603835,ETUFOR,2022,EPSG: 31984 (SIRGAS 2000 - UTM 24S); Codificação: UTF-8
vw_PontosdeOnibus.fid-5b41923a_19c3ec54e70_1391,4240,POINT (-38.49026 -3.818916),714,"RUA JOHN LENNON, 76",-3.818916,-38.49026,ETUFOR,2022,EPSG: 31984 (SIRGAS 2000 - UTM 24S); Codificação: UTF-8
vw_PontosdeOnibus.fid-5b41923a_19c3ec54e70_1392,4241,POINT (-38.602285 -3.794104),7140,"RUA BOM JESUS, 942",-3.794104,-38.602285,ETUFOR,2022,EPSG: 31984 (SIRGAS 2000 - UTM 24S); Codificação: UTF-8
vw_PontosdeOnibus.fid-5b41923a_19c3ec54e70_1393,4242,POINT (-38.602409 -3.794063),7141,"RUA BOM JESUS, 963B",-3.794063,-38.602409,ETUFOR,2022,EPSG: 31984 (SIRGAS 2000 - UTM 24S); Codificação: UTF-8
vw_PontosdeOnibus.fid-5b41923a_19c3ec54e70_1394,4243,POINT (-38.559656 -3.803421),7143,"RUA HOLANDA, 1670",-3.803421,-38.559656,ETUFOR,2022,EPSG: 31984 (SIRGAS 2000 - UTM 24S); Codificação: UTF-8
vw_PontosdeOnibus.fid-5b41923a_19c3ec54e70_1395,4244,POINT (-38.541678 -3.793886),7146,"RUA 2, 172",-3.793886,-38.541678,ETUFOR,2022,EPSG: 31984 (SIRGAS 2000 - UTM 24S); Codificação: UTF-8
vw_PontosdeOnibus.fid-5b41923a_19c3ec54e70_1396,4245,POINT (-38.481038 -3.81494),7147,"TERMINAL WASHINGTON SOARES,",-3.81494,-38.481038,ETUFOR,2022,EPSG: 31984 (SIRGAS 2000 - UTM 24S); Codificação: UTF-8
vw_PontosdeOnibus.fid-5b41923a_19c3ec54e70_1397,4246,POINT (-38.481569 -3.814694),7148,"TERMINAL WASHINGTON SOARES,",-3.814694,-38.481569,ETUFOR,2022,EPSG: 31984 (SIRGAS 2000 - UTM 24S); Codificação: UTF-8
vw_PontosdeOnibus.fid-5b41923a_19c3ec54e70_1398,4247,POINT (-38.481463 -3.814601),7149,"TERMINAL WASHINGTON SOARES,",-3.814601,-38.481463,ETUFOR,2022,EPSG: 31984 (SIRGAS 2000 - UTM 24S); Codificação: UTF-8
vw_PontosdeOnibus.fid-5b41923a_19c3ec54e70_1399,4248,POINT (-38.490267 -3.81899),715,"RUA JOHN LENNON, 80",-3.81899,-38.490267,ETUFOR,2022,EPSG: 31984 (SIRGAS 2000 - UTM 24S); Codificação: UTF-8
vw_PontosdeOnibus.fid-5b41923a_19c3ec54e70_139a,4249,POINT (-38.481485 -3.814763),7150,"TERMINAL WASHINGTON SOARES,",-3.814763,-38.481485,ETUFOR,2022,EPSG: 31984 (SIRGAS 2000 - UTM 24S); Codificação: UTF-8
vw_PontosdeOnibus.fid-5b41923a_19c3ec54e70_139b,4250,POINT (-38.480944 -3.815032),7151,"TERMINAL WASHINGTON SOARES,",-3.815032,-38.480944,ETUFOR,2022,EPSG: 31984 (SIRGAS 2000 - UTM 24S); Codificação: UTF-8
vw_PontosdeOnibus.fid-5b41923a_19c3ec54e70_139c,4251,POINT (-38.530206 -3.722762),7153,"RUA CASTRO E SILVA, S/N",-3.722762,-38.530206,ETUFOR,2022,EPSG: 31984 (SIRGAS 2000 - UTM 24S); Codificação: UTF-8
vw_PontosdeOnibus.fid-5b41923a_19c3ec54e70_139d,4252,POINT (-38.529564 -3.722397),7154,"RUA GENERAL SAMPAIO,",-3.722397,-38.529564,ETUFOR,2022,EPSG: 31984 (SIRGAS 2000 - UTM 24S); Codificação: UTF-8
vw_PontosdeOnibus.fid-5b41923a_19c3ec54e70_139e,4253,POINT (-38.490485 -3.821053),716,"RUA JOHN LENNON, 553",-3.821053,-38.490485,ETUFOR,2022,EPSG: 31984 (SIRGAS 2000 - UTM 24S); Codificação: UTF-8
vw_PontosdeOnibus.fid-5b41923a_19c3ec54e70_139f,4254,POINT (-38.448219 -3.751241),7160,"AVENIDA DIOGUINHO, S/N",-3.751241,-38.448219,ETUFOR,2022,EPSG: 31984 (SIRGAS 2000 - UTM 24S); Codificação: UTF-8
vw_PontosdeOnibus.fid-5b41923a_19c3ec54e70_13a0,4255,POINT (-38.447232 -3.753252),7161,"AVENIDA DIOGUINHO, 4400",-3.753252,-38.447232,ETUFOR,2022,EPSG: 31984 (SIRGAS 2000 - UTM 24S); Codificação: UTF-8
vw_PontosdeOnibus.fid-5b41923a_19c3ec54e70_13a1,4256,POINT (-38.49951 -3.786068),7162,"AVENIDA DESEM FAUSTINO ALBUQUERQUE, 733",-3.786068,-38.49951,ETUFOR,2022,EPSG: 31984 (SIRGAS 2000 - UTM 24S); Codificação: UTF-8
vw_PontosdeOnibus.fid-5b41923a_19c3ec54e70_13a2,4257,POINT (-38.548809 -3.787135),7163,"AVENIDA SILAS MUNGUBA, 2790",-3.787135,-38.548809,ETUFOR,2022,EPSG: 31984 (SIRGAS 2000 - UTM 24S); Codificação: UTF-8
vw_PontosdeOnibus.fid-5b41923a_19c3ec54e70_13a3,4258,POINT (-38.465213 -3.719241),7164,"AVENIDA CÉSAR CLAS, 130",-3.719241,-38.465213,ETUFOR,2022,EPSG: 31984 (SIRGAS 2000 - UTM 24S); Codificação: UTF-8
vw_PontosdeOnibus.fid-5b41923a_19c3ec54e70_13a4,4259,POINT (-38.620079 -3.813073),7165,"RUA TEBAS, 18",-3.813073,-38.620079,ETUFOR,2022,EPSG: 31984 (SIRGAS 2000 - UTM 24S); Codificação: UTF-8
vw_PontosdeOnibus.fid-5b41923a_19c3ec54e70_13a5,4260,POINT (-38.619194 -3.811628),7166,"RUA TEBAS, 259",-3.811628,-38.619194,ETUFOR,2022,EPSG: 31984 (SIRGAS 2000 - UTM 24S); Codificação: UTF-8
vw_PontosdeOnibus.fid-5b41923a_19c3ec54e70_13a6,4261,POINT (-38.619157 -3.811568),7167,"RUA TEBAS, 256",-3.811568,-38.619157,ETUFOR,2022,EPSG: 31984 (SIRGAS 2000 - UTM 24S); Codificação: UTF-8
vw_PontosdeOnibus.fid-5b41923a_19c3ec54e70_13a7,4262,POINT (-38.617431 -3.808657),7168,"RUA TEBAS, 120",-3.808657,-38.617431,ETUFOR,2022,EPSG: 31984 (SIRGAS 2000 - UTM 24S); Codificação: UTF-8
vw_PontosdeOnibus.fid-5b41923a_19c3ec54e70_13a8,4263,POINT (-38.619826 -3.809168),7169,"RUA E, 188",-3.809168,-38.619826,ETUFOR,2022,EPSG: 31984 (SIRGAS 2000 - UTM 24S); Codificação: UTF-8
vw_PontosdeOnibus.fid-5b41923a_19c3ec54e70_13a9,4264,POINT (-38.619806 -3.809135),7170,"RUA TEBAS, 188",-3.809135,-38.619806,ETUFOR,2022,EPSG: 31984 (SIRGAS 2000 - UTM 24S); Codificação: UTF-8
vw_PontosdeOnibus.fid-5b41923a_19c3ec54e70_13aa,4265,POINT (-38.620788 -3.810731),7171,"RUA PARAISO VERDE, 430",-3.810731,-38.620788,ETUFOR,2022,EPSG: 31984 (SIRGAS 2000 - UTM 24S); Codificação: UTF-8
vw_PontosdeOnibus.fid-5b41923a_19c3ec54e70_13ab,4266,POINT (-38.620875 -3.810865),7172,"RUA PARAISO VERDE, 36",-3.810865,-38.620875,ETUFOR,2022,EPSG: 31984 (SIRGAS 2000 - UTM 24S); Codificação: UTF-8
vw_PontosdeOnibus.fid-5b41923a_19c3ec54e70_13ac,4267,POINT (-38.622002 -3.812971),7173,"RUA FRANCISCO XAVIER, 110",-3.812971,-38.622002,ETUFOR,2022,EPSG: 31984 (SIRGAS 2000 - UTM 24S); Codificação: UTF-8
vw_PontosdeOnibus.fid-5b41923a_19c3ec54e70_13ad,4268,POINT (-38.621952 -3.812901),7174,"RUA FRANCISCO XAVIER, 99",-3.812901,-38.621952,ETUFOR,2022,EPSG: 31984 (SIRGAS 2000 - UTM 24S); Codificação: UTF-8
vw_PontosdeOnibus.fid-5b41923a_19c3ec54e70_13ae,4269,POINT (-38.623563 -3.806384),7176,"RUA TURQUESA, 170",-3.806384,-38.623563,ETUFOR,2022,EPSG: 31984 (SIRGAS 2000 - UTM 24S); Codificação: UTF-8
vw_PontosdeOnibus.fid-5b41923a_19c3ec54e70_13af,4270,POINT (-38.624696 -3.807877),7177,"RUA TURQUESA, 162",-3.807877,-38.624696,ETUFOR,2022,EPSG: 31984 (SIRGAS 2000 - UTM 24S); Codificação: UTF-8
vw_PontosdeOnibus.fid-5b41923a_19c3ec54e70_13b0,4271,POINT (-38.625878 -3.809398),7178,"RUA TURQUESA, 15",-3.809398,-38.625878,ETUFOR,2022,EPSG: 31984 (SIRGAS 2000 - UTM 24S); Codificação: UTF-8
vw_PontosdeOnibus.fid-5b41923a_19c3ec54e70_13b1,4272,POINT (-38.624452 -3.805712),7179,"RUA BRILHANTE, 73",-3.805712,-38.624452,ETUFOR,2022,EPSG: 31984 (SIRGAS 2000 - UTM 24S); Codificação: UTF-8
vw_PontosdeOnibus.fid-5b41923a_19c3ec54e70_13b2,4273,POINT (-38.483774 -3.821884),718,"RUA ACESSO AO HOSP. DE MESSEJANA, SN",-3.821884,-38.483774,ETUFOR,2022,EPSG: 31984 (SIRGAS 2000 - UTM 24S); Codificação: UTF-8
vw_PontosdeOnibus.fid-5b41923a_19c3ec54e70_13b3,4274,POINT (-38.626322 -3.808094),7180,"RUA BRILHANTE, 331",-3.808094,-38.626322,ETUFOR,2022,EPSG: 31984 (SIRGAS 2000 - UTM 24S); Codificação: UTF-8
vw_PontosdeOnibus.fid-5b41923a_19c3ec54e70_13b4,4275,POINT (-38.625352 -3.811932),7181,"RUA SÃO PAULO, 1764",-3.811932,-38.625352,ETUFOR,2022,EPSG: 31984 (SIRGAS 2000 - UTM 24S); Codificação: UTF-8
vw_PontosdeOnibus.fid-5b41923a_19c3ec54e70_13b5,4276,POINT (-38.625337 -3.811908),7182,"RUA CARVALHO NOQUEIRA, 99",-3.811908,-38.625337,ETUFOR,2022,EPSG: 31984 (SIRGAS 2000 - UTM 24S); Codificação: UTF-8
vw_PontosdeOnibus.fid-5b41923a_19c3ec54e70_13b6,4277,POINT (-38.621002 -3.814585),7183,"RUA TEBAS, 400",-3.814585,-38.621002,ETUFOR,2022,EPSG: 31984 (SIRGAS 2000 - UTM 24S); Codificação: UTF-8
vw_PontosdeOnibus.fid-5b41923a_19c3ec54e70_13b7,4278,POINT (-38.578652 -3.712151),7186,"RUA TULIPA, 201",-3.712151,-38.578652,ETUFOR,2022,EPSG: 31984 (SIRGAS 2000 - UTM 24S); Codificação: UTF-8
vw_PontosdeOnibus.fid-5b41923a_19c3ec54e70_13b8,4279,POINT (-38.603473 -3.712325),7187,"RUA J, 190",-3.712325,-38.603473,ETUFOR,2022,EPSG: 31984 (SIRGAS 2000 - UTM 24S); Codificação: UTF-8
vw_PontosdeOnibus.fid-5b41923a_19c3ec54e70_13b9,4280,POINT (-38.583373 -3.715056),7190,"RUA , 251",-3.715056,-38.583373,ETUFOR,2022,EPSG: 31984 (SIRGAS 2000 - UTM 24S); Codificação: UTF-8
vw_PontosdeOnibus.fid-5b41923a_19c3ec54e70_13ba,4281,POINT (-38.57268 -3.721748),7191,"RUA EXPEDITO XAVIER, 162",-3.721748,-38.57268,ETUFOR,2022,EPSG: 31984 (SIRGAS 2000 - UTM 24S); Codificação: UTF-8
vw_PontosdeOnibus.fid-5b41923a_19c3ec54e70_13bb,4282,POINT (-38.572982 -3.721211),7192,"RUA EXPEDIDO XAVIER, 226",-3.721211,-38.572982,ETUFOR,2022,EPSG: 31984 (SIRGAS 2000 - UTM 24S); Codificação: UTF-8
vw_PontosdeOnibus.fid-5b41923a_19c3ec54e70_13bc,4283,POINT (-38.57275 -3.721123),7193,"RUA LUIZ GUIMARÃES,",-3.721123,-38.57275,ETUFOR,2022,EPSG: 31984 (SIRGAS 2000 - UTM 24S); Codificação: UTF-8
vw_PontosdeOnibus.fid-5b41923a_19c3ec54e70_13bd,4284,POINT (-38.560673 -3.721536),7194,"RUA BARÃO DO CRATO, 1265",-3.721536,-38.560673,ETUFOR,2022,EPSG: 31984 (SIRGAS 2000 - UTM 24S); Codificação: UTF-8
vw_PontosdeOnibus.fid-5b41923a_19c3ec54e70_13be,4285,POINT (-38.582931 -3.718995),7195,"RUA ALBERTO FERREIRA, 109",-3.718995,-38.582931,ETUFOR,2022,EPSG: 31984 (SIRGAS 2000 - UTM 24S); Codificação: UTF-8
vw_PontosdeOnibus.fid-5b41923a_19c3ec54e70_13bf,4286,POINT (-38.576873 -3.699478),7196,"RUA ROBERT KENNEDY, 58",-3.699478,-38.576873,ETUFOR,2022,EPSG: 31984 (SIRGAS 2000 - UTM 24S); Codificação: UTF-8
vw_PontosdeOnibus.fid-5b41923a_19c3ec54e70_13c0,4287,POINT (-38.576884 -3.699501),7198,"AVENIDA ROBERTO KENNED, 63",-3.699501,-38.576884,ETUFOR,2022,EPSG: 31984 (SIRGAS 2000 - UTM 24S); Codificação: UTF-8
vw_PontosdeOnibus.fid-5b41923a_19c3ec54e70_13c1,4288,POINT (-38.570456 -3.716658),7199,"RUA DR. HUGO ROCHA, 508",-3.716658,-38.570456,ETUFOR,2022,EPSG: 31984 (SIRGAS 2000 - UTM 24S); Codificação: UTF-8
vw_PontosdeOnibus.fid-5b41923a_19c3ec54e70_13c2,4289,POINT (-38.490938 -3.826721),720,"RUA GUILHERME PESSOA, 483",-3.826721,-38.490938,ETUFOR,2022,EPSG: 31984 (SIRGAS 2000 - UTM 24S); Codificação: UTF-8
vw_PontosdeOnibus.fid-5b41923a_19c3ec54e70_13c3,4290,POINT (-38.57245 -3.715755),7201,"RUA DONA MENDINA, 1104",-3.715755,-38.57245,ETUFOR,2022,EPSG: 31984 (SIRGAS 2000 - UTM 24S); Codificação: UTF-8
vw_PontosdeOnibus.fid-5b41923a_19c3ec54e70_13c4,4291,POINT (-38.548598 -3.724537),7202,"AVENIDA SAQRGENTO HERMÍNIO, 880",-3.724537,-38.548598,ETUFOR,2022,EPSG: 31984 (SIRGAS 2000 - UTM 24S); Codificação: UTF-8
vw_PontosdeOnibus.fid-5b41923a_19c3ec54e70_13c5,4292,POINT (-38.596692 -3.709696),7203,", 391",-3.709696,-38.596692,ETUFOR,2022,EPSG: 31984 (SIRGAS 2000 - UTM 24S); Codificação: UTF-8
vw_PontosdeOnibus.fid-5b41923a_19c3ec54e70_13c6,4293,POINT (-38.600034 -3.715388),7206,"AVENIDA AMBIENTALISTA ARY THIERS, 593",-3.715388,-38.600034,ETUFOR,2022,EPSG: 31984 (SIRGAS 2000 - UTM 24S); Codificação: UTF-8
vw_PontosdeOnibus.fid-5b41923a_19c3ec54e70_13c7,4294,POINT (-38.598687 -3.710086),7208,"AVENIDA L, 642",-3.710086,-38.598687,ETUFOR,2022,EPSG: 31984 (SIRGAS 2000 - UTM 24S); Codificação: UTF-8
vw_PontosdeOnibus.fid-5b41923a_19c3ec54e70_13c8,4295,POINT (-38.578224 -3.698182),7209,"RUA ZAMBAIA, 160",-3.698182,-38.578224,ETUFOR,2022,EPSG: 31984 (SIRGAS 2000 - UTM 24S); Codificação: UTF-8
vw_PontosdeOnibus.fid-5b41923a_19c3ec54e70_13c9,4296,POINT (-38.578267 -3.698276),7210,"RUA ZAMBAIA, 173",-3.698276,-38.578267,ETUFOR,2022,EPSG: 31984 (SIRGAS 2000 - UTM 24S); Codificação: UTF-8
vw_PontosdeOnibus.fid-5b41923a_19c3ec54e70_13ca,4297,POINT (-38.571393 -3.713068),7211,"RUA DONA MENDINA, 1104",-3.713068,-38.571393,ETUFOR,2022,EPSG: 31984 (SIRGAS 2000 - UTM 24S); Codificação: UTF-8
vw_PontosdeOnibus.fid-5b41923a_19c3ec54e70_13cb,4298,POINT (-38.530944 -3.733579),7213,"RUA METON DE ALENCAR, 777",-3.733579,-38.530944,ETUFOR,2022,EPSG: 31984 (SIRGAS 2000 - UTM 24S); Codificação: UTF-8
vw_PontosdeOnibus.fid-5b41923a_19c3ec54e70_13cc,4299,POINT (-38.495528 -3.751116),7216,"AVENIDA ALM HENRIQUE SABOIA, 4097",-3.751116,-38.495528,ETUFOR,2022,EPSG: 31984 (SIRGAS 2000 - UTM 24S); Codificação: UTF-8
vw_PontosdeOnibus.fid-5b41923a_19c3ec54e70_13cd,4300,POINT (-38.474284 -3.728436),7217,"AVENIDA AREIA BARNCA, 197",-3.728436,-38.474284,ETUFOR,2022,EPSG: 31984 (SIRGAS 2000 - UTM 24S); Codificação: UTF-8
vw_PontosdeOnibus.fid-5b41923a_19c3ec54e70_13ce,4301,POINT (-38.524993 -3.740548),7218,"AVENIDA AGUANAMBI, 421",-3.740548,-38.524993,ETUFOR,2022,EPSG: 31984 (SIRGAS 2000 - UTM 24S); Codificação: UTF-8
vw_PontosdeOnibus.fid-5b41923a_19c3ec54e70_13cf,4302,POINT (-38.597245 -3.754329),7219,"AVENIDA VIRGILIO DE MORAIS, 655",-3.754329,-38.597245,ETUFOR,2022,EPSG: 31984 (SIRGAS 2000 - UTM 24S); Codificação: UTF-8
vw_PontosdeOnibus.fid-5b41923a_19c3ec54e70_13d0,4303,POINT (-38.488961 -3.826977),722,"RUA GUILHERME PESSOA, 700",-3.826977,-38.488961,ETUFOR,2022,EPSG: 31984 (SIRGAS 2000 - UTM 24S); Codificação: UTF-8
vw_PontosdeOnibus.fid-5b41923a_19c3ec54e70_13d1,4304,POINT (-38.600566 -3.760388),7220,"RUA HUMAITÁ, 655",-3.760388,-38.600566,ETUFOR,2022,EPSG: 31984 (SIRGAS 2000 - UTM 24S); Codificação: UTF-8
vw_PontosdeOnibus.fid-5b41923a_19c3ec54e70_13d2,4305,POINT (-38.600788 -3.761578),7222,"RUA HUMAITÁ, 562",-3.761578,-38.600788,ETUFOR,2022,EPSG: 31984 (SIRGAS 2000 - UTM 24S); Codificação: UTF-8
vw_PontosdeOnibus.fid-5b41923a_19c3ec54e70_13d3,4306,POINT (-38.600506 -3.763035),7223,"RUA 30 DE MAIO, 547",-3.763035,-38.600506,ETUFOR,2022,EPSG: 31984 (SIRGAS 2000 - UTM 24S); Codificação: UTF-8
vw_PontosdeOnibus.fid-5b41923a_19c3ec54e70_13d4,4307,POINT (-38.54637 -3.71513),7224,"RUA JACINTO MATOS, 413",-3.71513,-38.54637,ETUFOR,2022,EPSG: 31984 (SIRGAS 2000 - UTM 24S); Codificação: UTF-8
vw_PontosdeOnibus.fid-5b41923a_19c3ec54e70_13d5,4308,POINT (-38.589607 -3.759961),7225,"AVENIDA AUDIZIO PINHEIRO, 975",-3.759961,-38.589607,ETUFOR,2022,EPSG: 31984 (SIRGAS 2000 - UTM 24S); Codificação: UTF-8
vw_PontosdeOnibus.fid-5b41923a_19c3ec54e70_13d6,4309,POINT (-38.596481 -3.761392),7227,"AVENIDA GENIBAÚ, 146",-3.761392,-38.596481,ETUFOR,2022,EPSG: 31984 (SIRGAS 2000 - UTM 24S); Codificação: UTF-8
vw_PontosdeOnibus.fid-5b41923a_19c3ec54e70_13d7,4310,POINT (-38.597472 -3.761293),7228,"AVENIDA GENIBAÚ, 183",-3.761293,-38.597472,ETUFOR,2022,EPSG: 31984 (SIRGAS 2000 - UTM 24S); Codificação: UTF-8
vw_PontosdeOnibus.fid-5b41923a_19c3ec54e70_13d8,4311,POINT (-38.468759 -3.725102),7229,"RUA PRO ÁLVARO COSTA, 494",-3.725102,-38.468759,ETUFOR,2022,EPSG: 31984 (SIRGAS 2000 - UTM 24S); Codificação: UTF-8
vw_PontosdeOnibus.fid-5b41923a_19c3ec54e70_13d9,4312,POINT (-38.465352 -3.724011),7230,"RUA OLIVEIRA FILHO, 750",-3.724011,-38.465352,ETUFOR,2022,EPSG: 31984 (SIRGAS 2000 - UTM 24S); Codificação: UTF-8
vw_PontosdeOnibus.fid-5b41923a_19c3ec54e70_13da,4313,POINT (-38.468317 -3.724897),7231,"PROF ÁLVARO COSTA, 514",-3.724897,-38.468317,ETUFOR,2022,EPSG: 31984 (SIRGAS 2000 - UTM 24S); Codificação: UTF-8
vw_PontosdeOnibus.fid-5b41923a_19c3ec54e70_13db,4314,POINT (-38.583586 -3.756373),7234,"RUA MON HIPÓLITO BRASIL, 1260",-3.756373,-38.583586,ETUFOR,2022,EPSG: 31984 (SIRGAS 2000 - UTM 24S); Codificação: UTF-8
vw_PontosdeOnibus.fid-5b41923a_19c3ec54e70_13dc,4315,POINT (-38.571406 -3.761678),7236,"AVENIDA CARNEIRO DE MENSONÇA, 1386",-3.761678,-38.571406,ETUFOR,2022,EPSG: 31984 (SIRGAS 2000 - UTM 24S); Codificação: UTF-8
vw_PontosdeOnibus.fid-5b41923a_19c3ec54e70_13dd,4316,POINT (-38.57611 -3.7594),7237,"RUA CARNEIRO DE MENSONÇA, 1989",-3.7594,-38.57611,ETUFOR,2022,EPSG: 31984 (SIRGAS 2000 - UTM 24S); Codificação: UTF-8
vw_PontosdeOnibus.fid-5b41923a_19c3ec54e70_13de,4317,POINT (-38.569718 -3.754805),7239,"RUA PIAUI, 1115",-3.754805,-38.569718,ETUFOR,2022,EPSG: 31984 (SIRGAS 2000 - UTM 24S); Codificação: UTF-8
vw_PontosdeOnibus.fid-5b41923a_19c3ec54e70_13df,4318,POINT (-38.491752 -3.825093),724,"RUA TEN JOSE NEWTON, 290",-3.825093,-38.491752,ETUFOR,2022,EPSG: 31984 (SIRGAS 2000 - UTM 24S); Codificação: UTF-8
vw_PontosdeOnibus.fid-5b41923a_19c3ec54e70_13e0,4319,POINT (-38.561086 -3.751019),7240,"RUA MINAS GERAIS, 45",-3.751019,-38.561086,ETUFOR,2022,EPSG: 31984 (SIRGAS 2000 - UTM 24S); Codificação: UTF-8
vw_PontosdeOnibus.fid-5b41923a_19c3ec54e70_13e1,4320,POINT (-38.562352 -3.752268),7241,"RUA BELA VISTA, 149",-3.752268,-38.562352,ETUFOR,2022,EPSG: 31984 (SIRGAS 2000 - UTM 24S); Codificação: UTF-8
vw_PontosdeOnibus.fid-5b41923a_19c3ec54e70_13e2,4321,POINT (-38.523322 -3.752729),7243,"AVENIDA AGUANAMBI, S/R",-3.752729,-38.523322,ETUFOR,2022,EPSG: 31984 (SIRGAS 2000 - UTM 24S); Codificação: UTF-8
vw_PontosdeOnibus.fid-5b41923a_19c3ec54e70_13e3,4322,POINT (-38.510762 -3.752443),7244,"AVENIDA PONTES VIEIRA, 1214",-3.752443,-38.510762,ETUFOR,2022,EPSG: 31984 (SIRGAS 2000 - UTM 24S); Codificação: UTF-8
vw_PontosdeOnibus.fid-5b41923a_19c3ec54e70_13e4,4323,POINT (-38.454732 -3.739042),7246,"AVENIDA DIOGUINHO, S/N",-3.739042,-38.454732,ETUFOR,2022,EPSG: 31984 (SIRGAS 2000 - UTM 24S); Codificação: UTF-8
vw_PontosdeOnibus.fid-5b41923a_19c3ec54e70_13e5,4324,POINT (-38.560398 -3.755827),7247,"RUA AMAZONAS, 288",-3.755827,-38.560398,ETUFOR,2022,EPSG: 31984 (SIRGAS 2000 - UTM 24S); Codificação: UTF-8
vw_PontosdeOnibus.fid-5b41923a_19c3ec54e70_13e6,4325,POINT (-38.550842 -3.76194),7248,"RUA ALM RUBIM, 301",-3.76194,-38.550842,ETUFOR,2022,EPSG: 31984 (SIRGAS 2000 - UTM 24S); Codificação: UTF-8
vw_PontosdeOnibus.fid-5b41923a_19c3ec54e70_13e7,4326,POINT (-38.506747 -3.756822),7249,"RUA JÚLIA VASCONCELOS, 153",-3.756822,-38.506747,ETUFOR,2022,EPSG: 31984 (SIRGAS 2000 - UTM 24S); Codificação: UTF-8
vw_PontosdeOnibus.fid-5b41923a_19c3ec54e70_13e8,4327,POINT (-38.491663 -3.825196),725,"RUA TEN JOSE NEWTON, 325",-3.825196,-38.491663,ETUFOR,2022,EPSG: 31984 (SIRGAS 2000 - UTM 24S); Codificação: UTF-8
vw_PontosdeOnibus.fid-5b41923a_19c3ec54e70_13e9,4328,POINT (-38.509022 -3.759225),7250,"RUA ANA GONÇALVES, 825",-3.759225,-38.509022,ETUFOR,2022,EPSG: 31984 (SIRGAS 2000 - UTM 24S); Codificação: UTF-8
vw_PontosdeOnibus.fid-5b41923a_19c3ec54e70_13ea,4329,POINT (-38.490974 -3.760815),7251,"AVENIDA ATILANO MOURA, 515",-3.760815,-38.490974,ETUFOR,2022,EPSG: 31984 (SIRGAS 2000 - UTM 24S); Codificação: UTF-8
vw_PontosdeOnibus.fid-5b41923a_19c3ec54e70_13eb,4330,POINT (-38.608072 -3.769613),7252,"AVENIDA ALANIS MARIA LAURINDO DE OLIVEIRA, 1017",-3.769613,-38.608072,ETUFOR,2022,EPSG: 31984 (SIRGAS 2000 - UTM 24S); Codificação: UTF-8
vw_PontosdeOnibus.fid-5b41923a_19c3ec54e70_13ec,4331,POINT (-38.615365 -3.772845),7253,"AVENIDA C, 165",-3.772845,-38.615365,ETUFOR,2022,EPSG: 31984 (SIRGAS 2000 - UTM 24S); Codificação: UTF-8
vw_PontosdeOnibus.fid-5b41923a_19c3ec54e70_13ed,4332,POINT (-38.604288 -3.763867),7254,"AVENIDA ALANIS MARIA LAUURINDO DE OLIVEIRA, 202",-3.763867,-38.604288,ETUFOR,2022,EPSG: 31984 (SIRGAS 2000 - UTM 24S); Codificação: UTF-8
vw_PontosdeOnibus.fid-5b41923a_19c3ec54e70_13ee,4333,POINT (-38.603189 -3.767855),7255,"AVENIDA A, 785",-3.767855,-38.603189,ETUFOR,2022,EPSG: 31984 (SIRGAS 2000 - UTM 24S); Codificação: UTF-8
vw_PontosdeOnibus.fid-5b41923a_19c3ec54e70_13ef,4334,POINT (-38.587481 -3.768269),7256,"RUA BOA VISTA, 805",-3.768269,-38.587481,ETUFOR,2022,EPSG: 31984 (SIRGAS 2000 - UTM 24S); Codificação: UTF-8
vw_PontosdeOnibus.fid-5b41923a_19c3ec54e70_13f0,4335,POINT (-38.570254 -3.765109),7257,"RUA MINAS GERAIS, 1775",-3.765109,-38.570254,ETUFOR,2022,EPSG: 31984 (SIRGAS 2000 - UTM 24S); Codificação: UTF-8
vw_PontosdeOnibus.fid-5b41923a_19c3ec54e70_13f1,4336,POINT (-38.511127 -3.86758),7259,"AVENIDA 4ª ANEL VIÁRIO, S/R",-3.86758,-38.511127,ETUFOR,2022,EPSG: 31984 (SIRGAS 2000 - UTM 24S); Codificação: UTF-8
vw_PontosdeOnibus.fid-5b41923a_19c3ec54e70_13f2,4337,POINT (-38.487515 -3.765078),7260,"AVENIDA MIGUEL DIAS, 718",-3.765078,-38.487515,ETUFOR,2022,EPSG: 31984 (SIRGAS 2000 - UTM 24S); Codificação: UTF-8
vw_PontosdeOnibus.fid-5b41923a_19c3ec54e70_13f3,4338,POINT (-38.61291 -3.776142),7262,"ALAMEDA H, 1657",-3.776142,-38.61291,ETUFOR,2022,EPSG: 31984 (SIRGAS 2000 - UTM 24S); Codificação: UTF-8
vw_PontosdeOnibus.fid-5b41923a_19c3ec54e70_13f4,4339,POINT (-38.611621 -3.776364),7263,"RUA BARRA VERMELHA, S/N",-3.776364,-38.611621,ETUFOR,2022,EPSG: 31984 (SIRGAS 2000 - UTM 24S); Codificação: UTF-8
vw_PontosdeOnibus.fid-5b41923a_19c3ec54e70_13f5,4340,POINT (-38.616388 -3.77629),7264,"AVENIDA C, 1989",-3.77629,-38.616388,ETUFOR,2022,EPSG: 31984 (SIRGAS 2000 - UTM 24S); Codificação: UTF-8
vw_PontosdeOnibus.fid-5b41923a_19c3ec54e70_13f6,4341,POINT (-38.592433 -3.773803),7266,"RUA CEL MANOEL ANTÔNIO LEITE, 250",-3.773803,-38.592433,ETUFOR,2022,EPSG: 31984 (SIRGAS 2000 - UTM 24S); Codificação: UTF-8
vw_PontosdeOnibus.fid-5b41923a_19c3ec54e70_13f7,4342,POINT (-38.587362 -3.776151),7267,"RUA ANSELMO NOGUEIRA, 178",-3.776151,-38.587362,ETUFOR,2022,EPSG: 31984 (SIRGAS 2000 - UTM 24S); Codificação: UTF-8
vw_PontosdeOnibus.fid-5b41923a_19c3ec54e70_13f8,4343,POINT (-38.488129 -3.824965),727,"RUA AFONSO HENRIQUE, 643",-3.824965,-38.488129,ETUFOR,2022,EPSG: 31984 (SIRGAS 2000 - UTM 24S); Codificação: UTF-8
vw_PontosdeOnibus.fid-5b41923a_19c3ec54e70_13f9,4344,POINT (-38.569475 -3.780711),7271,"RUA CÔNEGO DE CASTRO, 956",-3.780711,-38.569475,ETUFOR,2022,EPSG: 31984 (SIRGAS 2000 - UTM 24S); Codificação: UTF-8
vw_PontosdeOnibus.fid-5b41923a_19c3ec54e70_13fa,4345,POINT (-38.462267 -3.787879),7272,"AVENIDA EDILSON BRASIL SOARES, 2600",-3.787879,-38.462267,ETUFOR,2022,EPSG: 31984 (SIRGAS 2000 - UTM 24S); Codificação: UTF-8
vw_PontosdeOnibus.fid-5b41923a_19c3ec54e70_13fb,4346,POINT (-38.624332 -3.788336),7273,"RUA SARG JOÃO PINHEIRO, 1802",-3.788336,-38.624332,ETUFOR,2022,EPSG: 31984 (SIRGAS 2000 - UTM 24S); Codificação: UTF-8
vw_PontosdeOnibus.fid-5b41923a_19c3ec54e70_13fc,4347,POINT (-38.623713 -3.789614),7274,"RUA MARTINS CARVALHO, 3256",-3.789614,-38.623713,ETUFOR,2022,EPSG: 31984 (SIRGAS 2000 - UTM 24S); Codificação: UTF-8
vw_PontosdeOnibus.fid-5b41923a_19c3ec54e70_13fd,4348,POINT (-38.62755 -3.786278),7275,"RUA BOM JESUS, 3779",-3.786278,-38.62755,ETUFOR,2022,EPSG: 31984 (SIRGAS 2000 - UTM 24S); Codificação: UTF-8
vw_PontosdeOnibus.fid-5b41923a_19c3ec54e70_13fe,4349,POINT (-38.617039 -3.785542),7276,"RUA OSCAR ARARIPE, 2948",-3.785542,-38.617039,ETUFOR,2022,EPSG: 31984 (SIRGAS 2000 - UTM 24S); Codificação: UTF-8
vw_PontosdeOnibus.fid-5b41923a_19c3ec54e70_13ff,4350,POINT (-38.613775 -3.789284),7277,"RUA FRANCISCO PAIVA, 839",-3.789284,-38.613775,ETUFOR,2022,EPSG: 31984 (SIRGAS 2000 - UTM 24S); Codificação: UTF-8
vw_PontosdeOnibus.fid-5b41923a_19c3ec54e70_1400,4351,POINT (-38.600857 -3.796009),7278,"RUA MARIA JÚLIA, 1305",-3.796009,-38.600857,ETUFOR,2022,EPSG: 31984 (SIRGAS 2000 - UTM 24S); Codificação: UTF-8
vw_PontosdeOnibus.fid-5b41923a_19c3ec54e70_1401,4352,POINT (-38.607851 -3.786028),7279,"AVENIDA CEL VIRGÍLIO NOGUEIRA, 324",-3.786028,-38.607851,ETUFOR,2022,EPSG: 31984 (SIRGAS 2000 - UTM 24S); Codificação: UTF-8
vw_PontosdeOnibus.fid-5b41923a_19c3ec54e70_1402,4353,POINT (-38.512204 -3.768191),7280,"RUA CAP CLOVIS MAIA, 580",-3.768191,-38.512204,ETUFOR,2022,EPSG: 31984 (SIRGAS 2000 - UTM 24S); Codificação: UTF-8
vw_PontosdeOnibus.fid-5b41923a_19c3ec54e70_1403,4354,POINT (-38.512793 -3.765599),7281,"RUA DJALMA PETIT, 652",-3.765599,-38.512793,ETUFOR,2022,EPSG: 31984 (SIRGAS 2000 - UTM 24S); Codificação: UTF-8
vw_PontosdeOnibus.fid-5b41923a_19c3ec54e70_1404,4355,POINT (-38.512414 -3.770703),7282,"RUA MAJOR GERALDO MENDES, 992",-3.770703,-38.512414,ETUFOR,2022,EPSG: 31984 (SIRGAS 2000 - UTM 24S); Codificação: UTF-8
vw_PontosdeOnibus.fid-5b41923a_19c3ec54e70_1405,4356,POINT (-38.538855 -3.788353),7283,"RUA ANITA GARIBALDI, 458",-3.788353,-38.538855,ETUFOR,2022,EPSG: 31984 (SIRGAS 2000 - UTM 24S); Codificação: UTF-8
vw_PontosdeOnibus.fid-5b41923a_19c3ec54e70_1406,4357,POINT (-38.538668 -3.788418),7284,"RUA ANITA GARIBALDI, 415",-3.788418,-38.538668,ETUFOR,2022,EPSG: 31984 (SIRGAS 2000 - UTM 24S); Codificação: UTF-8
vw_PontosdeOnibus.fid-5b41923a_19c3ec54e70_1407,4358,POINT (-38.597684 -3.795599),7290,"RUA BOM JESUS, 417",-3.795599,-38.597684,ETUFOR,2022,EPSG: 31984 (SIRGAS 2000 - UTM 24S); Codificação: UTF-8
vw_PontosdeOnibus.fid-5b41923a_19c3ec54e70_1408,4359,POINT (-38.576982 -3.789459),7291,"RUA DELTA, 69",-3.789459,-38.576982,ETUFOR,2022,EPSG: 31984 (SIRGAS 2000 - UTM 24S); Codificação: UTF-8
vw_PontosdeOnibus.fid-5b41923a_19c3ec54e70_1409,4360,POINT (-38.529689 -3.790838),7292,"RUA MARECHAL BITTENCOURT, 851",-3.790838,-38.529689,ETUFOR,2022,EPSG: 31984 (SIRGAS 2000 - UTM 24S); Codificação: UTF-8
vw_PontosdeOnibus.fid-5b41923a_19c3ec54e70_140a,4361,POINT (-38.501535 -3.793895),7293,"AVENIDA DES GONZAGA, 760",-3.793895,-38.501535,ETUFOR,2022,EPSG: 31984 (SIRGAS 2000 - UTM 24S); Codificação: UTF-8
vw_PontosdeOnibus.fid-5b41923a_19c3ec54e70_140b,4362,POINT (-38.468669 -3.798106),7294,"RUA SÃO JOÃO DEL REI, 1734",-3.798106,-38.468669,ETUFOR,2022,EPSG: 31984 (SIRGAS 2000 - UTM 24S); Codificação: UTF-8
vw_PontosdeOnibus.fid-5b41923a_19c3ec54e70_140c,4363,POINT (-38.500618 -3.776551),7295,"AVENIDA ROGACIANO ,LEITE, 2430",-3.776551,-38.500618,ETUFOR,2022,EPSG: 31984 (SIRGAS 2000 - UTM 24S); Codificação: UTF-8
vw_PontosdeOnibus.fid-5b41923a_19c3ec54e70_140d,4364,POINT (-38.499283 -3.774299),7296,"ALAMEDA ROGACIANO LEITE, 2219",-3.774299,-38.499283,ETUFOR,2022,EPSG: 31984 (SIRGAS 2000 - UTM 24S); Codificação: UTF-8
vw_PontosdeOnibus.fid-5b41923a_19c3ec54e70_140e,4365,POINT (-38.595445 -3.801223),7297,"RUA PEDRO CARDONIO SALES, 244",-3.801223,-38.595445,ETUFOR,2022,EPSG: 31984 (SIRGAS 2000 - UTM 24S); Codificação: UTF-8
vw_PontosdeOnibus.fid-5b41923a_19c3ec54e70_140f,4366,POINT (-38.560966 -3.806962),7298,"ALAMEDA BENJAMIM BRASIL, 1600",-3.806962,-38.560966,ETUFOR,2022,EPSG: 31984 (SIRGAS 2000 - UTM 24S); Codificação: UTF-8
vw_PontosdeOnibus.fid-5b41923a_19c3ec54e70_1410,4367,POINT (-38.555944 -3.809135),7299,"AVENIDA BENJAMIM BRASIL, 2350",-3.809135,-38.555944,ETUFOR,2022,EPSG: 31984 (SIRGAS 2000 - UTM 24S); Codificação: UTF-8
vw_PontosdeOnibus.fid-5b41923a_19c3ec54e70_1411,4368,POINT (-38.565027 -3.705286),73,"AVENIDA MONS HÉLIO CAMPOS, 268",-3.705286,-38.565027,ETUFOR,2022,EPSG: 31984 (SIRGAS 2000 - UTM 24S); Codificação: UTF-8
vw_PontosdeOnibus.fid-5b41923a_19c3ec54e70_1412,4369,POINT (-38.48672 -3.825159),730,"RUA AFONSO HENRIQUE, 777",-3.825159,-38.48672,ETUFOR,2022,EPSG: 31984 (SIRGAS 2000 - UTM 24S); Codificação: UTF-8
vw_PontosdeOnibus.fid-5b41923a_19c3ec54e70_1413,4370,POINT (-38.558404 -3.808261),7300,"AVENIDA BENJAMIM BRASIL, 1685",-3.808261,-38.558404,ETUFOR,2022,EPSG: 31984 (SIRGAS 2000 - UTM 24S); Codificação: UTF-8
vw_PontosdeOnibus.fid-5b41923a_19c3ec54e70_1414,4371,POINT (-38.530989 -3.800391),7302,"RUA DES OTACÍLIO PEIXOTO, 51",-3.800391,-38.530989,ETUFOR,2022,EPSG: 31984 (SIRGAS 2000 - UTM 24S); Codificação: UTF-8
vw_PontosdeOnibus.fid-5b41923a_19c3ec54e70_1415,4372,POINT (-38.489786 -3.803757),7304,"AVENIDA WALTER PORTO, 659",-3.803757,-38.489786,ETUFOR,2022,EPSG: 31984 (SIRGAS 2000 - UTM 24S); Codificação: UTF-8
vw_PontosdeOnibus.fid-5b41923a_19c3ec54e70_1416,4373,POINT (-38.505511 -3.833102),7305,"RUA ANTÔNIO ALVES RIBEIRO, 985",-3.833102,-38.505511,ETUFOR,2022,EPSG: 31984 (SIRGAS 2000 - UTM 24S); Codificação: UTF-8
vw_PontosdeOnibus.fid-5b41923a_19c3ec54e70_1417,4374,POINT (-38.449101 -3.806921),7306,"AVENIDA RECREIO, 174",-3.806921,-38.449101,ETUFOR,2022,EPSG: 31984 (SIRGAS 2000 - UTM 24S); Codificação: UTF-8
vw_PontosdeOnibus.fid-5b41923a_19c3ec54e70_1418,4375,POINT (-38.425211 -3.811284),7307,"AVENIDA MANOEL MAVIGNIER, 5860",-3.811284,-38.425211,ETUFOR,2022,EPSG: 31984 (SIRGAS 2000 - UTM 24S); Codificação: UTF-8
vw_PontosdeOnibus.fid-5b41923a_19c3ec54e70_1419,4376,POINT (-38.626688 -3.814636),7308,"RUA SIQUEIRA CAMPOS,",-3.814636,-38.626688,ETUFOR,2022,EPSG: 31984 (SIRGAS 2000 - UTM 24S); Codificação: UTF-8
vw_PontosdeOnibus.fid-5b41923a_19c3ec54e70_141a,4377,POINT (-38.626707 -3.814622),7309,"RUA SIQUEIRA, 1193",-3.814622,-38.626707,ETUFOR,2022,EPSG: 31984 (SIRGAS 2000 - UTM 24S); Codificação: UTF-8
vw_PontosdeOnibus.fid-5b41923a_19c3ec54e70_141b,4378,POINT (-38.626156 -3.810885),7310,"RUA RUA MANDU, 1366",-3.810885,-38.626156,ETUFOR,2022,EPSG: 31984 (SIRGAS 2000 - UTM 24S); Codificação: UTF-8
vw_PontosdeOnibus.fid-5b41923a_19c3ec54e70_141c,4379,POINT (-38.593913 -3.817758),7311,"RUA GETÚLIO VARGAS, 1208",-3.817758,-38.593913,ETUFOR,2022,EPSG: 31984 (SIRGAS 2000 - UTM 24S); Codificação: UTF-8
vw_PontosdeOnibus.fid-5b41923a_19c3ec54e70_141d,4380,POINT (-38.579498 -3.812002),7312,"RUA 10, 1340",-3.812002,-38.579498,ETUFOR,2022,EPSG: 31984 (SIRGAS 2000 - UTM 24S); Codificação: UTF-8
vw_PontosdeOnibus.fid-5b41923a_19c3ec54e70_141e,4381,POINT (-38.526637 -3.817373),7313,"RUA BELOS PORTOS, 689",-3.817373,-38.526637,ETUFOR,2022,EPSG: 31984 (SIRGAS 2000 - UTM 24S); Codificação: UTF-8
vw_PontosdeOnibus.fid-5b41923a_19c3ec54e70_141f,4382,POINT (-38.526121 -3.81557),7314,"RUA BELS PORTOS, 453",-3.81557,-38.526121,ETUFOR,2022,EPSG: 31984 (SIRGAS 2000 - UTM 24S); Codificação: UTF-8
vw_PontosdeOnibus.fid-5b41923a_19c3ec54e70_1420,4383,POINT (-38.522897 -3.812076),7315,"RUA MARIA ANÁLIA,",-3.812076,-38.522897,ETUFOR,2022,EPSG: 31984 (SIRGAS 2000 - UTM 24S); Codificação: UTF-8
vw_PontosdeOnibus.fid-5b41923a_19c3ec54e70_1421,4384,POINT (-38.523758 -3.811246),7316,"RUA TRAJANO DE MORAIS, 324",-3.811246,-38.523758,ETUFOR,2022,EPSG: 31984 (SIRGAS 2000 - UTM 24S); Codificação: UTF-8
vw_PontosdeOnibus.fid-5b41923a_19c3ec54e70_1422,4385,POINT (-38.522877 -3.812082),7317,"RUA MARIA ANÁLIA, 833 A",-3.812082,-38.522877,ETUFOR,2022,EPSG: 31984 (SIRGAS 2000 - UTM 24S); Codificação: UTF-8
vw_PontosdeOnibus.fid-5b41923a_19c3ec54e70_1423,4386,POINT (-38.523766 -3.811274),7318,"RUA TRAJANO DE MORAIS, 330",-3.811274,-38.523766,ETUFOR,2022,EPSG: 31984 (SIRGAS 2000 - UTM 24S); Codificação: UTF-8
vw_PontosdeOnibus.fid-5b41923a_19c3ec54e70_1424,4387,POINT (-38.498099 -3.812347),7319,"AVENIDA MINIS JOSÉ AMÉRICO, 80",-3.812347,-38.498099,ETUFOR,2022,EPSG: 31984 (SIRGAS 2000 - UTM 24S); Codificação: UTF-8
vw_PontosdeOnibus.fid-5b41923a_19c3ec54e70_1425,4388,POINT (-38.49609 -3.814756),7320,"RUA ARAÚJO TORREÃO, 509",-3.814756,-38.49609,ETUFOR,2022,EPSG: 31984 (SIRGAS 2000 - UTM 24S); Codificação: UTF-8
vw_PontosdeOnibus.fid-5b41923a_19c3ec54e70_1426,4389,POINT (-38.506283 -3.815419),7321,"RUA JORN ANTONIO PONTES TAVARES, 1475",-3.815419,-38.506283,ETUFOR,2022,EPSG: 31984 (SIRGAS 2000 - UTM 24S); Codificação: UTF-8
vw_PontosdeOnibus.fid-5b41923a_19c3ec54e70_1427,4390,POINT (-38.506756 -3.815289),7322,"RUA JORN ANTÔNIO PONTES TAVARES, 1504",-3.815289,-38.506756,ETUFOR,2022,EPSG: 31984 (SIRGAS 2000 - UTM 24S); Codificação: UTF-8
vw_PontosdeOnibus.fid-5b41923a_19c3ec54e70_1428,4391,POINT (-38.504332 -3.815947),7323,"RUA JORN ANTÔNIO ´PONTES TAVARES, 1166",-3.815947,-38.504332,ETUFOR,2022,EPSG: 31984 (SIRGAS 2000 - UTM 24S); Codificação: UTF-8
vw_PontosdeOnibus.fid-5b41923a_19c3ec54e70_1429,4392,POINT (-38.503522 -3.816165),7324,", 1174",-3.816165,-38.503522,ETUFOR,2022,EPSG: 31984 (SIRGAS 2000 - UTM 24S); Codificação: UTF-8
vw_PontosdeOnibus.fid-5b41923a_19c3ec54e70_142a,4393,POINT (-38.509306 -3.81643),7325,"RUA GUILERME ASSUNÃO, 1023",-3.81643,-38.509306,ETUFOR,2022,EPSG: 31984 (SIRGAS 2000 - UTM 24S); Codificação: UTF-8
vw_PontosdeOnibus.fid-5b41923a_19c3ec54e70_142b,4394,POINT (-38.631045 -3.824182),7326,"RUA 01, 633",-3.824182,-38.631045,ETUFOR,2022,EPSG: 31984 (SIRGAS 2000 - UTM 24S); Codificação: UTF-8
vw_PontosdeOnibus.fid-5b41923a_19c3ec54e70_142c,4395,POINT (-38.632106 -3.823413),7327,"RUA 01, 487",-3.823413,-38.632106,ETUFOR,2022,EPSG: 31984 (SIRGAS 2000 - UTM 24S); Codificação: UTF-8
vw_PontosdeOnibus.fid-5b41923a_19c3ec54e70_142d,4396,POINT (-38.623299 -3.820166),7328,"RUA ADALBERTO MALVEIRA, 508",-3.820166,-38.623299,ETUFOR,2022,EPSG: 31984 (SIRGAS 2000 - UTM 24S); Codificação: UTF-8
vw_PontosdeOnibus.fid-5b41923a_19c3ec54e70_142e,4397,POINT (-38.578912 -3.824365),7329,"BECO GODOFREDO MACIEL, 5628",-3.824365,-38.578912,ETUFOR,2022,EPSG: 31984 (SIRGAS 2000 - UTM 24S); Codificação: UTF-8
vw_PontosdeOnibus.fid-5b41923a_19c3ec54e70_142f,4398,POINT (-38.601822 -3.818585),7330,"RUA CÔNEGO DE CASTRO, 8300",-3.818585,-38.601822,ETUFOR,2022,EPSG: 31984 (SIRGAS 2000 - UTM 24S); Codificação: UTF-8
vw_PontosdeOnibus.fid-5b41923a_19c3ec54e70_1430,4399,POINT (-38.609788 -3.825201),7331,"RUA 14, 934",-3.825201,-38.609788,ETUFOR,2022,EPSG: 31984 (SIRGAS 2000 - UTM 24S); Codificação: UTF-8
vw_PontosdeOnibus.fid-5b41923a_19c3ec54e70_1431,4400,POINT (-38.566336 -3.821104),7332,"AVENIDA AV 1 PREF AIRES DE MOURA, 395",-3.821104,-38.566336,ETUFOR,2022,EPSG: 31984 (SIRGAS 2000 - UTM 24S); Codificação: UTF-8
vw_PontosdeOnibus.fid-5b41923a_19c3ec54e70_1432,4401,POINT (-38.567171 -3.82315),7333,"AVENIDA AV 1 PREF AIRES DE MOURA, 750",-3.82315,-38.567171,ETUFOR,2022,EPSG: 31984 (SIRGAS 2000 - UTM 24S); Codificação: UTF-8
vw_PontosdeOnibus.fid-5b41923a_19c3ec54e70_1433,4402,POINT (-38.550661 -3.824934),7335,"AVENIDA I, 91",-3.824934,-38.550661,ETUFOR,2022,EPSG: 31984 (SIRGAS 2000 - UTM 24S); Codificação: UTF-8
vw_PontosdeOnibus.fid-5b41923a_19c3ec54e70_1434,4403,POINT (-38.514261 -3.824794),7336,"RUA HAROLDO MENDES, 151",-3.824794,-38.514261,ETUFOR,2022,EPSG: 31984 (SIRGAS 2000 - UTM 24S); Codificação: UTF-8
vw_PontosdeOnibus.fid-5b41923a_19c3ec54e70_1435,4404,POINT (-38.507778 -3.818056),7337,"RUA CAP WALDEMAR PAULA LIMA, 602",-3.818056,-38.507778,ETUFOR,2022,EPSG: 31984 (SIRGAS 2000 - UTM 24S); Codificação: UTF-8
vw_PontosdeOnibus.fid-5b41923a_19c3ec54e70_1436,4405,POINT (-38.507742 -3.817922),7338,"RUA CAP WALDEMAR PAULA LIMA, 550",-3.817922,-38.507742,ETUFOR,2022,EPSG: 31984 (SIRGAS 2000 - UTM 24S); Codificação: UTF-8
vw_PontosdeOnibus.fid-5b41923a_19c3ec54e70_1437,4406,POINT (-38.510504 -3.834097),7339,"RUA CEL FRANCISCO ALVES RIBEIRO, 501",-3.834097,-38.510504,ETUFOR,2022,EPSG: 31984 (SIRGAS 2000 - UTM 24S); Codificação: UTF-8
vw_PontosdeOnibus.fid-5b41923a_19c3ec54e70_1438,4407,POINT (-38.510531 -3.834147),7340,"RUA CEL FRANCISCO ALVES RIBEIRO, 500",-3.834147,-38.510531,ETUFOR,2022,EPSG: 31984 (SIRGAS 2000 - UTM 24S); Codificação: UTF-8
vw_PontosdeOnibus.fid-5b41923a_19c3ec54e70_1439,4408,POINT (-38.489169 -3.835509),7341,"RUA BARÃO DE AQUIRAZ, 690",-3.835509,-38.489169,ETUFOR,2022,EPSG: 31984 (SIRGAS 2000 - UTM 24S); Codificação: UTF-8
vw_PontosdeOnibus.fid-5b41923a_19c3ec54e70_143a,4409,POINT (-38.610674 -3.813454),7342,"RUA OSÓRIO DE PAIVA, 6770",-3.813454,-38.610674,ETUFOR,2022,EPSG: 31984 (SIRGAS 2000 - UTM 24S); Codificação: UTF-8
vw_PontosdeOnibus.fid-5b41923a_19c3ec54e70_143b,4410,POINT (-38.468316 -3.828749),7343,"RUA PAULO FREIRE, 1528",-3.828749,-38.468316,ETUFOR,2022,EPSG: 31984 (SIRGAS 2000 - UTM 24S); Codificação: UTF-8
vw_PontosdeOnibus.fid-5b41923a_19c3ec54e70_143c,4411,POINT (-38.463834 -3.830652),7344,"RUA LUCIMAR  OLIVEIRA, 184",-3.830652,-38.463834,ETUFOR,2022,EPSG: 31984 (SIRGAS 2000 - UTM 24S); Codificação: UTF-8
vw_PontosdeOnibus.fid-5b41923a_19c3ec54e70_143d,4412,POINT (-38.511288 -3.83752),7345,"RUA RECANTO VERDE, 1348",-3.83752,-38.511288,ETUFOR,2022,EPSG: 31984 (SIRGAS 2000 - UTM 24S); Codificação: UTF-8
vw_PontosdeOnibus.fid-5b41923a_19c3ec54e70_143e,4413,POINT (-38.502771 -3.861311),7346,"ALAMEDA DO VAGUEIRO, 1215",-3.861311,-38.502771,ETUFOR,2022,EPSG: 31984 (SIRGAS 2000 - UTM 24S); Codificação: UTF-8
vw_PontosdeOnibus.fid-5b41923a_19c3ec54e70_143f,4414,POINT (-38.501013 -3.856704),7347,"RUA MARIA QUINTINO, 931",-3.856704,-38.501013,ETUFOR,2022,EPSG: 31984 (SIRGAS 2000 - UTM 24S); Codificação: UTF-8
vw_PontosdeOnibus.fid-5b41923a_19c3ec54e70_1440,4415,POINT (-38.499211 -3.868548),7351,"RUA DO CRUZEIRO, 160",-3.868548,-38.499211,ETUFOR,2022,EPSG: 31984 (SIRGAS 2000 - UTM 24S); Codificação: UTF-8
vw_PontosdeOnibus.fid-5b41923a_19c3ec54e70_1441,4416,POINT (-38.581908 -3.834034),7353,"RODOVIA 060, 6686",-3.834034,-38.581908,ETUFOR,2022,EPSG: 31984 (SIRGAS 2000 - UTM 24S); Codificação: UTF-8
vw_PontosdeOnibus.fid-5b41923a_19c3ec54e70_1442,4417,POINT (-38.582302 -3.834867),7354,"RODOVIA 060, 6635",-3.834867,-38.582302,ETUFOR,2022,EPSG: 31984 (SIRGAS 2000 - UTM 24S); Codificação: UTF-8
vw_PontosdeOnibus.fid-5b41923a_19c3ec54e70_1443,4418,POINT (-38.563917 -3.827358),7356,"RUA MONTE LÍBANO, S/N",-3.827358,-38.563917,ETUFOR,2022,EPSG: 31984 (SIRGAS 2000 - UTM 24S); Codificação: UTF-8
vw_PontosdeOnibus.fid-5b41923a_19c3ec54e70_1444,4419,POINT (-38.523359 -3.830019),7357,"RUA 109, 113",-3.830019,-38.523359,ETUFOR,2022,EPSG: 31984 (SIRGAS 2000 - UTM 24S); Codificação: UTF-8
vw_PontosdeOnibus.fid-5b41923a_19c3ec54e70_1445,4420,POINT (-38.517823 -3.792897),7358,"AVENIDA ALBERTO CRAVEIRO, S/N",-3.792897,-38.517823,ETUFOR,2022,EPSG: 31984 (SIRGAS 2000 - UTM 24S); Codificação: UTF-8
vw_PontosdeOnibus.fid-5b41923a_19c3ec54e70_1446,4421,POINT (-38.628798 -3.7995),7359,"RUA ANDRÉAS SOARES, S/N",-3.7995,-38.628798,ETUFOR,2022,EPSG: 31984 (SIRGAS 2000 - UTM 24S); Codificação: UTF-8
vw_PontosdeOnibus.fid-5b41923a_19c3ec54e70_1447,4422,POINT (-38.583003 -3.836943),7360,"AVENIDA MENDEL, 6796",-3.836943,-38.583003,ETUFOR,2022,EPSG: 31984 (SIRGAS 2000 - UTM 24S); Codificação: UTF-8
vw_PontosdeOnibus.fid-5b41923a_19c3ec54e70_1448,4423,POINT (-38.582766 -3.83664),7361,"AVENIDA STEINBRUCH, 6797",-3.83664,-38.582766,ETUFOR,2022,EPSG: 31984 (SIRGAS 2000 - UTM 24S); Codificação: UTF-8
vw_PontosdeOnibus.fid-5b41923a_19c3ec54e70_1449,4424,POINT (-38.581712 -3.840288),7362,"RUA MARINHEIROS, 300",-3.840288,-38.581712,ETUFOR,2022,EPSG: 31984 (SIRGAS 2000 - UTM 24S); Codificação: UTF-8
vw_PontosdeOnibus.fid-5b41923a_19c3ec54e70_144a,4425,POINT (-38.588396 -3.83835),7363,"RUA N, 222",-3.83835,-38.588396,ETUFOR,2022,EPSG: 31984 (SIRGAS 2000 - UTM 24S); Codificação: UTF-8
vw_PontosdeOnibus.fid-5b41923a_19c3ec54e70_144b,4426,POINT (-38.587514 -3.836562),7364,"RUA 4, 128",-3.836562,-38.587514,ETUFOR,2022,EPSG: 31984 (SIRGAS 2000 - UTM 24S); Codificação: UTF-8
vw_PontosdeOnibus.fid-5b41923a_19c3ec54e70_144c,4427,POINT (-38.581026 -3.840608),7365,"RUA SANTA TEREZA, 651",-3.840608,-38.581026,ETUFOR,2022,EPSG: 31984 (SIRGAS 2000 - UTM 24S); Codificação: UTF-8
vw_PontosdeOnibus.fid-5b41923a_19c3ec54e70_144d,4428,POINT (-38.584601 -3.839349),7366,"AVENIDA EDSON MAGALHÃES, 242",-3.839349,-38.584601,ETUFOR,2022,EPSG: 31984 (SIRGAS 2000 - UTM 24S); Codificação: UTF-8
vw_PontosdeOnibus.fid-5b41923a_19c3ec54e70_144e,4429,POINT (-38.588675 -3.839474),7367,"AVENIDA EDSON MAGALHÃES, S/N",-3.839474,-38.588675,ETUFOR,2022,EPSG: 31984 (SIRGAS 2000 - UTM 24S); Codificação: UTF-8
vw_PontosdeOnibus.fid-5b41923a_19c3ec54e70_144f,4430,POINT (-38.514964 -3.838347),7368,"RUA JABORANDI, 910",-3.838347,-38.514964,ETUFOR,2022,EPSG: 31984 (SIRGAS 2000 - UTM 24S); Codificação: UTF-8
vw_PontosdeOnibus.fid-5b41923a_19c3ec54e70_1450,4431,POINT (-38.51509 -3.838488),7369,"RUA JABORANDI, 964",-3.838488,-38.51509,ETUFOR,2022,EPSG: 31984 (SIRGAS 2000 - UTM 24S); Codificação: UTF-8
vw_PontosdeOnibus.fid-5b41923a_19c3ec54e70_1451,4432,POINT (-38.481751 -3.826589),737,"AVENIDA WASHINGTON SOARES, 8007",-3.826589,-38.481751,ETUFOR,2022,EPSG: 31984 (SIRGAS 2000 - UTM 24S); Codificação: UTF-8
vw_PontosdeOnibus.fid-5b41923a_19c3ec54e70_1452,4433,POINT (-38.514819 -3.836466),7370,"RUA MANDACARU, 757",-3.836466,-38.514819,ETUFOR,2022,EPSG: 31984 (SIRGAS 2000 - UTM 24S); Codificação: UTF-8
vw_PontosdeOnibus.fid-5b41923a_19c3ec54e70_1453,4434,POINT (-38.514747 -3.840338),7371,"RUA FRANCISCO LIMA E SILVA, 187",-3.840338,-38.514747,ETUFOR,2022,EPSG: 31984 (SIRGAS 2000 - UTM 24S); Codificação: UTF-8
vw_PontosdeOnibus.fid-5b41923a_19c3ec54e70_1454,4435,POINT (-38.516652 -3.838558),7372,"RUA MANDACARU, 1035",-3.838558,-38.516652,ETUFOR,2022,EPSG: 31984 (SIRGAS 2000 - UTM 24S); Codificação: UTF-8
vw_PontosdeOnibus.fid-5b41923a_19c3ec54e70_1455,4436,POINT (-38.514949 -3.836615),7373,"RUA MANDACARU, 808",-3.836615,-38.514949,ETUFOR,2022,EPSG: 31984 (SIRGAS 2000 - UTM 24S); Codificação: UTF-8
vw_PontosdeOnibus.fid-5b41923a_19c3ec54e70_1456,4437,POINT (-38.518456 -3.838237),7374,"RUA CAROÁ, 220",-3.838237,-38.518456,ETUFOR,2022,EPSG: 31984 (SIRGAS 2000 - UTM 24S); Codificação: UTF-8
vw_PontosdeOnibus.fid-5b41923a_19c3ec54e70_1457,4438,POINT (-38.585247 -3.84198),7376,"AVENIDA CONTORNO SUL, S/N",-3.84198,-38.585247,ETUFOR,2022,EPSG: 31984 (SIRGAS 2000 - UTM 24S); Codificação: UTF-8
vw_PontosdeOnibus.fid-5b41923a_19c3ec54e70_1458,4439,POINT (-38.587207 -3.841652),7377,"ALAMEDA CONTORNO SUL, S/R",-3.841652,-38.587207,ETUFOR,2022,EPSG: 31984 (SIRGAS 2000 - UTM 24S); Codificação: UTF-8
vw_PontosdeOnibus.fid-5b41923a_19c3ec54e70_1459,4440,POINT (-38.510066 -3.845097),7378,"RUA NUNES FEIJÓ, 1722",-3.845097,-38.510066,ETUFOR,2022,EPSG: 31984 (SIRGAS 2000 - UTM 24S); Codificação: UTF-8
vw_PontosdeOnibus.fid-5b41923a_19c3ec54e70_145a,4441,POINT (-38.511872 -3.84697),7379,"RUA MORADA NOVA, 760",-3.84697,-38.511872,ETUFOR,2022,EPSG: 31984 (SIRGAS 2000 - UTM 24S); Codificação: UTF-8
vw_PontosdeOnibus.fid-5b41923a_19c3ec54e70_145b,4442,POINT (-38.478206 -3.853163),7383,"RUA JOSÉ PAULO SOBRINHO, 410",-3.853163,-38.478206,ETUFOR,2022,EPSG: 31984 (SIRGAS 2000 - UTM 24S); Codificação: UTF-8
vw_PontosdeOnibus.fid-5b41923a_19c3ec54e70_145c,4443,POINT (-38.479654 -3.853522),7384,"RUA JOSÉ PAULO SOBRINHO, 590",-3.853522,-38.479654,ETUFOR,2022,EPSG: 31984 (SIRGAS 2000 - UTM 24S); Codificação: UTF-8
vw_PontosdeOnibus.fid-5b41923a_19c3ec54e70_145d,4444,POINT (-38.48767 -3.848905),7387,", PAUPINA",-3.848905,-38.48767,ETUFOR,2022,EPSG: 31984 (SIRGAS 2000 - UTM 24S); Codificação: UTF-8
vw_PontosdeOnibus.fid-5b41923a_19c3ec54e70_145e,4445,POINT (-38.528477 -3.846848),7389,"RUA SILVINHA TELES, 780",-3.846848,-38.528477,ETUFOR,2022,EPSG: 31984 (SIRGAS 2000 - UTM 24S); Codificação: UTF-8
vw_PontosdeOnibus.fid-5b41923a_19c3ec54e70_145f,4446,POINT (-38.513877 -3.850895),7390,"RUA VERDE 42, 235",-3.850895,-38.513877,ETUFOR,2022,EPSG: 31984 (SIRGAS 2000 - UTM 24S); Codificação: UTF-8
vw_PontosdeOnibus.fid-5b41923a_19c3ec54e70_1460,4447,POINT (-38.519266 -3.846341),7391,"AVENIDA VAL PARAISO, 1935",-3.846341,-38.519266,ETUFOR,2022,EPSG: 31984 (SIRGAS 2000 - UTM 24S); Codificação: UTF-8
vw_PontosdeOnibus.fid-5b41923a_19c3ec54e70_1461,4448,POINT (-38.522453 -3.8481),7392,"AVENIDA CASTELO DE CASTRO, 2400",-3.8481,-38.522453,ETUFOR,2022,EPSG: 31984 (SIRGAS 2000 - UTM 24S); Codificação: UTF-8
vw_PontosdeOnibus.fid-5b41923a_19c3ec54e70_1462,4449,POINT (-38.516733 -3.847182),7393,"RUA 5 CJ HAB ST SAO JOAO, 46",-3.847182,-38.516733,ETUFOR,2022,EPSG: 31984 (SIRGAS 2000 - UTM 24S); Codificação: UTF-8
vw_PontosdeOnibus.fid-5b41923a_19c3ec54e70_1463,4450,POINT (-38.523403 -3.851115),7394,"RUA SILVINHA TELES, 31",-3.851115,-38.523403,ETUFOR,2022,EPSG: 31984 (SIRGAS 2000 - UTM 24S); Codificação: UTF-8
vw_PontosdeOnibus.fid-5b41923a_19c3ec54e70_1464,4451,POINT (-38.523039 -3.850214),7395,"AVENIDA CASTELO DE CASTRO, 2606",-3.850214,-38.523039,ETUFOR,2022,EPSG: 31984 (SIRGAS 2000 - UTM 24S); Codificação: UTF-8
vw_PontosdeOnibus.fid-5b41923a_19c3ec54e70_1465,4452,POINT (-38.612697 -3.780378),7396,"RUA BARRA VERMELHA, 551",-3.780378,-38.612697,ETUFOR,2022,EPSG: 31984 (SIRGAS 2000 - UTM 24S); Codificação: UTF-8
vw_PontosdeOnibus.fid-5b41923a_19c3ec54e70_1466,4453,POINT (-38.54079 -3.803741),7397,"RUA JOQUIM MARTINS, 455",-3.803741,-38.54079,ETUFOR,2022,EPSG: 31984 (SIRGAS 2000 - UTM 24S); Codificação: UTF-8
vw_PontosdeOnibus.fid-5b41923a_19c3ec54e70_1467,4454,POINT (-38.537619 -3.811524),7398,"AVENIDA DOS PAROARAS, 230",-3.811524,-38.537619,ETUFOR,2022,EPSG: 31984 (SIRGAS 2000 - UTM 24S); Codificação: UTF-8
vw_PontosdeOnibus.fid-5b41923a_19c3ec54e70_1468,4455,POINT (-38.565345 -3.709355),74,"AVENIDA PRS CASTELO BRANCO, 3439",-3.709355,-38.565345,ETUFOR,2022,EPSG: 31984 (SIRGAS 2000 - UTM 24S); Codificação: UTF-8
vw_PontosdeOnibus.fid-5b41923a_19c3ec54e70_1469,4456,POINT (-38.535244 -3.807924),7400,"RUA CARNAUBAS, 350",-3.807924,-38.535244,ETUFOR,2022,EPSG: 31984 (SIRGAS 2000 - UTM 24S); Codificação: UTF-8
vw_PontosdeOnibus.fid-5b41923a_19c3ec54e70_146a,4457,POINT (-38.535214 -3.807835),7401,"RUA CARNAÚBAS, 371",-3.807835,-38.535214,ETUFOR,2022,EPSG: 31984 (SIRGAS 2000 - UTM 24S); Codificação: UTF-8
vw_PontosdeOnibus.fid-5b41923a_19c3ec54e70_146b,4458,POINT (-38.451661 -3.801899),7402,"RUA SABIAGUABA, 130",-3.801899,-38.451661,ETUFOR,2022,EPSG: 31984 (SIRGAS 2000 - UTM 24S); Codificação: UTF-8
vw_PontosdeOnibus.fid-5b41923a_19c3ec54e70_146c,4459,POINT (-38.470147 -3.81606),7404,"AVENIDA ODILON GUIMARÃES, 3525",-3.81606,-38.470147,ETUFOR,2022,EPSG: 31984 (SIRGAS 2000 - UTM 24S); Codificação: UTF-8
vw_PontosdeOnibus.fid-5b41923a_19c3ec54e70_146d,4460,POINT (-38.470242 -3.816106),7405,"AVENIDA ODILON GUIMARÃES, 3558",-3.816106,-38.470242,ETUFOR,2022,EPSG: 31984 (SIRGAS 2000 - UTM 24S); Codificação: UTF-8
vw_PontosdeOnibus.fid-5b41923a_19c3ec54e70_146e,4461,POINT (-38.464712 -3.813441),7406,"AVENIDA ODILON GUIMARÃES, 4000",-3.813441,-38.464712,ETUFOR,2022,EPSG: 31984 (SIRGAS 2000 - UTM 24S); Codificação: UTF-8
vw_PontosdeOnibus.fid-5b41923a_19c3ec54e70_146f,4462,POINT (-38.534524 -3.820152),7407,"AVENIDA JUSCELINO KUBITSCHEK, 4950",-3.820152,-38.534524,ETUFOR,2022,EPSG: 31984 (SIRGAS 2000 - UTM 24S); Codificação: UTF-8
vw_PontosdeOnibus.fid-5b41923a_19c3ec54e70_1470,4463,POINT (-38.481356 -3.822886),741,"AVENIDA WASHINGTON SOARES, SN",-3.822886,-38.481356,ETUFOR,2022,EPSG: 31984 (SIRGAS 2000 - UTM 24S); Codificação: UTF-8
vw_PontosdeOnibus.fid-5b41923a_19c3ec54e70_1471,4464,POINT (-38.544418 -3.824573),7411,"AVENIDA PRES COSTA E SILVA, S/N",-3.824573,-38.544418,ETUFOR,2022,EPSG: 31984 (SIRGAS 2000 - UTM 24S); Codificação: UTF-8
vw_PontosdeOnibus.fid-5b41923a_19c3ec54e70_1472,4465,POINT (-38.481191 -3.822017),742,"AVENIDA WASHINGTON SOARES, 0807",-3.822017,-38.481191,ETUFOR,2022,EPSG: 31984 (SIRGAS 2000 - UTM 24S); Codificação: UTF-8
vw_PontosdeOnibus.fid-5b41923a_19c3ec54e70_1473,4466,POINT (-38.476502 -3.821438),743,"AVENIDA ODILON GUIMARAES, 1910",-3.821438,-38.476502,ETUFOR,2022,EPSG: 31984 (SIRGAS 2000 - UTM 24S); Codificação: UTF-8
vw_PontosdeOnibus.fid-5b41923a_19c3ec54e70_1474,4467,POINT (-38.475402 -3.819907),744,"AVENIDA ODILON GUIMARAES, 2249",-3.819907,-38.475402,ETUFOR,2022,EPSG: 31984 (SIRGAS 2000 - UTM 24S); Codificação: UTF-8
vw_PontosdeOnibus.fid-5b41923a_19c3ec54e70_1475,4468,POINT (-38.476855 -3.818247),745,"RUA OZELIA PONTES, 205",-3.818247,-38.476855,ETUFOR,2022,EPSG: 31984 (SIRGAS 2000 - UTM 24S); Codificação: UTF-8
vw_PontosdeOnibus.fid-5b41923a_19c3ec54e70_1476,4469,POINT (-38.474175 -3.818305),746,"AVENIDA ODILON GUIMARAES, 2330",-3.818305,-38.474175,ETUFOR,2022,EPSG: 31984 (SIRGAS 2000 - UTM 24S); Codificação: UTF-8
vw_PontosdeOnibus.fid-5b41923a_19c3ec54e70_1477,4470,POINT (-38.480009 -3.823452),747,"RUA FRANCISCO LEANDRO, 399",-3.823452,-38.480009,ETUFOR,2022,EPSG: 31984 (SIRGAS 2000 - UTM 24S); Codificação: UTF-8
vw_PontosdeOnibus.fid-5b41923a_19c3ec54e70_1478,4471,POINT (-38.479656 -3.825846),748,"AVENIDA ODILON GUIMARAES, 1369",-3.825846,-38.479656,ETUFOR,2022,EPSG: 31984 (SIRGAS 2000 - UTM 24S); Codificação: UTF-8
vw_PontosdeOnibus.fid-5b41923a_19c3ec54e70_1479,4472,POINT (-38.480203 -3.82655),749,"AVENIDA ODILON GUIMARAES, 1300",-3.82655,-38.480203,ETUFOR,2022,EPSG: 31984 (SIRGAS 2000 - UTM 24S); Codificação: UTF-8
vw_PontosdeOnibus.fid-5b41923a_19c3ec54e70_147a,4473,POINT (-38.566088 -3.709238),75,"AVENIDA PEDRO AMERICO, 3701",-3.709238,-38.566088,ETUFOR,2022,EPSG: 31984 (SIRGAS 2000 - UTM 24S); Codificação: UTF-8
vw_PontosdeOnibus.fid-5b41923a_19c3ec54e70_147b,4474,POINT (-38.475572 -3.826084),751,"AVENIDA PRO JOSÉ ARTHUR DE CARVALHO, 461",-3.826084,-38.475572,ETUFOR,2022,EPSG: 31984 (SIRGAS 2000 - UTM 24S); Codificação: UTF-8
vw_PontosdeOnibus.fid-5b41923a_19c3ec54e70_147c,4475,POINT (-38.475664 -3.826066),752,"AVENIDA PRO JOSÉ ARTHUR DE CARVALHO, 461",-3.826066,-38.475664,ETUFOR,2022,EPSG: 31984 (SIRGAS 2000 - UTM 24S); Codificação: UTF-8
vw_PontosdeOnibus.fid-5b41923a_19c3ec54e70_147d,4476,POINT (-38.47752 -3.825787),753,"AVENIDA PRO JOSÉ ARTHUR DE CARVALHO, 43",-3.825787,-38.47752,ETUFOR,2022,EPSG: 31984 (SIRGAS 2000 - UTM 24S); Codificação: UTF-8
vw_PontosdeOnibus.fid-5b41923a_19c3ec54e70_147e,4477,POINT (-38.472405 -3.82669),755,"AVENIDA PRO JOSÉ ARTHUR DE CARVALHO, 796",-3.82669,-38.472405,ETUFOR,2022,EPSG: 31984 (SIRGAS 2000 - UTM 24S); Codificação: UTF-8
vw_PontosdeOnibus.fid-5b41923a_19c3ec54e70_147f,4478,POINT (-38.472459 -3.82668),756,"AVENIDA PRO JOSÉ ARTHUR DE CARVALHO, 796",-3.82668,-38.472459,ETUFOR,2022,EPSG: 31984 (SIRGAS 2000 - UTM 24S); Codificação: UTF-8
vw_PontosdeOnibus.fid-5b41923a_19c3ec54e70_1480,4479,POINT (-38.473879 -3.826408),757,"AVENIDA PRO JOSÉ ARTHUR DE CARVALHO, 510",-3.826408,-38.473879,ETUFOR,2022,EPSG: 31984 (SIRGAS 2000 - UTM 24S); Codificação: UTF-8
vw_PontosdeOnibus.fid-5b41923a_19c3ec54e70_1481,4480,POINT (-38.601697 -3.720245),758,"AVENIDA MAJ ASSIS, 2371",-3.720245,-38.601697,ETUFOR,2022,EPSG: 31984 (SIRGAS 2000 - UTM 24S); Codificação: UTF-8
vw_PontosdeOnibus.fid-5b41923a_19c3ec54e70_1482,4481,POINT (-38.603236 -3.719798),759,"AVENIDA MAJOR ASSIS, 2551",-3.719798,-38.603236,ETUFOR,2022,EPSG: 31984 (SIRGAS 2000 - UTM 24S); Codificação: UTF-8
vw_PontosdeOnibus.fid-5b41923a_19c3ec54e70_1483,4482,POINT (-38.567992 -3.708596),76,"AVENIDA PRS CASTELO BRANCO, 3779",-3.708596,-38.567992,ETUFOR,2022,EPSG: 31984 (SIRGAS 2000 - UTM 24S); Codificação: UTF-8
vw_PontosdeOnibus.fid-5b41923a_19c3ec54e70_1484,4483,POINT (-38.599949 -3.723474),760,"RUA ROSINHA SAMPAIO, 2404",-3.723474,-38.599949,ETUFOR,2022,EPSG: 31984 (SIRGAS 2000 - UTM 24S); Codificação: UTF-8
vw_PontosdeOnibus.fid-5b41923a_19c3ec54e70_1485,4484,POINT (-38.60295 -3.727577),762,"RUA STA MARIA GORETE, 2750",-3.727577,-38.60295,ETUFOR,2022,EPSG: 31984 (SIRGAS 2000 - UTM 24S); Codificação: UTF-8
vw_PontosdeOnibus.fid-5b41923a_19c3ec54e70_1486,4485,POINT (-38.595879 -3.718959),766,"AVENIDA MOZART P.LUCENA, 1900",-3.718959,-38.595879,ETUFOR,2022,EPSG: 31984 (SIRGAS 2000 - UTM 24S); Codificação: UTF-8
vw_PontosdeOnibus.fid-5b41923a_19c3ec54e70_1487,4486,POINT (-38.59596 -3.719228),767,"AVENIDA MOZART PINHEIRO DE LUCENA, 1963",-3.719228,-38.59596,ETUFOR,2022,EPSG: 31984 (SIRGAS 2000 - UTM 24S); Codificação: UTF-8
vw_PontosdeOnibus.fid-5b41923a_19c3ec54e70_1488,4487,POINT (-38.594839 -3.721977),769,"AVENIDA MAJ ASSIS, 1728",-3.721977,-38.594839,ETUFOR,2022,EPSG: 31984 (SIRGAS 2000 - UTM 24S); Codificação: UTF-8
vw_PontosdeOnibus.fid-5b41923a_19c3ec54e70_1489,4488,POINT (-38.567824 -3.708518),77,"AVENIDA PRS CASTELO BRANCO, 3970",-3.708518,-38.567824,ETUFOR,2022,EPSG: 31984 (SIRGAS 2000 - UTM 24S); Codificação: UTF-8
vw_PontosdeOnibus.fid-5b41923a_19c3ec54e70_148a,4489,POINT (-38.594684 -3.722022),770,"AVENIDA MAJ ASSIS, 1711",-3.722022,-38.594684,ETUFOR,2022,EPSG: 31984 (SIRGAS 2000 - UTM 24S); Codificação: UTF-8
vw_PontosdeOnibus.fid-5b41923a_19c3ec54e70_148b,4490,POINT (-38.596424 -3.721517),771,"AVENIDA MAJ ASSIS, 1862",-3.721517,-38.596424,ETUFOR,2022,EPSG: 31984 (SIRGAS 2000 - UTM 24S); Codificação: UTF-8
vw_PontosdeOnibus.fid-5b41923a_19c3ec54e70_148c,4491,POINT (-38.596377 -3.721531),772,"AVENIDA MAJ ASSIS, 1861",-3.721531,-38.596377,ETUFOR,2022,EPSG: 31984 (SIRGAS 2000 - UTM 24S); Codificação: UTF-8
vw_PontosdeOnibus.fid-5b41923a_19c3ec54e70_148d,4492,POINT (-38.591669 -3.719612),773,"RUA GEORGE CAVALCANTE, 902",-3.719612,-38.591669,ETUFOR,2022,EPSG: 31984 (SIRGAS 2000 - UTM 24S); Codificação: UTF-8
vw_PontosdeOnibus.fid-5b41923a_19c3ec54e70_148e,4493,POINT (-38.590675 -3.723177),775,"AVENIDA MAJ ASSIS, 1280",-3.723177,-38.590675,ETUFOR,2022,EPSG: 31984 (SIRGAS 2000 - UTM 24S); Codificação: UTF-8
vw_PontosdeOnibus.fid-5b41923a_19c3ec54e70_148f,4494,POINT (-38.592883 -3.722526),776,"AVENIDA MAJ ASSIS, 1518",-3.722526,-38.592883,ETUFOR,2022,EPSG: 31984 (SIRGAS 2000 - UTM 24S); Codificação: UTF-8
vw_PontosdeOnibus.fid-5b41923a_19c3ec54e70_1490,4495,POINT (-38.597366 -3.723988),778,"AVENIDA MOZART P.LUCENA, 2330",-3.723988,-38.597366,ETUFOR,2022,EPSG: 31984 (SIRGAS 2000 - UTM 24S); Codificação: UTF-8
vw_PontosdeOnibus.fid-5b41923a_19c3ec54e70_1491,4496,POINT (-38.597526 -3.724592),779,"AVENIDA MOZART P.LUCENA, 2379",-3.724592,-38.597526,ETUFOR,2022,EPSG: 31984 (SIRGAS 2000 - UTM 24S); Codificação: UTF-8
vw_PontosdeOnibus.fid-5b41923a_19c3ec54e70_1492,4497,POINT (-38.563549 -3.706345),78,"AVENIDA MON HELIO CAMPOS  (D22), SN",-3.706345,-38.563549,ETUFOR,2022,EPSG: 31984 (SIRGAS 2000 - UTM 24S); Codificação: UTF-8
vw_PontosdeOnibus.fid-5b41923a_19c3ec54e70_1493,4498,POINT (-38.596803 -3.725181),780,"AVENIDA DA INDEPENDENCIA, 1869",-3.725181,-38.596803,ETUFOR,2022,EPSG: 31984 (SIRGAS 2000 - UTM 24S); Codificação: UTF-8
vw_PontosdeOnibus.fid-5b41923a_19c3ec54e70_1494,4499,POINT (-38.597938 -3.726115),781,"AVENIDA MOZART P.LUCENA, 2480",-3.726115,-38.597938,ETUFOR,2022,EPSG: 31984 (SIRGAS 2000 - UTM 24S); Codificação: UTF-8
vw_PontosdeOnibus.fid-5b41923a_19c3ec54e70_1495,4500,POINT (-38.597958 -3.726187),782,"AVENIDA MOZART P.LUCENA, 2483",-3.726187,-38.597958,ETUFOR,2022,EPSG: 31984 (SIRGAS 2000 - UTM 24S); Codificação: UTF-8
vw_PontosdeOnibus.fid-5b41923a_19c3ec54e70_1496,4501,POINT (-38.590383 -3.72326),786,"AVENIDA MAJ ASSIS, 786",-3.72326,-38.590383,ETUFOR,2022,EPSG: 31984 (SIRGAS 2000 - UTM 24S); Codificação: UTF-8
vw_PontosdeOnibus.fid-5b41923a_19c3ec54e70_1497,4502,POINT (-38.592775 -3.726384),789,"AVENIDA DA INDEPENDENCIA, 1365",-3.726384,-38.592775,ETUFOR,2022,EPSG: 31984 (SIRGAS 2000 - UTM 24S); Codificação: UTF-8
vw_PontosdeOnibus.fid-5b41923a_19c3ec54e70_1498,4503,POINT (-38.563931 -3.70606),79,"AVENIDA MON HELIO CAMPOS  (D22), 89",-3.70606,-38.563931,ETUFOR,2022,EPSG: 31984 (SIRGAS 2000 - UTM 24S); Codificação: UTF-8
vw_PontosdeOnibus.fid-5b41923a_19c3ec54e70_1499,4504,POINT (-38.586799 -3.722022),790,"AVENIDA CEL CARVALHO, 2227",-3.722022,-38.586799,ETUFOR,2022,EPSG: 31984 (SIRGAS 2000 - UTM 24S); Codificação: UTF-8
vw_PontosdeOnibus.fid-5b41923a_19c3ec54e70_149a,4505,POINT (-38.586732 -3.721884),791,"AVENIDA CEL CARVALHO, 2168",-3.721884,-38.586732,ETUFOR,2022,EPSG: 31984 (SIRGAS 2000 - UTM 24S); Codificação: UTF-8
vw_PontosdeOnibus.fid-5b41923a_19c3ec54e70_149b,4506,POINT (-38.588394 -3.72052),793,"RUA GUILHERME MENDES, 1030",-3.72052,-38.588394,ETUFOR,2022,EPSG: 31984 (SIRGAS 2000 - UTM 24S); Codificação: UTF-8
vw_PontosdeOnibus.fid-5b41923a_19c3ec54e70_149c,4507,POINT (-38.587324 -3.720054),794,"AVENIDA CEL CARVALHO, 1996",-3.720054,-38.587324,ETUFOR,2022,EPSG: 31984 (SIRGAS 2000 - UTM 24S); Codificação: UTF-8
vw_PontosdeOnibus.fid-5b41923a_19c3ec54e70_149d,4508,POINT (-38.583025 -3.719971),795,"RUA ALBERTO FERREIRA, 283",-3.719971,-38.583025,ETUFOR,2022,EPSG: 31984 (SIRGAS 2000 - UTM 24S); Codificação: UTF-8
vw_PontosdeOnibus.fid-5b41923a_19c3ec54e70_149e,4509,POINT (-38.581784 -3.721906),796,"RUA RIO ARAGUAIA, 681",-3.721906,-38.581784,ETUFOR,2022,EPSG: 31984 (SIRGAS 2000 - UTM 24S); Codificação: UTF-8
vw_PontosdeOnibus.fid-5b41923a_19c3ec54e70_149f,4510,POINT (-38.581753 -3.721539),797,"RUA RIO ARAGUAIA, 662",-3.721539,-38.581753,ETUFOR,2022,EPSG: 31984 (SIRGAS 2000 - UTM 24S); Codificação: UTF-8
vw_PontosdeOnibus.fid-5b41923a_19c3ec54e70_14a0,4511,POINT (-38.586327 -3.723406),798,"AVENIDA CEL CARVALHO, 2417",-3.723406,-38.586327,ETUFOR,2022,EPSG: 31984 (SIRGAS 2000 - UTM 24S); Codificação: UTF-8
vw_PontosdeOnibus.fid-5b41923a_19c3ec54e70_14a1,4512,POINT (-38.586452 -3.723336),799,"AVENIDA CEL CARVALHO, 2227",-3.723336,-38.586452,ETUFOR,2022,EPSG: 31984 (SIRGAS 2000 - UTM 24S); Codificação: UTF-8
vw_PontosdeOnibus.fid-5b41923a_19c3ec54e70_14a2,4513,POINT (-38.578022 -3.699267),8,"RUA DOS ABOLICIONISTAS, 162",-3.699267,-38.578022,ETUFOR,2022,EPSG: 31984 (SIRGAS 2000 - UTM 24S); Codificação: UTF-8
vw_PontosdeOnibus.fid-5b41923a_19c3ec54e70_14a3,4514,POINT (-38.561099 -3.707868),80,"RUA NOSSA SRA DAS GRACAS, 1178",-3.707868,-38.561099,ETUFOR,2022,EPSG: 31984 (SIRGAS 2000 - UTM 24S); Codificação: UTF-8
vw_PontosdeOnibus.fid-5b41923a_19c3ec54e70_14a4,4515,POINT (-38.586744 -3.723746),800,"AVENIDA MAJ ASSIS, SN",-3.723746,-38.586744,ETUFOR,2022,EPSG: 31984 (SIRGAS 2000 - UTM 24S); Codificação: UTF-8
vw_PontosdeOnibus.fid-5b41923a_19c3ec54e70_14a5,4516,POINT (-38.586691 -3.723751),801,"AVENIDA MAJ ASSIS, 911",-3.723751,-38.586691,ETUFOR,2022,EPSG: 31984 (SIRGAS 2000 - UTM 24S); Codificação: UTF-8
vw_PontosdeOnibus.fid-5b41923a_19c3ec54e70_14a6,4517,POINT (-38.585986 -3.725025),803,"AVENIDA CEL CARVALHO, 2570",-3.725025,-38.585986,ETUFOR,2022,EPSG: 31984 (SIRGAS 2000 - UTM 24S); Codificação: UTF-8
vw_PontosdeOnibus.fid-5b41923a_19c3ec54e70_14a7,4518,POINT (-38.585641 -3.725958),804,"AVENIDA CEL CARVALHO, 2641",-3.725958,-38.585641,ETUFOR,2022,EPSG: 31984 (SIRGAS 2000 - UTM 24S); Codificação: UTF-8
vw_PontosdeOnibus.fid-5b41923a_19c3ec54e70_14a8,4519,POINT (-38.585541 -3.726751),805,"AVENIDA CEL CARVALHO, 2697",-3.726751,-38.585541,ETUFOR,2022,EPSG: 31984 (SIRGAS 2000 - UTM 24S); Codificação: UTF-8
vw_PontosdeOnibus.fid-5b41923a_19c3ec54e70_14a9,4520,POINT (-38.585759 -3.726714),806,"RUA MISERICÓRDIA, 97",-3.726714,-38.585759,ETUFOR,2022,EPSG: 31984 (SIRGAS 2000 - UTM 24S); Codificação: UTF-8
vw_PontosdeOnibus.fid-5b41923a_19c3ec54e70_14aa,4521,POINT (-38.579333 -3.726843),807,"RUA RAIMUNDO BIZARRIA, 807",-3.726843,-38.579333,ETUFOR,2022,EPSG: 31984 (SIRGAS 2000 - UTM 24S); Codificação: UTF-8
vw_PontosdeOnibus.fid-5b41923a_19c3ec54e70_14ab,4522,POINT (-38.579214 -3.726054),808,"RUA RAIMUNDO BIZARRIA, 736",-3.726054,-38.579214,ETUFOR,2022,EPSG: 31984 (SIRGAS 2000 - UTM 24S); Codificação: UTF-8
vw_PontosdeOnibus.fid-5b41923a_19c3ec54e70_14ac,4523,POINT (-38.579184 -3.72527),809,"RUA RAIMUNDO BIZARRIA, 553",-3.72527,-38.579184,ETUFOR,2022,EPSG: 31984 (SIRGAS 2000 - UTM 24S); Codificação: UTF-8
vw_PontosdeOnibus.fid-5b41923a_19c3ec54e70_14ad,4524,POINT (-38.561732 -3.705651),81,"RUA STA ELISA, 969",-3.705651,-38.561732,ETUFOR,2022,EPSG: 31984 (SIRGAS 2000 - UTM 24S); Codificação: UTF-8
vw_PontosdeOnibus.fid-5b41923a_19c3ec54e70_14ae,4525,POINT (-38.579238 -3.724922),810,"RUA RAIMUNDO BIZARRIA, 573",-3.724922,-38.579238,ETUFOR,2022,EPSG: 31984 (SIRGAS 2000 - UTM 24S); Codificação: UTF-8
vw_PontosdeOnibus.fid-5b41923a_19c3ec54e70_14af,4526,POINT (-38.579113 -3.723897),811,"RUA RAIMUNDO BIZARRIA, 404",-3.723897,-38.579113,ETUFOR,2022,EPSG: 31984 (SIRGAS 2000 - UTM 24S); Codificação: UTF-8
vw_PontosdeOnibus.fid-5b41923a_19c3ec54e70_14b0,4527,POINT (-38.578977 -3.723315),812,"RUA RAIMUNDO BIZARRIA, 392",-3.723315,-38.578977,ETUFOR,2022,EPSG: 31984 (SIRGAS 2000 - UTM 24S); Codificação: UTF-8
vw_PontosdeOnibus.fid-5b41923a_19c3ec54e70_14b1,4528,POINT (-38.582028 -3.72471),813,"RUA RIO ARAGUAIA, 900",-3.72471,-38.582028,ETUFOR,2022,EPSG: 31984 (SIRGAS 2000 - UTM 24S); Codificação: UTF-8
vw_PontosdeOnibus.fid-5b41923a_19c3ec54e70_14b2,4529,POINT (-38.582025 -3.724674),814,"RUA RIO ARAGUAIA, 900",-3.724674,-38.582025,ETUFOR,2022,EPSG: 31984 (SIRGAS 2000 - UTM 24S); Codificação: UTF-8
vw_PontosdeOnibus.fid-5b41923a_19c3ec54e70_14b3,4530,POINT (-38.582213 -3.726737),815,"RUA RIO ARAGUAIA, 1168",-3.726737,-38.582213,ETUFOR,2022,EPSG: 31984 (SIRGAS 2000 - UTM 24S); Codificação: UTF-8
vw_PontosdeOnibus.fid-5b41923a_19c3ec54e70_14b4,4531,POINT (-38.578386 -3.722656),816,"RUA CARNAUBAS, S/N",-3.722656,-38.578386,ETUFOR,2022,EPSG: 31984 (SIRGAS 2000 - UTM 24S); Codificação: UTF-8
vw_PontosdeOnibus.fid-5b41923a_19c3ec54e70_14b5,4532,POINT (-38.578361 -3.722646),817,"RUA CARNAUBAS, 15",-3.722646,-38.578361,ETUFOR,2022,EPSG: 31984 (SIRGAS 2000 - UTM 24S); Codificação: UTF-8
vw_PontosdeOnibus.fid-5b41923a_19c3ec54e70_14b6,4533,POINT (-38.577732 -3.722753),818,"RUA CARNAUBAL, 959",-3.722753,-38.577732,ETUFOR,2022,EPSG: 31984 (SIRGAS 2000 - UTM 24S); Codificação: UTF-8
vw_PontosdeOnibus.fid-5b41923a_19c3ec54e70_14b7,4534,POINT (-38.577767 -3.72271),819,"RUA CARNAUBAL, 48",-3.72271,-38.577767,ETUFOR,2022,EPSG: 31984 (SIRGAS 2000 - UTM 24S); Codificação: UTF-8
vw_PontosdeOnibus.fid-5b41923a_19c3ec54e70_14b8,4535,POINT (-38.560475 -3.708055),82,"RUA NOSSA SRA DAS GRACAS, 1153",-3.708055,-38.560475,ETUFOR,2022,EPSG: 31984 (SIRGAS 2000 - UTM 24S); Codificação: UTF-8
vw_PontosdeOnibus.fid-5b41923a_19c3ec54e70_14b9,4536,POINT (-38.570543 -3.719668),820,"RUA TEODORO DE CASTRO, 413",-3.719668,-38.570543,ETUFOR,2022,EPSG: 31984 (SIRGAS 2000 - UTM 24S); Codificação: UTF-8
vw_PontosdeOnibus.fid-5b41923a_19c3ec54e70_14ba,4537,POINT (-38.570524 -3.719678),822,"RUA TEODOMIRO DE CASTRO, 4132",-3.719678,-38.570524,ETUFOR,2022,EPSG: 31984 (SIRGAS 2000 - UTM 24S); Codificação: UTF-8
vw_PontosdeOnibus.fid-5b41923a_19c3ec54e70_14bb,4538,POINT (-38.571087 -3.722317),823,"RUA FRE ODILON, 350",-3.722317,-38.571087,ETUFOR,2022,EPSG: 31984 (SIRGAS 2000 - UTM 24S); Codificação: UTF-8
vw_PontosdeOnibus.fid-5b41923a_19c3ec54e70_14bc,4539,POINT (-38.609217 -3.812242),825,"AVENIDA OSORIO DE PAIVA, 6683",-3.812242,-38.609217,ETUFOR,2022,EPSG: 31984 (SIRGAS 2000 - UTM 24S); Codificação: UTF-8
vw_PontosdeOnibus.fid-5b41923a_19c3ec54e70_14bd,4540,POINT (-38.608221 -3.810965),826,"AVENIDA OSORIO DE PAIVA, 6297",-3.810965,-38.608221,ETUFOR,2022,EPSG: 31984 (SIRGAS 2000 - UTM 24S); Codificação: UTF-8
vw_PontosdeOnibus.fid-5b41923a_19c3ec54e70_14be,4541,POINT (-38.607307 -3.810295),827,"AVENIDA OSORIO DE PAIVA, 6297",-3.810295,-38.607307,ETUFOR,2022,EPSG: 31984 (SIRGAS 2000 - UTM 24S); Codificação: UTF-8
vw_PontosdeOnibus.fid-5b41923a_19c3ec54e70_14bf,4542,POINT (-38.558924 -3.708513),83,"RUA NOSSA SRA DAS GRACAS, 1086",-3.708513,-38.558924,ETUFOR,2022,EPSG: 31984 (SIRGAS 2000 - UTM 24S); Codificação: UTF-8
vw_PontosdeOnibus.fid-5b41923a_19c3ec54e70_14c0,4543,POINT (-38.604394 -3.815686),830,"RUA PEDESTRE III, 322",-3.815686,-38.604394,ETUFOR,2022,EPSG: 31984 (SIRGAS 2000 - UTM 24S); Codificação: UTF-8
vw_PontosdeOnibus.fid-5b41923a_19c3ec54e70_14c1,4544,POINT (-38.603669 -3.816144),832,"RUA PEDESTRE III, 275",-3.816144,-38.603669,ETUFOR,2022,EPSG: 31984 (SIRGAS 2000 - UTM 24S); Codificação: UTF-8
vw_PontosdeOnibus.fid-5b41923a_19c3ec54e70_14c2,4545,POINT (-38.602364 -3.816943),833,"RUA PEDESTRE II, 98",-3.816943,-38.602364,ETUFOR,2022,EPSG: 31984 (SIRGAS 2000 - UTM 24S); Codificação: UTF-8
vw_PontosdeOnibus.fid-5b41923a_19c3ec54e70_14c3,4546,POINT (-38.600464 -3.816878),834,"RUA CON CASTRO, 7148",-3.816878,-38.600464,ETUFOR,2022,EPSG: 31984 (SIRGAS 2000 - UTM 24S); Codificação: UTF-8
vw_PontosdeOnibus.fid-5b41923a_19c3ec54e70_14c4,4547,POINT (-38.596909 -3.811065),835,"RUA CON CASTRO, 5481",-3.811065,-38.596909,ETUFOR,2022,EPSG: 31984 (SIRGAS 2000 - UTM 24S); Codificação: UTF-8
vw_PontosdeOnibus.fid-5b41923a_19c3ec54e70_14c5,4548,POINT (-38.597404 -3.813025),836,"RUA RAIMUNDO ARISTIDES, 902",-3.813025,-38.597404,ETUFOR,2022,EPSG: 31984 (SIRGAS 2000 - UTM 24S); Codificação: UTF-8
vw_PontosdeOnibus.fid-5b41923a_19c3ec54e70_14c6,4549,POINT (-38.59828 -3.813565),837,"RUA CON CASTRO, 5680",-3.813565,-38.59828,ETUFOR,2022,EPSG: 31984 (SIRGAS 2000 - UTM 24S); Codificação: UTF-8
vw_PontosdeOnibus.fid-5b41923a_19c3ec54e70_14c7,4550,POINT (-38.596755 -3.810819),838,"RUA CON CASTRO, 5473",-3.810819,-38.596755,ETUFOR,2022,EPSG: 31984 (SIRGAS 2000 - UTM 24S); Codificação: UTF-8
vw_PontosdeOnibus.fid-5b41923a_19c3ec54e70_14c8,4551,POINT (-38.595555 -3.809099),839,"RUA CON CASTRO, 5230",-3.809099,-38.595555,ETUFOR,2022,EPSG: 31984 (SIRGAS 2000 - UTM 24S); Codificação: UTF-8
vw_PontosdeOnibus.fid-5b41923a_19c3ec54e70_14c9,4552,POINT (-38.558668 -3.708586),84,"RUA NOSSA SRA DAS GRACAS, 1079",-3.708586,-38.558668,ETUFOR,2022,EPSG: 31984 (SIRGAS 2000 - UTM 24S); Codificação: UTF-8
vw_PontosdeOnibus.fid-5b41923a_19c3ec54e70_14ca,4553,POINT (-38.596571 -3.811703),840,"RUA MAGNA, 1650",-3.811703,-38.596571,ETUFOR,2022,EPSG: 31984 (SIRGAS 2000 - UTM 24S); Codificação: UTF-8
vw_PontosdeOnibus.fid-5b41923a_19c3ec54e70_14cb,4554,POINT (-38.595206 -3.81264),841,"AVENIDA CONTORNO SUL   (D71), 1533",-3.81264,-38.595206,ETUFOR,2022,EPSG: 31984 (SIRGAS 2000 - UTM 24S); Codificação: UTF-8
vw_PontosdeOnibus.fid-5b41923a_19c3ec54e70_14cc,4555,POINT (-38.591442 -3.80971),842,"AVENIDA CONTORNO NORTE (D71), 1735",-3.80971,-38.591442,ETUFOR,2022,EPSG: 31984 (SIRGAS 2000 - UTM 24S); Codificação: UTF-8
vw_PontosdeOnibus.fid-5b41923a_19c3ec54e70_14cd,4556,POINT (-38.591302 -3.809808),843,"AVENIDA CONTORNO NORTE (D71), 1699",-3.809808,-38.591302,ETUFOR,2022,EPSG: 31984 (SIRGAS 2000 - UTM 24S); Codificação: UTF-8
vw_PontosdeOnibus.fid-5b41923a_19c3ec54e70_14ce,4557,POINT (-38.590156 -3.811476),844,"AVENIDA PENETRACAO NORTE SUL, 22",-3.811476,-38.590156,ETUFOR,2022,EPSG: 31984 (SIRGAS 2000 - UTM 24S); Codificação: UTF-8
vw_PontosdeOnibus.fid-5b41923a_19c3ec54e70_14cf,4558,POINT (-38.589785 -3.811414),845,"AVENIDA CONTORNO NORTE (D71), 1544",-3.811414,-38.589785,ETUFOR,2022,EPSG: 31984 (SIRGAS 2000 - UTM 24S); Codificação: UTF-8
vw_PontosdeOnibus.fid-5b41923a_19c3ec54e70_14d0,4559,POINT (-38.591281 -3.812653),846,"AVENIDA PENETRACAO NORTE SUL, 257",-3.812653,-38.591281,ETUFOR,2022,EPSG: 31984 (SIRGAS 2000 - UTM 24S); Codificação: UTF-8
vw_PontosdeOnibus.fid-5b41923a_19c3ec54e70_14d1,4560,POINT (-38.591419 -3.812794),847,"AVENIDA PENETRACAO NORTE SUL, 277",-3.812794,-38.591419,ETUFOR,2022,EPSG: 31984 (SIRGAS 2000 - UTM 24S); Codificação: UTF-8
vw_PontosdeOnibus.fid-5b41923a_19c3ec54e70_14d2,4561,POINT (-38.591602 -3.814697),848,"AVENIDA CONTORNO SUL   (D71), 961",-3.814697,-38.591602,ETUFOR,2022,EPSG: 31984 (SIRGAS 2000 - UTM 24S); Codificação: UTF-8
vw_PontosdeOnibus.fid-5b41923a_19c3ec54e70_14d3,4562,POINT (-38.591564 -3.814683),849,"AVENIDA CONTORNO SUL   (D71), 1013",-3.814683,-38.591564,ETUFOR,2022,EPSG: 31984 (SIRGAS 2000 - UTM 24S); Codificação: UTF-8
vw_PontosdeOnibus.fid-5b41923a_19c3ec54e70_14d4,4563,POINT (-38.590651 -3.816474),850,"AVENIDA CONTORNO SUL   (D71), 148",-3.816474,-38.590651,ETUFOR,2022,EPSG: 31984 (SIRGAS 2000 - UTM 24S); Codificação: UTF-8
vw_PontosdeOnibus.fid-5b41923a_19c3ec54e70_14d5,4564,POINT (-38.590637 -3.816363),851,"AVENIDA CONTORNO SUL   (D71), 132",-3.816363,-38.590637,ETUFOR,2022,EPSG: 31984 (SIRGAS 2000 - UTM 24S); Codificação: UTF-8
vw_PontosdeOnibus.fid-5b41923a_19c3ec54e70_14d6,4565,POINT (-38.590418 -3.817313),853,"AVENIDA CONTORNO SUL   (D71), 204",-3.817313,-38.590418,ETUFOR,2022,EPSG: 31984 (SIRGAS 2000 - UTM 24S); Codificação: UTF-8
vw_PontosdeOnibus.fid-5b41923a_19c3ec54e70_14d7,4566,POINT (-38.594141 -3.813672),854,"AVENIDA CONTORNO SUL   (D71), 1361",-3.813672,-38.594141,ETUFOR,2022,EPSG: 31984 (SIRGAS 2000 - UTM 24S); Codificação: UTF-8
vw_PontosdeOnibus.fid-5b41923a_19c3ec54e70_14d8,4567,POINT (-38.599288 -3.81527),855,"RUA CÔNEGO DE CASTRO, 6044",-3.81527,-38.599288,ETUFOR,2022,EPSG: 31984 (SIRGAS 2000 - UTM 24S); Codificação: UTF-8
vw_PontosdeOnibus.fid-5b41923a_19c3ec54e70_14d9,4568,POINT (-38.583284 -3.811632),857,"RUA LUIZ DE PONTES, 120",-3.811632,-38.583284,ETUFOR,2022,EPSG: 31984 (SIRGAS 2000 - UTM 24S); Codificação: UTF-8
vw_PontosdeOnibus.fid-5b41923a_19c3ec54e70_14da,4569,POINT (-38.584549 -3.811292),858,"RUA ALFREDO MAMEDE, 1064",-3.811292,-38.584549,ETUFOR,2022,EPSG: 31984 (SIRGAS 2000 - UTM 24S); Codificação: UTF-8
vw_PontosdeOnibus.fid-5b41923a_19c3ec54e70_14db,4570,POINT (-38.582817 -3.810598),859,"RUA ALFREDO MAMEDE, 660",-3.810598,-38.582817,ETUFOR,2022,EPSG: 31984 (SIRGAS 2000 - UTM 24S); Codificação: UTF-8
vw_PontosdeOnibus.fid-5b41923a_19c3ec54e70_14dc,4571,POINT (-38.557867 -3.707805),86,"AVENIDA PASTEUR, 206",-3.707805,-38.557867,ETUFOR,2022,EPSG: 31984 (SIRGAS 2000 - UTM 24S); Codificação: UTF-8
vw_PontosdeOnibus.fid-5b41923a_19c3ec54e70_14dd,4572,POINT (-38.582801 -3.810589),860,"RUA ALFREDO MAMEDE, 660",-3.810589,-38.582801,ETUFOR,2022,EPSG: 31984 (SIRGAS 2000 - UTM 24S); Codificação: UTF-8
vw_PontosdeOnibus.fid-5b41923a_19c3ec54e70_14de,4573,POINT (-38.582921 -3.812787),861,"RUA PORTO FRANCO, 106",-3.812787,-38.582921,ETUFOR,2022,EPSG: 31984 (SIRGAS 2000 - UTM 24S); Codificação: UTF-8
vw_PontosdeOnibus.fid-5b41923a_19c3ec54e70_14df,4574,POINT (-38.58685 -3.815774),863,"AVENIDA F CJ ESPERANCA, 103",-3.815774,-38.58685,ETUFOR,2022,EPSG: 31984 (SIRGAS 2000 - UTM 24S); Codificação: UTF-8
vw_PontosdeOnibus.fid-5b41923a_19c3ec54e70_14e0,4575,POINT (-38.586873 -3.8158),864,"AVENIDA F CJ ESPERANCA, 103",-3.8158,-38.586873,ETUFOR,2022,EPSG: 31984 (SIRGAS 2000 - UTM 24S); Codificação: UTF-8
vw_PontosdeOnibus.fid-5b41923a_19c3ec54e70_14e1,4576,POINT (-38.587166 -3.814455),865,"AVENIDA CONTORNO NORTE (D71), 1175",-3.814455,-38.587166,ETUFOR,2022,EPSG: 31984 (SIRGAS 2000 - UTM 24S); Codificação: UTF-8
vw_PontosdeOnibus.fid-5b41923a_19c3ec54e70_14e2,4577,POINT (-38.586821 -3.814705),866,"AVENIDA CONTORNO NORTE (D71), 1050",-3.814705,-38.586821,ETUFOR,2022,EPSG: 31984 (SIRGAS 2000 - UTM 24S); Codificação: UTF-8
vw_PontosdeOnibus.fid-5b41923a_19c3ec54e70_14e3,4578,POINT (-38.588983 -3.818035),867,"AVENIDA F CJ ESPERANCA, 103",-3.818035,-38.588983,ETUFOR,2022,EPSG: 31984 (SIRGAS 2000 - UTM 24S); Codificação: UTF-8
vw_PontosdeOnibus.fid-5b41923a_19c3ec54e70_14e4,4579,POINT (-38.584622 -3.813796),869,"RUA ALFREDO MAMEDE, 860",-3.813796,-38.584622,ETUFOR,2022,EPSG: 31984 (SIRGAS 2000 - UTM 24S); Codificação: UTF-8
vw_PontosdeOnibus.fid-5b41923a_19c3ec54e70_14e5,4580,POINT (-38.575214 -3.811411),871,"RUA WENEFRIDO MELO, 421",-3.811411,-38.575214,ETUFOR,2022,EPSG: 31984 (SIRGAS 2000 - UTM 24S); Codificação: UTF-8
vw_PontosdeOnibus.fid-5b41923a_19c3ec54e70_14e6,4581,POINT (-38.578311 -3.813038),872,"RUA 10 CJ PEQ MONDUBIM, 100",-3.813038,-38.578311,ETUFOR,2022,EPSG: 31984 (SIRGAS 2000 - UTM 24S); Codificação: UTF-8
vw_PontosdeOnibus.fid-5b41923a_19c3ec54e70_14e7,4582,POINT (-38.574841 -3.812301),873,"AVENIDA GODOFREDO MACIEL, 4372",-3.812301,-38.574841,ETUFOR,2022,EPSG: 31984 (SIRGAS 2000 - UTM 24S); Codificação: UTF-8
vw_PontosdeOnibus.fid-5b41923a_19c3ec54e70_14e8,4583,POINT (-38.574073 -3.812045),874,"RUA PRS COSTA E SILVA, SN",-3.812045,-38.574073,ETUFOR,2022,EPSG: 31984 (SIRGAS 2000 - UTM 24S); Codificação: UTF-8
vw_PontosdeOnibus.fid-5b41923a_19c3ec54e70_14e9,4584,POINT (-38.574424 -3.811082),876,"AVENIDA GODOFREDO MACIEL, 4140 A",-3.811082,-38.574424,ETUFOR,2022,EPSG: 31984 (SIRGAS 2000 - UTM 24S); Codificação: UTF-8
vw_PontosdeOnibus.fid-5b41923a_19c3ec54e70_14ea,4585,POINT (-38.57108 -3.813019),877,"AVENIDA PRS COSTA E SILVA, 885",-3.813019,-38.57108,ETUFOR,2022,EPSG: 31984 (SIRGAS 2000 - UTM 24S); Codificação: UTF-8
vw_PontosdeOnibus.fid-5b41923a_19c3ec54e70_14eb,4586,POINT (-38.574585 -3.816181),879,"AVENIDA GODOFREDO MACIEL, 4707",-3.816181,-38.574585,ETUFOR,2022,EPSG: 31984 (SIRGAS 2000 - UTM 24S); Codificação: UTF-8
vw_PontosdeOnibus.fid-5b41923a_19c3ec54e70_14ec,4587,POINT (-38.558349 -3.707029),88,"RUA STA ELISA, 548",-3.707029,-38.558349,ETUFOR,2022,EPSG: 31984 (SIRGAS 2000 - UTM 24S); Codificação: UTF-8
vw_PontosdeOnibus.fid-5b41923a_19c3ec54e70_14ed,4588,POINT (-38.574468 -3.815893),880,"AVENIDA GODOFREDO MACIEL, 4707",-3.815893,-38.574468,ETUFOR,2022,EPSG: 31984 (SIRGAS 2000 - UTM 24S); Codificação: UTF-8
vw_PontosdeOnibus.fid-5b41923a_19c3ec54e70_14ee,4589,POINT (-38.573479 -3.816551),881,"RUA COM ROCHA    (D72), 58",-3.816551,-38.573479,ETUFOR,2022,EPSG: 31984 (SIRGAS 2000 - UTM 24S); Codificação: UTF-8
vw_PontosdeOnibus.fid-5b41923a_19c3ec54e70_14ef,4590,POINT (-38.569369 -3.815933),882,"RUA 11 CJ ST CORREGO, 89",-3.815933,-38.569369,ETUFOR,2022,EPSG: 31984 (SIRGAS 2000 - UTM 24S); Codificação: UTF-8
vw_PontosdeOnibus.fid-5b41923a_19c3ec54e70_14f0,4591,POINT (-38.568438 -3.815988),883,"AVENIDA AL  VERDE 9, 104",-3.815988,-38.568438,ETUFOR,2022,EPSG: 31984 (SIRGAS 2000 - UTM 24S); Codificação: UTF-8
vw_PontosdeOnibus.fid-5b41923a_19c3ec54e70_14f1,4592,POINT (-38.568899 -3.815232),884,"AVENIDA PRS COSTA E SILVA, SN",-3.815232,-38.568899,ETUFOR,2022,EPSG: 31984 (SIRGAS 2000 - UTM 24S); Codificação: UTF-8
vw_PontosdeOnibus.fid-5b41923a_19c3ec54e70_14f2,4593,POINT (-38.570396 -3.816624),885,"RUA 6 CJ SITIO CORREGO, 210",-3.816624,-38.570396,ETUFOR,2022,EPSG: 31984 (SIRGAS 2000 - UTM 24S); Codificação: UTF-8
vw_PontosdeOnibus.fid-5b41923a_19c3ec54e70_14f3,4594,POINT (-38.58919 -3.827877),886,"RUA JUVENCIO PORFIRIO SALES, 766",-3.827877,-38.58919,ETUFOR,2022,EPSG: 31984 (SIRGAS 2000 - UTM 24S); Codificação: UTF-8
vw_PontosdeOnibus.fid-5b41923a_19c3ec54e70_14f4,4595,POINT (-38.583803 -3.829895),892,"RUA JATAI D- 71, 430",-3.829895,-38.583803,ETUFOR,2022,EPSG: 31984 (SIRGAS 2000 - UTM 24S); Codificação: UTF-8
vw_PontosdeOnibus.fid-5b41923a_19c3ec54e70_14f5,4596,POINT (-38.581662 -3.831441),893,"RUA JATAI D- 71, 206",-3.831441,-38.581662,ETUFOR,2022,EPSG: 31984 (SIRGAS 2000 - UTM 24S); Codificação: UTF-8
vw_PontosdeOnibus.fid-5b41923a_19c3ec54e70_14f6,4597,POINT (-38.581194 -3.831408),894,"AVENIDA GODOFREDO MACIEL, 6340",-3.831408,-38.581194,ETUFOR,2022,EPSG: 31984 (SIRGAS 2000 - UTM 24S); Codificação: UTF-8
vw_PontosdeOnibus.fid-5b41923a_19c3ec54e70_14f7,4598,POINT (-38.589806 -3.701834),9,"AVENIDA RAD JOSÉ LIMA VERDE, 1037",-3.701834,-38.589806,ETUFOR,2022,EPSG: 31984 (SIRGAS 2000 - UTM 24S); Codificação: UTF-8
vw_PontosdeOnibus.fid-5b41923a_19c3ec54e70_14f8,4599,POINT (-38.559824 -3.706417),90,"RUA STA ELISA, 747",-3.706417,-38.559824,ETUFOR,2022,EPSG: 31984 (SIRGAS 2000 - UTM 24S); Codificação: UTF-8
vw_PontosdeOnibus.fid-5b41923a_19c3ec54e70_14f9,4600,POINT (-38.568447 -3.832346),901,"RUA PARANAI, 1230",-3.832346,-38.568447,ETUFOR,2022,EPSG: 31984 (SIRGAS 2000 - UTM 24S); Codificação: UTF-8
vw_PontosdeOnibus.fid-5b41923a_19c3ec54e70_14fa,4601,POINT (-38.568869 -3.833708),902,"RUA CEL QUEIROZ, 669",-3.833708,-38.568869,ETUFOR,2022,EPSG: 31984 (SIRGAS 2000 - UTM 24S); Codificação: UTF-8
vw_PontosdeOnibus.fid-5b41923a_19c3ec54e70_14fb,4602,POINT (-38.568793 -3.833736),903,"RUA CEL QUEIROZ, 760",-3.833736,-38.568793,ETUFOR,2022,EPSG: 31984 (SIRGAS 2000 - UTM 24S); Codificação: UTF-8
vw_PontosdeOnibus.fid-5b41923a_19c3ec54e70_14fc,4603,POINT (-38.559583 -3.828338),906,"RUA JOAO ARAUJO LIMA, 751",-3.828338,-38.559583,ETUFOR,2022,EPSG: 31984 (SIRGAS 2000 - UTM 24S); Codificação: UTF-8
vw_PontosdeOnibus.fid-5b41923a_19c3ec54e70_14fd,4604,POINT (-38.559718 -3.828438),907,"RUA JOAO DE ARAUJO LIMA, 751",-3.828438,-38.559718,ETUFOR,2022,EPSG: 31984 (SIRGAS 2000 - UTM 24S); Codificação: UTF-8
vw_PontosdeOnibus.fid-5b41923a_19c3ec54e70_14fe,4605,POINT (-38.560573 -3.83216),908,"RUA JOAO ARAUJO LIMA, 1770",-3.83216,-38.560573,ETUFOR,2022,EPSG: 31984 (SIRGAS 2000 - UTM 24S); Codificação: UTF-8
vw_PontosdeOnibus.fid-5b41923a_19c3ec54e70_14ff,4606,POINT (-38.56044 -3.832051),909,"RUA JOAO ARAUJO LIMA, 728",-3.832051,-38.56044,ETUFOR,2022,EPSG: 31984 (SIRGAS 2000 - UTM 24S); Codificação: UTF-8
vw_PontosdeOnibus.fid-5b41923a_19c3ec54e70_1500,4607,POINT (-38.557819 -3.83045),911,"RUA 41 CJ JOSE WALTER, 570",-3.83045,-38.557819,ETUFOR,2022,EPSG: 31984 (SIRGAS 2000 - UTM 24S); Codificação: UTF-8
vw_PontosdeOnibus.fid-5b41923a_19c3ec54e70_1501,4608,POINT (-38.557628 -3.831425),912,"AVENIDA L CJ JOSE WALTER, 780",-3.831425,-38.557628,ETUFOR,2022,EPSG: 31984 (SIRGAS 2000 - UTM 24S); Codificação: UTF-8
vw_PontosdeOnibus.fid-5b41923a_19c3ec54e70_1502,4609,POINT (-38.55778 -3.831946),913,"AVENIDA L CJ JOSE WALTER, 821",-3.831946,-38.55778,ETUFOR,2022,EPSG: 31984 (SIRGAS 2000 - UTM 24S); Codificação: UTF-8
vw_PontosdeOnibus.fid-5b41923a_19c3ec54e70_1503,4610,POINT (-38.558253 -3.833549),914,"AVENIDA L CJ JOSE WALTER, 1021 A",-3.833549,-38.558253,ETUFOR,2022,EPSG: 31984 (SIRGAS 2000 - UTM 24S); Codificação: UTF-8
vw_PontosdeOnibus.fid-5b41923a_19c3ec54e70_1504,4611,POINT (-38.558272 -3.833615),915,"AVENIDA L CJ JOSE WALTER, 1020",-3.833615,-38.558272,ETUFOR,2022,EPSG: 31984 (SIRGAS 2000 - UTM 24S); Codificação: UTF-8
vw_PontosdeOnibus.fid-5b41923a_19c3ec54e70_1505,4612,POINT (-38.558994 -3.835971),916,"AVENIDA L CJ JOSE WALTER, 1271",-3.835971,-38.558994,ETUFOR,2022,EPSG: 31984 (SIRGAS 2000 - UTM 24S); Codificação: UTF-8
vw_PontosdeOnibus.fid-5b41923a_19c3ec54e70_1506,4613,POINT (-38.56079 -3.833768),917,"RUA JOAO ARAUJO LIMA, 1910",-3.833768,-38.56079,ETUFOR,2022,EPSG: 31984 (SIRGAS 2000 - UTM 24S); Codificação: UTF-8
vw_PontosdeOnibus.fid-5b41923a_19c3ec54e70_1507,4614,POINT (-38.560865 -3.833655),918,"RUA JOAO ARAUJO LIMA, 1944",-3.833655,-38.560865,ETUFOR,2022,EPSG: 31984 (SIRGAS 2000 - UTM 24S); Codificação: UTF-8
vw_PontosdeOnibus.fid-5b41923a_19c3ec54e70_1508,4615,POINT (-38.564723 -3.831402),919,"RUA ANTONIO BARBOSA, 1329",-3.831402,-38.564723,ETUFOR,2022,EPSG: 31984 (SIRGAS 2000 - UTM 24S); Codificação: UTF-8
vw_PontosdeOnibus.fid-5b41923a_19c3ec54e70_1509,4616,POINT (-38.556328 -3.709399),92,"RUA NOSSA SRA DAS GRACAS, 845",-3.709399,-38.556328,ETUFOR,2022,EPSG: 31984 (SIRGAS 2000 - UTM 24S); Codificação: UTF-8
vw_PontosdeOnibus.fid-5b41923a_19c3ec54e70_150a,4617,POINT (-38.565211 -3.832736),920,"RUA ANTONIO BARBOSA, 1471",-3.832736,-38.565211,ETUFOR,2022,EPSG: 31984 (SIRGAS 2000 - UTM 24S); Codificação: UTF-8
vw_PontosdeOnibus.fid-5b41923a_19c3ec54e70_150b,4618,POINT (-38.565635 -3.833956),921,"RUA ANTONIO BARBOSA, 1756",-3.833956,-38.565635,ETUFOR,2022,EPSG: 31984 (SIRGAS 2000 - UTM 24S); Codificação: UTF-8
vw_PontosdeOnibus.fid-5b41923a_19c3ec54e70_150c,4619,POINT (-38.565882 -3.834665),922,"RUA ANTONIO BARBOSA, 1765",-3.834665,-38.565882,ETUFOR,2022,EPSG: 31984 (SIRGAS 2000 - UTM 24S); Codificação: UTF-8
vw_PontosdeOnibus.fid-5b41923a_19c3ec54e70_150d,4620,POINT (-38.567071 -3.834356),923,"RUA CEL QUEIROZ, 552",-3.834356,-38.567071,ETUFOR,2022,EPSG: 31984 (SIRGAS 2000 - UTM 24S); Codificação: UTF-8
vw_PontosdeOnibus.fid-5b41923a_19c3ec54e70_150e,4621,POINT (-38.578253 -3.813305),924,"RUA 1 PARQUE SANTANA, 170",-3.813305,-38.578253,ETUFOR,2022,EPSG: 31984 (SIRGAS 2000 - UTM 24S); Codificação: UTF-8
vw_PontosdeOnibus.fid-5b41923a_19c3ec54e70_150f,4622,POINT (-38.566735 -3.720033),925,"AVENIDA DOR THEBERGE, 1742",-3.720033,-38.566735,ETUFOR,2022,EPSG: 31984 (SIRGAS 2000 - UTM 24S); Codificação: UTF-8
vw_PontosdeOnibus.fid-5b41923a_19c3ec54e70_1510,4623,POINT (-38.567455 -3.71996),926,"RUA ACUCENA, 82",-3.71996,-38.567455,ETUFOR,2022,EPSG: 31984 (SIRGAS 2000 - UTM 24S); Codificação: UTF-8
vw_PontosdeOnibus.fid-5b41923a_19c3ec54e70_1511,4624,POINT (-38.567391 -3.722199),927,"AVENIDA DOR THEBERGE, SN",-3.722199,-38.567391,ETUFOR,2022,EPSG: 31984 (SIRGAS 2000 - UTM 24S); Codificação: UTF-8
vw_PontosdeOnibus.fid-5b41923a_19c3ec54e70_1512,4625,POINT (-38.564616 -3.721418),929,"RUA VISCONDE DE ICÓ, 671",-3.721418,-38.564616,ETUFOR,2022,EPSG: 31984 (SIRGAS 2000 - UTM 24S); Codificação: UTF-8
vw_PontosdeOnibus.fid-5b41923a_19c3ec54e70_1513,4626,POINT (-38.556958 -3.709209),93,"RUA NOSSA SRA DAS GRACAS, 1012",-3.709209,-38.556958,ETUFOR,2022,EPSG: 31984 (SIRGAS 2000 - UTM 24S); Codificação: UTF-8
vw_PontosdeOnibus.fid-5b41923a_19c3ec54e70_1514,4627,POINT (-38.561879 -3.721151),930,"RUA CAP NESTOR GOIS, 150",-3.721151,-38.561879,ETUFOR,2022,EPSG: 31984 (SIRGAS 2000 - UTM 24S); Codificação: UTF-8
vw_PontosdeOnibus.fid-5b41923a_19c3ec54e70_1515,4628,POINT (-38.561896 -3.72109),931,"RUA CAP NESTOR GOIS, 140",-3.72109,-38.561896,ETUFOR,2022,EPSG: 31984 (SIRGAS 2000 - UTM 24S); Codificação: UTF-8
vw_PontosdeOnibus.fid-5b41923a_19c3ec54e70_1516,4629,POINT (-38.559209 -3.721147),934,"RUA BARÃO DO CRATO, 1125-A",-3.721147,-38.559209,ETUFOR,2022,EPSG: 31984 (SIRGAS 2000 - UTM 24S); Codificação: UTF-8
vw_PontosdeOnibus.fid-5b41923a_19c3ec54e70_1517,4630,POINT (-38.565842 -3.727344),936,"AVENIDA SGT HERMINIO, 2825",-3.727344,-38.565842,ETUFOR,2022,EPSG: 31984 (SIRGAS 2000 - UTM 24S); Codificação: UTF-8
vw_PontosdeOnibus.fid-5b41923a_19c3ec54e70_1518,4631,POINT (-38.567237 -3.727497),937,"AVENIDA SGT HERMINIO, SN",-3.727497,-38.567237,ETUFOR,2022,EPSG: 31984 (SIRGAS 2000 - UTM 24S); Codificação: UTF-8
vw_PontosdeOnibus.fid-5b41923a_19c3ec54e70_1519,4632,POINT (-38.565075 -3.7275),942,"RUA OLAVO BILAC, 780",-3.7275,-38.565075,ETUFOR,2022,EPSG: 31984 (SIRGAS 2000 - UTM 24S); Codificação: UTF-8
vw_PontosdeOnibus.fid-5b41923a_19c3ec54e70_151a,4633,POINT (-38.561151 -3.726486),943,"AVENIDA SGT HERMINIO, 2300",-3.726486,-38.561151,ETUFOR,2022,EPSG: 31984 (SIRGAS 2000 - UTM 24S); Codificação: UTF-8
vw_PontosdeOnibus.fid-5b41923a_19c3ec54e70_151b,4634,POINT (-38.561257 -3.726738),944,"RUA CEL MOZART GONDIM, 839",-3.726738,-38.561257,ETUFOR,2022,EPSG: 31984 (SIRGAS 2000 - UTM 24S); Codificação: UTF-8
vw_PontosdeOnibus.fid-5b41923a_19c3ec54e70_151c,4635,POINT (-38.562995 -3.726813),945,"AVENIDA SGT HERMINIO, 2505",-3.726813,-38.562995,ETUFOR,2022,EPSG: 31984 (SIRGAS 2000 - UTM 24S); Codificação: UTF-8
vw_PontosdeOnibus.fid-5b41923a_19c3ec54e70_151d,4636,POINT (-38.563642 -3.726927),947,"AVENIDA SGT HERMINIO, SN",-3.726927,-38.563642,ETUFOR,2022,EPSG: 31984 (SIRGAS 2000 - UTM 24S); Codificação: UTF-8
vw_PontosdeOnibus.fid-5b41923a_19c3ec54e70_151e,4637,POINT (-38.55884 -3.726073),950,"AVENIDA SGT HERMINIO, 2006",-3.726073,-38.55884,ETUFOR,2022,EPSG: 31984 (SIRGAS 2000 - UTM 24S); Codificação: UTF-8
vw_PontosdeOnibus.fid-5b41923a_19c3ec54e70_151f,4638,POINT (-38.559461 -3.726187),951,"AVENIDA SGT HERMINIO, 2046",-3.726187,-38.559461,ETUFOR,2022,EPSG: 31984 (SIRGAS 2000 - UTM 24S); Codificação: UTF-8
vw_PontosdeOnibus.fid-5b41923a_19c3ec54e70_1520,4639,POINT (-38.560674 -3.726403),952,"AVENIDA SGT HERMINIO, 2279",-3.726403,-38.560674,ETUFOR,2022,EPSG: 31984 (SIRGAS 2000 - UTM 24S); Codificação: UTF-8
vw_PontosdeOnibus.fid-5b41923a_19c3ec54e70_1521,4640,POINT (-38.55471 -3.721862),954,"RUA NAT FEIJO, 666",-3.721862,-38.55471,ETUFOR,2022,EPSG: 31984 (SIRGAS 2000 - UTM 24S); Codificação: UTF-8
vw_PontosdeOnibus.fid-5b41923a_19c3ec54e70_1522,4641,POINT (-38.556881 -3.721373),955,"RUA NAT FEIJO, 885",-3.721373,-38.556881,ETUFOR,2022,EPSG: 31984 (SIRGAS 2000 - UTM 24S); Codificação: UTF-8
vw_PontosdeOnibus.fid-5b41923a_19c3ec54e70_1523,4642,POINT (-38.551141 -3.719472),958,"AVENIDA FRANCISCO SA, 2834",-3.719472,-38.551141,ETUFOR,2022,EPSG: 31984 (SIRGAS 2000 - UTM 24S); Codificação: UTF-8
vw_PontosdeOnibus.fid-5b41923a_19c3ec54e70_1524,4643,POINT (-38.605897 -3.716044),96,"RUA L CJ VILA VELHA, 358",-3.716044,-38.605897,ETUFOR,2022,EPSG: 31984 (SIRGAS 2000 - UTM 24S); Codificação: UTF-8
vw_PontosdeOnibus.fid-5b41923a_19c3ec54e70_1525,4644,POINT (-38.549976 -3.72133),961,"RUA PDE ANCHIETA, 138",-3.72133,-38.549976,ETUFOR,2022,EPSG: 31984 (SIRGAS 2000 - UTM 24S); Codificação: UTF-8
vw_PontosdeOnibus.fid-5b41923a_19c3ec54e70_1526,4645,POINT (-38.54751 -3.720649),962,"AVENIDA FRANCISCO SA, 2410/20",-3.720649,-38.54751,ETUFOR,2022,EPSG: 31984 (SIRGAS 2000 - UTM 24S); Codificação: UTF-8
vw_PontosdeOnibus.fid-5b41923a_19c3ec54e70_1527,4646,POINT (-38.548149 -3.72044),963,"AVENIDA FRANCISCO SA, 2580",-3.72044,-38.548149,ETUFOR,2022,EPSG: 31984 (SIRGAS 2000 - UTM 24S); Codificação: UTF-8
vw_PontosdeOnibus.fid-5b41923a_19c3ec54e70_1528,4647,POINT (-38.549109 -3.720128),964,"AVENIDA FRANCISCO SA, 2670",-3.720128,-38.549109,ETUFOR,2022,EPSG: 31984 (SIRGAS 2000 - UTM 24S); Codificação: UTF-8
vw_PontosdeOnibus.fid-5b41923a_19c3ec54e70_1529,4648,POINT (-38.546788 -3.719586),966,"RUA JACINTO MATOS, 473",-3.719586,-38.546788,ETUFOR,2022,EPSG: 31984 (SIRGAS 2000 - UTM 24S); Codificação: UTF-8
vw_PontosdeOnibus.fid-5b41923a_19c3ec54e70_152a,4649,POINT (-38.555559 -3.725458),967,"AVENIDA SGT HERMINIO, 1631",-3.725458,-38.555559,ETUFOR,2022,EPSG: 31984 (SIRGAS 2000 - UTM 24S); Codificação: UTF-8
vw_PontosdeOnibus.fid-5b41923a_19c3ec54e70_152b,4650,POINT (-38.555092 -3.725373),968,"AVENIDA SGT HERMINIO, 1628",-3.725373,-38.555092,ETUFOR,2022,EPSG: 31984 (SIRGAS 2000 - UTM 24S); Codificação: UTF-8
vw_PontosdeOnibus.fid-5b41923a_19c3ec54e70_152c,4651,POINT (-38.550639 -3.723373),969,"RUA PDE ANCHIETA, 400",-3.723373,-38.550639,ETUFOR,2022,EPSG: 31984 (SIRGAS 2000 - UTM 24S); Codificação: UTF-8
vw_PontosdeOnibus.fid-5b41923a_19c3ec54e70_152d,4652,POINT (-38.601644 -3.716431),97,"RUA G CJ VILA VELHA, 18",-3.716431,-38.601644,ETUFOR,2022,EPSG: 31984 (SIRGAS 2000 - UTM 24S); Codificação: UTF-8
vw_PontosdeOnibus.fid-5b41923a_19c3ec54e70_152e,4653,POINT (-38.553558 -3.725101),970,"AVENIDA SGT HERMINIO, 1405",-3.725101,-38.553558,ETUFOR,2022,EPSG: 31984 (SIRGAS 2000 - UTM 24S); Codificação: UTF-8
vw_PontosdeOnibus.fid-5b41923a_19c3ec54e70_152f,4654,POINT (-38.5526 -3.724922),971,"AVENIDA SGT HERMINIO, 1346",-3.724922,-38.5526,ETUFOR,2022,EPSG: 31984 (SIRGAS 2000 - UTM 24S); Codificação: UTF-8
vw_PontosdeOnibus.fid-5b41923a_19c3ec54e70_1530,4655,POINT (-38.544981 -3.721463),976,"AVENIDA FRANCISCO SA, 2080",-3.721463,-38.544981,ETUFOR,2022,EPSG: 31984 (SIRGAS 2000 - UTM 24S); Codificação: UTF-8
vw_PontosdeOnibus.fid-5b41923a_19c3ec54e70_1531,4656,POINT (-38.544925 -3.721481),978,"AVENIDA FRANCISCO SA, 2164",-3.721481,-38.544925,ETUFOR,2022,EPSG: 31984 (SIRGAS 2000 - UTM 24S); Codificação: UTF-8
vw_PontosdeOnibus.fid-5b41923a_19c3ec54e70_1532,4657,POINT (-38.54145 -3.719718),979,"AVENIDA FILOMENO GOMES, SN",-3.719718,-38.54145,ETUFOR,2022,EPSG: 31984 (SIRGAS 2000 - UTM 24S); Codificação: UTF-8
vw_PontosdeOnibus.fid-5b41923a_19c3ec54e70_1533,4658,POINT (-38.605448 -3.715356),98,"RUA G CJ VILA VELHA, 256",-3.715356,-38.605448,ETUFOR,2022,EPSG: 31984 (SIRGAS 2000 - UTM 24S); Codificação: UTF-8
vw_PontosdeOnibus.fid-5b41923a_19c3ec54e70_1534,4659,POINT (-38.54146 -3.719647),980,"AVENIDA FILOMENO GOMES, SN",-3.719647,-38.54146,ETUFOR,2022,EPSG: 31984 (SIRGAS 2000 - UTM 24S); Codificação: UTF-8
vw_PontosdeOnibus.fid-5b41923a_19c3ec54e70_1535,4660,POINT (-38.541251 -3.721169),981,"AVENIDA FILOMENO GOMES, 704",-3.721169,-38.541251,ETUFOR,2022,EPSG: 31984 (SIRGAS 2000 - UTM 24S); Codificação: UTF-8
vw_PontosdeOnibus.fid-5b41923a_19c3ec54e70_1536,4661,POINT (-38.541731 -3.721365),982,"RUA SÃO PAULO, 673",-3.721365,-38.541731,ETUFOR,2022,EPSG: 31984 (SIRGAS 2000 - UTM 24S); Codificação: UTF-8
vw_PontosdeOnibus.fid-5b41923a_19c3ec54e70_1537,4662,POINT (-38.541098 -3.722325),983,"AVENIDA FILOMENO GOMES, 821",-3.722325,-38.541098,ETUFOR,2022,EPSG: 31984 (SIRGAS 2000 - UTM 24S); Codificação: UTF-8
vw_PontosdeOnibus.fid-5b41923a_19c3ec54e70_1538,4663,POINT (-38.541708 -3.722537),984,"AVENIDA FRANCISCO SA, 1801",-3.722537,-38.541708,ETUFOR,2022,EPSG: 31984 (SIRGAS 2000 - UTM 24S); Codificação: UTF-8
vw_PontosdeOnibus.fid-5b41923a_19c3ec54e70_1539,4664,POINT (-38.53618 -3.72126),985,"RUA PDE MORORO, 521",-3.72126,-38.53618,ETUFOR,2022,EPSG: 31984 (SIRGAS 2000 - UTM 24S); Codificação: UTF-8
vw_PontosdeOnibus.fid-5b41923a_19c3ec54e70_153a,4665,POINT (-38.538621 -3.72237),986,"RUA SAO PAULO, 1437",-3.72237,-38.538621,ETUFOR,2022,EPSG: 31984 (SIRGAS 2000 - UTM 24S); Codificação: UTF-8
vw_PontosdeOnibus.fid-5b41923a_19c3ec54e70_153b,4666,POINT (-38.540481 -3.726793),988,"AVENIDA PDE IBIAPINA, 1313",-3.726793,-38.540481,ETUFOR,2022,EPSG: 31984 (SIRGAS 2000 - UTM 24S); Codificação: UTF-8
vw_PontosdeOnibus.fid-5b41923a_19c3ec54e70_153c,4667,POINT (-38.540474 -3.726843),989,"AVENIDA PDE IBIAPINA, 1313",-3.726843,-38.540474,ETUFOR,2022,EPSG: 31984 (SIRGAS 2000 - UTM 24S); Codificação: UTF-8
vw_PontosdeOnibus.fid-5b41923a_19c3ec54e70_153d,4668,POINT (-38.539837 -3.723135),990,"RUA GUILHERME ROCHA, 1559",-3.723135,-38.539837,ETUFOR,2022,EPSG: 31984 (SIRGAS 2000 - UTM 24S); Codificação: UTF-8
vw_PontosdeOnibus.fid-5b41923a_19c3ec54e70_153e,4669,POINT (-38.542156 -3.724518),991,"RUA MON CARNEIRO DA CUNHA, 139",-3.724518,-38.542156,ETUFOR,2022,EPSG: 31984 (SIRGAS 2000 - UTM 24S); Codificação: UTF-8
vw_PontosdeOnibus.fid-5b41923a_19c3ec54e70_153f,4670,POINT (-38.538707 -3.726388),992,"RUA PEDRO PEREIRA, 1530",-3.726388,-38.538707,ETUFOR,2022,EPSG: 31984 (SIRGAS 2000 - UTM 24S); Codificação: UTF-8
vw_PontosdeOnibus.fid-5b41923a_19c3ec54e70_1540,4671,POINT (-38.531967 -3.719262),994,"AVENIDA PRS CASTELO BRANCO, S/N",-3.719262,-38.531967,ETUFOR,2022,EPSG: 31984 (SIRGAS 2000 - UTM 24S); Codificação: UTF-8
vw_PontosdeOnibus.fid-5b41923a_19c3ec54e70_1541,4672,POINT (-38.528643 -3.720936),999,"AVENIDA PRS CASTELO BRANCO, NI",-3.720936,-38.528643,ETUFOR,2022,EPSG: 31984 (SIRGAS 2000 - UTM 24S); Codificação: UTF-8
vw_PontosdeOnibus.fid-5b41923a_19c3ec54e70_1542,16,POINT (-38.52564552859565 -3.7258660949214204),1033,"RUA SENA MADUREIRA, 761",-3.725933,-38.525604,ETUFOR,2022,EPSG: 31984 (SIRGAS 2000 - UTM 24S); Codificação: UTF-8
